downloaded_at_utc,source_key,resource_key,url,local_path,sha256,size_bytes,license,filters,source_version,http_status,notes
2026-09-05T22:20:36+00:00,stj_precedentes_qualificados,temas_csv,https://dadosabertos.web.stj.jus.br/dataset/4238da2f-c07b-4c1a-b345-4402accacdcf/resource/df29da13-7d6b-41ba-ad96-cd1a5bbd191c/download/temas.csv,data/raw/stj_precedentes/temas.csv,01d844133e266f1309fb0076d5bf5241861ccc0f1719d06900506f3e15c3d0ac,2574800,CC-BY,none (full file),2026-09-03,200,
2026-09-05T22:20:37+00:00,stj_precedentes_qualificados,processos_csv,https://dadosabertos.web.stj.jus.br/dataset/4238da2f-c07b-4c1a-b345-4402accacdcf/resource/7ed21202-0049-4fcb-aa7c-48d810d3c499/download/processos.csv,data/raw/stj_precedentes/processos.csv,d98eea8211c56c08dea895dd67100c9dfb6d8a662295236e82835d56e731b031,1132665,CC-BY,none (full file),2026-09-03,200,
2026-09-05T22:20:38+00:00,stj_precedentes_qualificados,dicionario_temas,https://dadosabertos.web.stj.jus.br/dataset/4238da2f-c07b-4c1a-b345-4402accacdcf/resource/d5e50514-6dba-4f1e-8557-94f135eae03b/download/dicionario-temas.csv,data/raw/stj_precedentes/dicionario-temas.csv,d62c1b749f6cbc3dacb6ce3a66016736b2e0788b724ac5ab974f82f368efa5c5,4171,CC-BY,none (full file),2026-09-03,200,
2026-09-05T22:20:38+00:00,stj_precedentes_qualificados,dicionario_processos,https://dadosabertos.web.stj.jus.br/dataset/4238da2f-c07b-4c1a-b345-4402accacdcf/resource/162e58f0-01c1-4d91-94a4-664b4de81e79/download/dicionario-processos.csv,data/raw/stj_precedentes/dicionario-processos.csv,971f2511441aa149845513d468109046ed5d9aaad2b6ada052d5f4f388f461d8,4149,CC-BY,none (full file),2026-09-03,200,
2026-09-12T18:51:52+00:00,stj_integras_decisoes,metadados20230801.json,https://dadosabertos.web.stj.jus.br/dataset/a2cd85cc-1391-4ebc-aeed-a45dd75a7987/resource/997fafc7-3c51-4c62-a978-d1516ce6c57f/download/metadados20230801.json,data/raw/stj_integras/metadata/metadados20230801.json,ee4bb607020c23d7cb8b8c032823ce10f4c557ceb2c97d69f0a213f9e15fd942,537619,CC-BY,2023-08-01..2023-08-03,2023-08-01T19:35:50.078048,0,"copied from local mirror (STJ-Moral-Damages-Jurimetrics, CKAN download of 2026-09-07/08; sha256 verified against mirror CHECKSUMS)"
2026-09-12T18:51:52+00:00,stj_integras_decisoes,textos20230801.zip,https://dadosabertos.web.stj.jus.br/dataset/a2cd85cc-1391-4ebc-aeed-a45dd75a7987/resource/e2b9e97b-e965-4c0d-b02d-ecd49d7eb34f/download/20230801.zip,data/raw/stj_integras/texts/textos20230801.zip,e2b0893bd4ebaa9f1623088c6f124f93ece9e826cdb82a603944645952973491,3782321,CC-BY,2023-08-01..2023-08-03,2023-08-01T19:35:38.130403,0,"copied from local mirror (STJ-Moral-Damages-Jurimetrics, CKAN download of 2026-09-07/08; sha256 verified against mirror CHECKSUMS)"
2026-09-12T18:51:52+00:00,stj_integras_decisoes,metadados20230802.json,https://dadosabertos.web.stj.jus.br/dataset/a2cd85cc-1391-4ebc-aeed-a45dd75a7987/resource/a2384839-1f5e-4518-993e-a48f5646b62a/download/metadados20230802.json,data/raw/stj_integras/metadata/metadados20230802.json,29377be8dafa96ce74c0a12dc75ae33235c724891b444218e64ec33e65204287,1924393,CC-BY,2023-08-01..2023-08-03,2023-08-03T17:31:49.021492,0,"copied from local mirror (STJ-Moral-Damages-Jurimetrics, CKAN download of 2026-09-07/08; sha256 verified against mirror CHECKSUMS)"
2026-09-12T18:51:52+00:00,stj_integras_decisoes,textos20230802.zip,https://dadosabertos.web.stj.jus.br/dataset/a2cd85cc-1391-4ebc-aeed-a45dd75a7987/resource/9b92c366-26ff-4182-b604-f3998867ae64/download/20230802.zip,data/raw/stj_integras/texts/textos20230802.zip,4ad5ceaefb77b524088989dac63beb8960ad5536a9bf8b24ee2f09692fe75caf,395068,CC-BY,2023-08-01..2023-08-03,2023-08-03T17:31:37.242504,0,"copied from local mirror (STJ-Moral-Damages-Jurimetrics, CKAN download of 2026-09-07/08; sha256 verified against mirror CHECKSUMS)"
2026-09-12T18:51:52+00:00,stj_integras_decisoes,metadados20230803.json,https://dadosabertos.web.stj.jus.br/dataset/a2cd85cc-1391-4ebc-aeed-a45dd75a7987/resource/1d9a485b-adca-48ac-bcd2-4bfbec1b1b16/download/metadados20230803.json,data/raw/stj_integras/metadata/metadados20230803.json,c883d2285ca044130dc9ea6019ccd790acaa907d5ab3dbca875b25efd8a1d512,1581042,CC-BY,2023-08-01..2023-08-03,2023-08-03T17:32:12.442163,0,"copied from local mirror (STJ-Moral-Damages-Jurimetrics, CKAN download of 2026-09-07/08; sha256 verified against mirror CHECKSUMS)"
2026-09-12T18:51:52+00:00,stj_integras_decisoes,textos20230803.zip,https://dadosabertos.web.stj.jus.br/dataset/a2cd85cc-1391-4ebc-aeed-a45dd75a7987/resource/d3905a19-a8a0-431e-89bc-ad4bbf9f4b82/download/20230803.zip,data/raw/stj_integras/texts/textos20230803.zip,1eaf0e4259be494ec78fae3eb9dddf56e90f94d67e22565568c7e58aba265bff,13078896,CC-BY,2023-08-01..2023-08-03,2023-08-03T17:32:00.059630,0,"copied from local mirror (STJ-Moral-Damages-Jurimetrics, CKAN download of 2026-09-07/08; sha256 verified against mirror CHECKSUMS)"
2026-09-12T18:54:11+00:00,stj_integras_decisoes,metadados20230804.json,https://dadosabertos.web.stj.jus.br/dataset/a2cd85cc-1391-4ebc-aeed-a45dd75a7987/resource/f9824e48-20f1-40c9-9ff0-aaabb753b4b7/download/metadados20230804.json,data/raw/stj_integras/metadata/metadados20230804.json,e6b3843b9fef2056ccece178a8e2111e5996badad94ef96a86aeeecc95ea18da,741905,CC-BY,2023-08-04..2023-08-08,2023-08-09T18:47:08.496905,0,"copied from local mirror (STJ-Moral-Damages-Jurimetrics, CKAN download of 2026-09-07/08; sha256 verified against mirror CHECKSUMS)"
2026-09-12T18:54:11+00:00,stj_integras_decisoes,textos20230804.zip,https://dadosabertos.web.stj.jus.br/dataset/a2cd85cc-1391-4ebc-aeed-a45dd75a7987/resource/834e5a3e-9b72-47ba-a5dc-5ff2175fbbc7/download/20230804.zip,data/raw/stj_integras/texts/textos20230804.zip,ce072e4ba0c6544d0b030c775542ca4e639294404b13e24eb0704c84b8180cca,7273408,CC-BY,2023-08-04..2023-08-08,2023-08-09T18:46:48.604872,0,"copied from local mirror (STJ-Moral-Damages-Jurimetrics, CKAN download of 2026-09-07/08; sha256 verified against mirror CHECKSUMS)"
2026-09-12T18:54:11+00:00,stj_integras_decisoes,metadados20230807.json,https://dadosabertos.web.stj.jus.br/dataset/a2cd85cc-1391-4ebc-aeed-a45dd75a7987/resource/19099ab3-0034-4d98-a95d-0bb7e800666f/download/metadados20230807.json,data/raw/stj_integras/metadata/metadados20230807.json,c6c667414c2057938a8d2186295b578517c3d8319070cfba435a5e9e3256341d,897936,CC-BY,2023-08-04..2023-08-08,2023-08-09T18:47:41.368303,0,"copied from local mirror (STJ-Moral-Damages-Jurimetrics, CKAN download of 2026-09-07/08; sha256 verified against mirror CHECKSUMS)"
2026-09-12T18:54:11+00:00,stj_integras_decisoes,textos20230807.zip,https://dadosabertos.web.stj.jus.br/dataset/a2cd85cc-1391-4ebc-aeed-a45dd75a7987/resource/d7df2e04-a51d-4c6c-a50e-a8f4889beed9/download/20230807.zip,data/raw/stj_integras/texts/textos20230807.zip,13e638648c43cfb20bef0adb762d37d1b2689e6f70a330f114b902bd89afac3a,6635932,CC-BY,2023-08-04..2023-08-08,2023-08-09T18:47:22.805791,0,"copied from local mirror (STJ-Moral-Damages-Jurimetrics, CKAN download of 2026-09-07/08; sha256 verified against mirror CHECKSUMS)"
2026-09-12T18:54:11+00:00,stj_integras_decisoes,metadados20230808.json,https://dadosabertos.web.stj.jus.br/dataset/a2cd85cc-1391-4ebc-aeed-a45dd75a7987/resource/c761c096-d9ad-41ef-b5f4-07fb31cc2cdd/download/metadados20230808.json,data/raw/stj_integras/metadata/metadados20230808.json,17cca62048335dec8ee5a351839e58f15890a232c5e858d9e00154fcc06aef77,923002,CC-BY,2023-08-04..2023-08-08,2023-08-09T18:48:08.195364,0,"copied from local mirror (STJ-Moral-Damages-Jurimetrics, CKAN download of 2026-09-07/08; sha256 verified against mirror CHECKSUMS)"
2026-09-12T18:54:11+00:00,stj_integras_decisoes,textos20230808.zip,https://dadosabertos.web.stj.jus.br/dataset/a2cd85cc-1391-4ebc-aeed-a45dd75a7987/resource/8c7cb3b0-2d6b-4f80-92e0-a2d1d7a461e3/download/20230808.zip,data/raw/stj_integras/texts/textos20230808.zip,9933ea9020d3907d6665dc1f8db435ea10213644332911215e85c8227bd1dae6,7552541,CC-BY,2023-08-04..2023-08-08,2023-08-09T18:47:54.906166,0,"copied from local mirror (STJ-Moral-Damages-Jurimetrics, CKAN download of 2026-09-07/08; sha256 verified against mirror CHECKSUMS)"
2026-09-12T19:01:03+00:00,stj_integras_decisoes,metadados20220801.json,https://dadosabertos.web.stj.jus.br/dataset/a2cd85cc-1391-4ebc-aeed-a45dd75a7987/resource/b8dedffa-8600-4780-92e8-7cf8faafa11b/download/metadados20220801.json,data/raw/stj_integras/metadata/metadados20220801.json,5c7d89afa472094f8d199c7331b598e6e8c989f77a127b9e8a904275d8b86c77,1968473,CC-BY,2022-08-01..2024-08-31,2022-08-01T19:47:50.364962,0,"copied from local mirror (STJ-Moral-Damages-Jurimetrics, CKAN download of 2026-09-07/08; sha256 verified against mirror CHECKSUMS)"
2026-09-12T19:01:03+00:00,stj_integras_decisoes,textos20220801.zip,https://dadosabertos.web.stj.jus.br/dataset/a2cd85cc-1391-4ebc-aeed-a45dd75a7987/resource/dd15c5f6-a5bd-4533-be2e-cf3210894e0d/download/20220801.zip,data/raw/stj_integras/texts/textos20220801.zip,8c4720725fd1c6911ff89b8de325065ae2dcec4be3cf6f01475f729961521190,19648921,CC-BY,2022-08-01..2024-08-31,2022-08-01T19:47:38.219600,0,"copied from local mirror (STJ-Moral-Damages-Jurimetrics, CKAN download of 2026-09-07/08; sha256 verified against mirror CHECKSUMS)"
2026-09-12T19:01:03+00:00,stj_integras_decisoes,metadados20220802.json,https://dadosabertos.web.stj.jus.br/dataset/a2cd85cc-1391-4ebc-aeed-a45dd75a7987/resource/b71b58cc-cd01-4d01-8bcf-99fea5fa284b/download/metadados20220802.json,data/raw/stj_integras/metadata/metadados20220802.json,a8276a29594d91d6b5bfa800fba05d3ec7d51682e59abaf5082395f6bc00f296,2244407,CC-BY,2022-08-01..2024-08-31,2022-08-03T14:30:24.982949,0,"copied from local mirror (STJ-Moral-Damages-Jurimetrics, CKAN download of 2026-09-07/08; sha256 verified against mirror CHECKSUMS)"
2026-09-12T19:01:03+00:00,stj_integras_decisoes,textos20220802.zip,https://dadosabertos.web.stj.jus.br/dataset/a2cd85cc-1391-4ebc-aeed-a45dd75a7987/resource/8bc930a8-077e-4dc5-8949-7fecc35dcbd5/download/20220802.zip,data/raw/stj_integras/texts/textos20220802.zip,f17d980afe4bab97d543157b7139be82267402fba1c3a5a004164b1effd457b9,22171834,CC-BY,2022-08-01..2024-08-31,2022-08-03T14:30:04.018785,0,"copied from local mirror (STJ-Moral-Damages-Jurimetrics, CKAN download of 2026-09-07/08; sha256 verified against mirror CHECKSUMS)"
2026-09-12T19:01:03+00:00,stj_integras_decisoes,metadados20220803.json,https://dadosabertos.web.stj.jus.br/dataset/a2cd85cc-1391-4ebc-aeed-a45dd75a7987/resource/23cee44e-cb5a-4ac8-aeef-c89cb68bbcd6/download/metadados20220803.json,data/raw/stj_integras/metadata/metadados20220803.json,710a70977661ad49a04392cf7c896821602e86171fd84ea9cf8a371417f5b080,1933553,CC-BY,2022-08-01..2024-08-31,2022-08-03T20:21:17.109162,0,"copied from local mirror (STJ-Moral-Damages-Jurimetrics, CKAN download of 2026-09-07/08; sha256 verified against mirror CHECKSUMS)"
2026-09-12T19:01:03+00:00,stj_integras_decisoes,textos20220803.zip,https://dadosabertos.web.stj.jus.br/dataset/a2cd85cc-1391-4ebc-aeed-a45dd75a7987/resource/3e5a781c-e630-4145-8319-162da6747d3b/download/20220803.zip,data/raw/stj_integras/texts/textos20220803.zip,1ce9a6677956a3fc4a704ebdaf717b7dec57a0a0bfee7d7cd0e78bed43f473de,15814275,CC-BY,2022-08-01..2024-08-31,2022-08-03T20:21:06.977672,0,"copied from local mirror (STJ-Moral-Damages-Jurimetrics, CKAN download of 2026-09-07/08; sha256 verified against mirror CHECKSUMS)"
2026-09-12T19:01:03+00:00,stj_integras_decisoes,metadados20220804.json,https://dadosabertos.web.stj.jus.br/dataset/a2cd85cc-1391-4ebc-aeed-a45dd75a7987/resource/19513b41-611a-42ff-a5c2-8a5b1d15eba8/download/metadados20220804.json,data/raw/stj_integras/metadata/metadados20220804.json,7e65ae1e9eb81b8be2debcea8780db863d6ff1d221cbecdaf5dbb1ccd1ac8a3d,3125450,CC-BY,2022-08-01..2024-08-31,2022-08-04T20:36:36.489464,0,"copied from local mirror (STJ-Moral-Damages-Jurimetrics, CKAN download of 2026-09-07/08; sha256 verified against mirror CHECKSUMS)"
2026-09-12T19:01:03+00:00,stj_integras_decisoes,textos20220804.zip,https://dadosabertos.web.stj.jus.br/dataset/a2cd85cc-1391-4ebc-aeed-a45dd75a7987/resource/db0c5df5-4222-494b-8e1e-899fba2c1d28/download/20220804.zip,data/raw/stj_integras/texts/textos20220804.zip,42de1f1f2aba2888f58542216468494f6d630ddeb1c4bcecab56aefe2cf9e540,16424849,CC-BY,2022-08-01..2024-08-31,2022-08-04T20:36:21.844760,0,"copied from local mirror (STJ-Moral-Damages-Jurimetrics, CKAN download of 2026-09-07/08; sha256 verified against mirror CHECKSUMS)"
2026-09-12T19:01:03+00:00,stj_integras_decisoes,metadados20220805.json,https://dadosabertos.web.stj.jus.br/dataset/a2cd85cc-1391-4ebc-aeed-a45dd75a7987/resource/45b0acf3-cfad-47de-aba0-357eeb7eaf09/download/metadados20220805.json,data/raw/stj_integras/metadata/metadados20220805.json,fd1c5f268b76d737ca8b9a6bceb4a00c4b0e449b41bf43fe8d7429c9b087a4dd,1951466,CC-BY,2022-08-01..2024-08-31,2022-08-08T11:39:47.200717,0,"copied from local mirror (STJ-Moral-Damages-Jurimetrics, CKAN download of 2026-09-07/08; sha256 verified against mirror CHECKSUMS)"
2026-09-12T19:01:03+00:00,stj_integras_decisoes,textos20220805.zip,https://dadosabertos.web.stj.jus.br/dataset/a2cd85cc-1391-4ebc-aeed-a45dd75a7987/resource/2b9b7b11-3595-4df2-ab62-343f0750e966/download/20220805.zip,data/raw/stj_integras/texts/textos20220805.zip,3cd882a9c8be041c31d57bd20a32ff843728fc968825156a2c6105091b29a96f,14310668,CC-BY,2022-08-01..2024-08-31,2022-08-08T11:39:29.822587,0,"copied from local mirror (STJ-Moral-Damages-Jurimetrics, CKAN download of 2026-09-07/08; sha256 verified against mirror CHECKSUMS)"
2026-09-12T19:01:03+00:00,stj_integras_decisoes,metadados20220808.json,https://dadosabertos.web.stj.jus.br/dataset/a2cd85cc-1391-4ebc-aeed-a45dd75a7987/resource/4a0823c4-6c5a-4218-9651-77b183a2cea5/download/metadados20220808.json,data/raw/stj_integras/metadata/metadados20220808.json,daf1c33e21c80add123bc7aac819faea85c4382c647314bab2c4cc978de58c71,1369385,CC-BY,2022-08-01..2024-08-31,2022-08-08T18:42:21.771077,0,"copied from local mirror (STJ-Moral-Damages-Jurimetrics, CKAN download of 2026-09-07/08; sha256 verified against mirror CHECKSUMS)"
2026-09-12T19:01:03+00:00,stj_integras_decisoes,textos20220808.zip,https://dadosabertos.web.stj.jus.br/dataset/a2cd85cc-1391-4ebc-aeed-a45dd75a7987/resource/698c98a9-84e0-46c9-90c1-6210b2cd361f/download/20220808.zip,data/raw/stj_integras/texts/textos20220808.zip,c4c0ef132388a03e3251816fbf9a699b3c207e8a6305f9764aab2fc2e82ffc21,9950843,CC-BY,2022-08-01..2024-08-31,2022-08-08T18:42:07.685149,0,"copied from local mirror (STJ-Moral-Damages-Jurimetrics, CKAN download of 2026-09-07/08; sha256 verified against mirror CHECKSUMS)"
2026-09-12T19:01:03+00:00,stj_integras_decisoes,metadados20220809.json,https://dadosabertos.web.stj.jus.br/dataset/a2cd85cc-1391-4ebc-aeed-a45dd75a7987/resource/54859d9b-99fa-45ce-a946-71612daa9d2f/download/metadados20220809.json,data/raw/stj_integras/metadata/metadados20220809.json,87d5205b6172047c2adf91edd1711e52680ea4242a9e7261e17c9c7a6863a051,914867,CC-BY,2022-08-01..2024-08-31,2022-08-09T19:05:23.570551,0,"copied from local mirror (STJ-Moral-Damages-Jurimetrics, CKAN download of 2026-09-07/08; sha256 verified against mirror CHECKSUMS)"
2026-09-12T19:01:03+00:00,stj_integras_decisoes,textos20220809.zip,https://dadosabertos.web.stj.jus.br/dataset/a2cd85cc-1391-4ebc-aeed-a45dd75a7987/resource/7035ad16-11cb-4c84-aef0-863bf2b09c9c/download/20220809.zip,data/raw/stj_integras/texts/textos20220809.zip,536b20eb40592061f72672ef7a3a6f10721aa0e905478cf2cd6f2d4758cb1f09,7447786,CC-BY,2022-08-01..2024-08-31,2022-08-09T19:05:08.980658,0,"copied from local mirror (STJ-Moral-Damages-Jurimetrics, CKAN download of 2026-09-07/08; sha256 verified against mirror CHECKSUMS)"
2026-09-12T19:01:03+00:00,stj_integras_decisoes,metadados20220810.json,https://dadosabertos.web.stj.jus.br/dataset/a2cd85cc-1391-4ebc-aeed-a45dd75a7987/resource/a26d1e8b-d2cc-4f99-9e18-5714f0f41cd2/download/metadados20220810.json,data/raw/stj_integras/metadata/metadados20220810.json,7947515adff2f0e8d840b0b3e5ac1b25f1d5ac2645b3a0ebd87a6516f09ce567,1652114,CC-BY,2022-08-01..2024-08-31,2022-08-10T18:06:00.757304,0,"copied from local mirror (STJ-Moral-Damages-Jurimetrics, CKAN download of 2026-09-07/08; sha256 verified against mirror CHECKSUMS)"
2026-09-12T19:01:03+00:00,stj_integras_decisoes,textos20220810.zip,https://dadosabertos.web.stj.jus.br/dataset/a2cd85cc-1391-4ebc-aeed-a45dd75a7987/resource/9b4f1a84-be35-4e2a-b3d1-b2909ebbc78e/download/20220810.zip,data/raw/stj_integras/texts/textos20220810.zip,3c0125eb759653b44d0301c2c9892e60338a7e5606f5402be2af5c198e4b5819,13263937,CC-BY,2022-08-01..2024-08-31,2022-08-10T18:05:28.455189,0,"copied from local mirror (STJ-Moral-Damages-Jurimetrics, CKAN download of 2026-09-07/08; sha256 verified against mirror CHECKSUMS)"
2026-09-12T19:01:03+00:00,stj_integras_decisoes,metadados20220812.json,https://dadosabertos.web.stj.jus.br/dataset/a2cd85cc-1391-4ebc-aeed-a45dd75a7987/resource/32193d2d-da1a-4d59-bfdf-a460e98e060a/download/metadados20220812.json,data/raw/stj_integras/metadata/metadados20220812.json,4db7e543789db1f1f61447a0994ad2c51b6d0607cbb0998cafb511ba8383592f,1335011,CC-BY,2022-08-01..2024-08-31,2022-08-12T20:32:44.060735,0,"copied from local mirror (STJ-Moral-Damages-Jurimetrics, CKAN download of 2026-09-07/08; sha256 verified against mirror CHECKSUMS)"
2026-09-12T19:01:03+00:00,stj_integras_decisoes,textos20220812.zip,https://dadosabertos.web.stj.jus.br/dataset/a2cd85cc-1391-4ebc-aeed-a45dd75a7987/resource/b712a013-3eb7-4c68-947f-ef6ca865a0bf/download/20220812.zip,data/raw/stj_integras/texts/textos20220812.zip,50ad8f854a2dac14e4551809bb86af1c7abcb8b5c59e3162736dc009036fd4aa,12187831,CC-BY,2022-08-01..2024-08-31,2022-08-12T20:32:30.655027,0,"copied from local mirror (STJ-Moral-Damages-Jurimetrics, CKAN download of 2026-09-07/08; sha256 verified against mirror CHECKSUMS)"
2026-09-12T19:01:03+00:00,stj_integras_decisoes,metadados20220815.json,https://dadosabertos.web.stj.jus.br/dataset/a2cd85cc-1391-4ebc-aeed-a45dd75a7987/resource/e9035d58-abe4-407f-a27d-134f09f26209/download/metadados20220815.json,data/raw/stj_integras/metadata/metadados20220815.json,f85587090aa76a6ffd4eaae0bcf30f3772074fac009eea2605381ae3b0cd0320,2085020,CC-BY,2022-08-01..2024-08-31,2022-08-16T19:27:19.850745,0,"copied from local mirror (STJ-Moral-Damages-Jurimetrics, CKAN download of 2026-09-07/08; sha256 verified against mirror CHECKSUMS)"
2026-09-12T19:01:03+00:00,stj_integras_decisoes,textos20220815.zip,https://dadosabertos.web.stj.jus.br/dataset/a2cd85cc-1391-4ebc-aeed-a45dd75a7987/resource/378a82ab-de38-45ce-b0aa-93de5f0b13b9/download/20220815.zip,data/raw/stj_integras/texts/textos20220815.zip,c65a96c9f0903638514f9ed14e6f9632b23e07ff2bf0d299c2328a6e5a95241e,18488058,CC-BY,2022-08-01..2024-08-31,2022-08-16T19:27:05.492132,0,"copied from local mirror (STJ-Moral-Damages-Jurimetrics, CKAN download of 2026-09-07/08; sha256 verified against mirror CHECKSUMS)"
2026-09-12T19:01:03+00:00,stj_integras_decisoes,metadados20220816.json,https://dadosabertos.web.stj.jus.br/dataset/a2cd85cc-1391-4ebc-aeed-a45dd75a7987/resource/19219e7f-d2d5-496d-9f00-e89aa54a12d1/download/metadados20220816.json,data/raw/stj_integras/metadata/metadados20220816.json,73888d90dd11cfdd6493e312e35a86e9baf40de32e4c4c645dc2791b48b4e150,1303886,CC-BY,2022-08-01..2024-08-31,2022-08-16T19:33:29.520941,0,"copied from local mirror (STJ-Moral-Damages-Jurimetrics, CKAN download of 2026-09-07/08; sha256 verified against mirror CHECKSUMS)"
2026-09-12T19:01:03+00:00,stj_integras_decisoes,textos20220816.zip,https://dadosabertos.web.stj.jus.br/dataset/a2cd85cc-1391-4ebc-aeed-a45dd75a7987/resource/73af9178-a63c-4679-8cbe-d2eb79b9346d/download/20220816.zip,data/raw/stj_integras/texts/textos20220816.zip,96cda6616e840860e6cab31105b5913790287d6aa26c3a3e30100d85a9a0ee4b,11700617,CC-BY,2022-08-01..2024-08-31,2022-08-16T19:33:15.058393,0,"copied from local mirror (STJ-Moral-Damages-Jurimetrics, CKAN download of 2026-09-07/08; sha256 verified against mirror CHECKSUMS)"
2026-09-12T19:01:03+00:00,stj_integras_decisoes,metadados20220817.json,https://dadosabertos.web.stj.jus.br/dataset/a2cd85cc-1391-4ebc-aeed-a45dd75a7987/resource/2cb5867a-ef1c-46a4-95fc-e8d43ae822ce/download/metadados20220817.json,data/raw/stj_integras/metadata/metadados20220817.json,13ee17de43b343f0a9af4b1b52cdf33437750034d5734baf27d3c9b6ff435aaa,1159010,CC-BY,2022-08-01..2024-08-31,2022-08-17T17:59:14.737813,0,"copied from local mirror (STJ-Moral-Damages-Jurimetrics, CKAN download of 2026-09-07/08; sha256 verified against mirror CHECKSUMS)"
2026-09-12T19:01:03+00:00,stj_integras_decisoes,textos20220817.zip,https://dadosabertos.web.stj.jus.br/dataset/a2cd85cc-1391-4ebc-aeed-a45dd75a7987/resource/4a832a32-6dec-4348-9f00-a182c5cf025f/download/20220817.zip,data/raw/stj_integras/texts/textos20220817.zip,f7d099a0feb05b1bcc56a354601207f794acb83c3edc33aa3d18026547518e96,9695880,CC-BY,2022-08-01..2024-08-31,2022-08-17T17:59:04.066517,0,"copied from local mirror (STJ-Moral-Damages-Jurimetrics, CKAN download of 2026-09-07/08; sha256 verified against mirror CHECKSUMS)"
2026-09-12T19:01:03+00:00,stj_integras_decisoes,metadados20220818.json,https://dadosabertos.web.stj.jus.br/dataset/a2cd85cc-1391-4ebc-aeed-a45dd75a7987/resource/6f45c34b-a725-4d35-93f8-42a03ae55cdf/download/___,data/raw/stj_integras/metadata/metadados20220818.json,c7896ca92e9c7e778de9c8eabb8bdcd7b3bf1a8fbc229293260f6fcd3c0b9735,1826791,CC-BY,2022-08-01..2024-08-31,2022-08-22T17:34:29.284836,0,"copied from local mirror (STJ-Moral-Damages-Jurimetrics, CKAN download of 2026-09-07/08; sha256 verified against mirror CHECKSUMS)"
2026-09-12T19:01:03+00:00,stj_integras_decisoes,textos20220818.zip,https://dadosabertos.web.stj.jus.br/dataset/a2cd85cc-1391-4ebc-aeed-a45dd75a7987/resource/e8ab0d86-3a21-4176-bb00-b0e75e1f1db1/download/20220818.zip,data/raw/stj_integras/texts/textos20220818.zip,60266f7549d86fbeb3a40f74b65401d61cc2204aa62c3c90092eb1a78bf150bd,17915643,CC-BY,2022-08-01..2024-08-31,2022-08-22T17:33:51.914170,0,"copied from local mirror (STJ-Moral-Damages-Jurimetrics, CKAN download of 2026-09-07/08; sha256 verified against mirror CHECKSUMS)"
2026-09-12T19:01:03+00:00,stj_integras_decisoes,metadados20220819.json,https://dadosabertos.web.stj.jus.br/dataset/a2cd85cc-1391-4ebc-aeed-a45dd75a7987/resource/038901fd-dddf-4332-a574-945d0f469b9d/download/metadados20220819.json,data/raw/stj_integras/metadata/metadados20220819.json,98159a382534c196e65bd6066c980ff3c71e478c447706efc691266b15bec82a,1139412,CC-BY,2022-08-01..2024-08-31,2022-08-22T17:43:59.718511,0,"copied from local mirror (STJ-Moral-Damages-Jurimetrics, CKAN download of 2026-09-07/08; sha256 verified against mirror CHECKSUMS)"
2026-09-12T19:01:03+00:00,stj_integras_decisoes,textos20220819.zip,https://dadosabertos.web.stj.jus.br/dataset/a2cd85cc-1391-4ebc-aeed-a45dd75a7987/resource/259a7655-e032-438e-9547-a1e2218e2668/download/20220819.zip,data/raw/stj_integras/texts/textos20220819.zip,10df28b1d43423c18f787642ce468569ec4de350335661583a681e8e51ad6764,10890123,CC-BY,2022-08-01..2024-08-31,2022-08-22T17:43:43.361799,0,"copied from local mirror (STJ-Moral-Damages-Jurimetrics, CKAN download of 2026-09-07/08; sha256 verified against mirror CHECKSUMS)"
2026-09-12T19:01:03+00:00,stj_integras_decisoes,metadados20220822.json,https://dadosabertos.web.stj.jus.br/dataset/a2cd85cc-1391-4ebc-aeed-a45dd75a7987/resource/580b72de-cb3a-4904-a447-b796252218ab/download/metadados20220822.json,data/raw/stj_integras/metadata/metadados20220822.json,97b31b25af32e0751574fc9f6cc1600c1b2510db72e37e30a256f0845db5bbc1,1744745,CC-BY,2022-08-01..2024-08-31,2022-08-22T17:59:39.749345,0,"copied from local mirror (STJ-Moral-Damages-Jurimetrics, CKAN download of 2026-09-07/08; sha256 verified against mirror CHECKSUMS)"
2026-09-12T19:01:03+00:00,stj_integras_decisoes,textos20220822.zip,https://dadosabertos.web.stj.jus.br/dataset/a2cd85cc-1391-4ebc-aeed-a45dd75a7987/resource/c08c9155-4c9c-45f3-a196-dec8fc6d3985/download/20220822.zip,data/raw/stj_integras/texts/textos20220822.zip,e9ab99702557cb692d570fd527a9394c911ea72b503bdbfd7e2789a37f724f77,14102218,CC-BY,2022-08-01..2024-08-31,2022-08-22T17:59:27.534453,0,"copied from local mirror (STJ-Moral-Damages-Jurimetrics, CKAN download of 2026-09-07/08; sha256 verified against mirror CHECKSUMS)"
2026-09-12T19:01:03+00:00,stj_integras_decisoes,metadados20220823.json,https://dadosabertos.web.stj.jus.br/dataset/a2cd85cc-1391-4ebc-aeed-a45dd75a7987/resource/528bfd40-8187-4f7c-ad7e-f41608773cdb/download/metadados20220823.json,data/raw/stj_integras/metadata/metadados20220823.json,a2964c29ba39d204e3567203936c581d9fd6dc67fa9484845fd03d5ecb5b64ea,1589939,CC-BY,2022-08-01..2024-08-31,2022-08-23T17:07:24.252296,0,"copied from local mirror (STJ-Moral-Damages-Jurimetrics, CKAN download of 2026-09-07/08; sha256 verified against mirror CHECKSUMS)"
2026-09-12T19:01:03+00:00,stj_integras_decisoes,textos20220823.zip,https://dadosabertos.web.stj.jus.br/dataset/a2cd85cc-1391-4ebc-aeed-a45dd75a7987/resource/4f6b2a58-c9aa-4af4-8f6b-68076d98be04/download/20220823.zip,data/raw/stj_integras/texts/textos20220823.zip,f3820ed971cd5bbfbef7135eba24655c48ba9d49b7202d687acc709e160858e0,13825892,CC-BY,2022-08-01..2024-08-31,2022-08-23T17:07:04.276911,0,"copied from local mirror (STJ-Moral-Damages-Jurimetrics, CKAN download of 2026-09-07/08; sha256 verified against mirror CHECKSUMS)"
2026-09-12T19:01:03+00:00,stj_integras_decisoes,metadados20220824.json,https://dadosabertos.web.stj.jus.br/dataset/a2cd85cc-1391-4ebc-aeed-a45dd75a7987/resource/5e6c756b-2a7f-4f99-b439-22d0121f3fcf/download/metadados20220824.json,data/raw/stj_integras/metadata/metadados20220824.json,b73441e6a51c7ef870647d0c050f002248f558271c7d394524fea7ff6ab3eef2,750332,CC-BY,2022-08-01..2024-08-31,2022-08-24T17:39:47.089608,0,"copied from local mirror (STJ-Moral-Damages-Jurimetrics, CKAN download of 2026-09-07/08; sha256 verified against mirror CHECKSUMS)"
2026-09-12T19:01:03+00:00,stj_integras_decisoes,textos20220824.zip,https://dadosabertos.web.stj.jus.br/dataset/a2cd85cc-1391-4ebc-aeed-a45dd75a7987/resource/a6d7bd0c-cefe-44d5-84b1-937e84892137/download/20220824.zip,data/raw/stj_integras/texts/textos20220824.zip,bfefd7e99a978afb474573c872aa9257d457e1756a1f5985e97ea15d5226c76d,6580486,CC-BY,2022-08-01..2024-08-31,2022-08-24T17:39:36.454210,0,"copied from local mirror (STJ-Moral-Damages-Jurimetrics, CKAN download of 2026-09-07/08; sha256 verified against mirror CHECKSUMS)"
2026-09-12T19:01:03+00:00,stj_integras_decisoes,metadados20220825.json,https://dadosabertos.web.stj.jus.br/dataset/a2cd85cc-1391-4ebc-aeed-a45dd75a7987/resource/b257fff8-a514-47db-bb9d-2a6af7419554/download/metadados20220825.json,data/raw/stj_integras/metadata/metadados20220825.json,b415cb8b137490a4e33b8ff475caecc4494cac2ecf6bc307e7c7503cf41ff5f4,957331,CC-BY,2022-08-01..2024-08-31,2022-08-25T17:12:46.085938,0,"copied from local mirror (STJ-Moral-Damages-Jurimetrics, CKAN download of 2026-09-07/08; sha256 verified against mirror CHECKSUMS)"
2026-09-12T19:01:03+00:00,stj_integras_decisoes,textos20220825.zip,https://dadosabertos.web.stj.jus.br/dataset/a2cd85cc-1391-4ebc-aeed-a45dd75a7987/resource/f055f5a7-44ae-4c3d-8c7e-faf948ebc5b6/download/20220825.zip,data/raw/stj_integras/texts/textos20220825.zip,5f0cd717a3d131dbbdaf2a0a39ce7f05cf3fdfea41bac64a398d5ac5a0fa1d74,9791222,CC-BY,2022-08-01..2024-08-31,2022-08-25T17:12:35.125418,0,"copied from local mirror (STJ-Moral-Damages-Jurimetrics, CKAN download of 2026-09-07/08; sha256 verified against mirror CHECKSUMS)"
2026-09-12T19:01:03+00:00,stj_integras_decisoes,metadados20220826.json,https://dadosabertos.web.stj.jus.br/dataset/a2cd85cc-1391-4ebc-aeed-a45dd75a7987/resource/c3951472-51d6-45b2-bd58-9a58e92953ac/download/metadados20220826.json,data/raw/stj_integras/metadata/metadados20220826.json,9e0148a88540424f4ddf8620a2fe29dd9d6b20b3bfb134877e5bf8e7da163101,1332792,CC-BY,2022-08-01..2024-08-31,2022-08-26T19:19:36.698094,0,"copied from local mirror (STJ-Moral-Damages-Jurimetrics, CKAN download of 2026-09-07/08; sha256 verified against mirror CHECKSUMS)"
2026-09-12T19:01:03+00:00,stj_integras_decisoes,textos20220826.zip,https://dadosabertos.web.stj.jus.br/dataset/a2cd85cc-1391-4ebc-aeed-a45dd75a7987/resource/d068f404-5557-4f4c-b79e-8ebe0c624244/download/20220826.zip,data/raw/stj_integras/texts/textos20220826.zip,918210c99149b23c5d616f23319a3d7828d0f73faed7ddca4c0dccfc71856fd5,13871485,CC-BY,2022-08-01..2024-08-31,2022-08-26T19:19:24.332973,0,"copied from local mirror (STJ-Moral-Damages-Jurimetrics, CKAN download of 2026-09-07/08; sha256 verified against mirror CHECKSUMS)"
2026-09-12T19:01:03+00:00,stj_integras_decisoes,metadados20220829.json,https://dadosabertos.web.stj.jus.br/dataset/a2cd85cc-1391-4ebc-aeed-a45dd75a7987/resource/6e7a53a6-e153-4a4d-b49f-d97f639e59ba/download/metadados20220829.json,data/raw/stj_integras/metadata/metadados20220829.json,6270b5462dcff7dfd1cdec8885a0f38fb488aedafd836d6a2cd95425cf5b2acf,704852,CC-BY,2022-08-01..2024-08-31,2022-08-29T18:53:15.451560,0,"copied from local mirror (STJ-Moral-Damages-Jurimetrics, CKAN download of 2026-09-07/08; sha256 verified against mirror CHECKSUMS)"
2026-09-12T19:01:03+00:00,stj_integras_decisoes,textos20220829.zip,https://dadosabertos.web.stj.jus.br/dataset/a2cd85cc-1391-4ebc-aeed-a45dd75a7987/resource/d47382bc-1971-47e1-8059-ac61e6e99301/download/20220829.zip,data/raw/stj_integras/texts/textos20220829.zip,8f7b719a3d4c9dbab0e8bde25d7aa9ce5c9bab044f5f48e95a0992045ec565e8,8613839,CC-BY,2022-08-01..2024-08-31,2022-08-29T18:53:05.467561,0,"copied from local mirror (STJ-Moral-Damages-Jurimetrics, CKAN download of 2026-09-07/08; sha256 verified against mirror CHECKSUMS)"
2026-09-12T19:01:03+00:00,stj_integras_decisoes,metadados20220830.json,https://dadosabertos.web.stj.jus.br/dataset/a2cd85cc-1391-4ebc-aeed-a45dd75a7987/resource/5442a0d4-436f-46d8-b719-7013399e9e43/download/metadados20220830.json,data/raw/stj_integras/metadata/metadados20220830.json,19fb35a8a01d0309fc6247504c9709328b8ca2d159a5445ee3c65caee609ad29,1463505,CC-BY,2022-08-01..2024-08-31,2022-08-30T22:24:30.973250,0,"copied from local mirror (STJ-Moral-Damages-Jurimetrics, CKAN download of 2026-09-07/08; sha256 verified against mirror CHECKSUMS)"
2026-09-12T19:01:03+00:00,stj_integras_decisoes,textos20220830.zip,https://dadosabertos.web.stj.jus.br/dataset/a2cd85cc-1391-4ebc-aeed-a45dd75a7987/resource/a86e682e-89bd-4a2c-a103-3a64a957ea75/download/20220830.zip,data/raw/stj_integras/texts/textos20220830.zip,2336a016228debb6fd11268ac1bcfc3ca6d52ef8312d9a566210ecc5e514ee98,14928378,CC-BY,2022-08-01..2024-08-31,2022-08-30T22:24:09.218380,0,"copied from local mirror (STJ-Moral-Damages-Jurimetrics, CKAN download of 2026-09-07/08; sha256 verified against mirror CHECKSUMS)"
2026-09-12T19:01:03+00:00,stj_integras_decisoes,metadados20220831.json,https://dadosabertos.web.stj.jus.br/dataset/a2cd85cc-1391-4ebc-aeed-a45dd75a7987/resource/2a56222f-8f10-4ff6-be8b-6315c8d5f4ac/download/metadados20220831.json,data/raw/stj_integras/metadata/metadados20220831.json,dfc6e10479180862413ef1588572cff66d5cf84e54d70dd594dd1a9885b3e20a,1610038,CC-BY,2022-08-01..2024-08-31,2022-08-31T19:51:00.650071,0,"copied from local mirror (STJ-Moral-Damages-Jurimetrics, CKAN download of 2026-09-07/08; sha256 verified against mirror CHECKSUMS)"
2026-09-12T19:01:03+00:00,stj_integras_decisoes,textos20220831.zip,https://dadosabertos.web.stj.jus.br/dataset/a2cd85cc-1391-4ebc-aeed-a45dd75a7987/resource/533a8659-d15c-4d44-8d56-4a1f6e9428a2/download/20220831.zip,data/raw/stj_integras/texts/textos20220831.zip,f14e45ada306328c4906705c676be3c7fe7bd081dcb1e4fd09166f35e0ad3153,16215333,CC-BY,2022-08-01..2024-08-31,2022-08-31T19:50:39.029930,0,"copied from local mirror (STJ-Moral-Damages-Jurimetrics, CKAN download of 2026-09-07/08; sha256 verified against mirror CHECKSUMS)"
2026-09-12T19:01:03+00:00,stj_integras_decisoes,metadados20220901.json,https://dadosabertos.web.stj.jus.br/dataset/a2cd85cc-1391-4ebc-aeed-a45dd75a7987/resource/5dbba30b-e6b6-43a6-aa72-11657391e0d6/download/metadados20220901.json,data/raw/stj_integras/metadata/metadados20220901.json,f6c3241841d2216605546a7829fb7c6902b654fb5c83d5769c82fc0532725d72,1741108,CC-BY,2022-08-01..2024-08-31,2022-09-06T01:14:03.234859,0,"copied from local mirror (STJ-Moral-Damages-Jurimetrics, CKAN download of 2026-09-07/08; sha256 verified against mirror CHECKSUMS)"
2026-09-12T19:01:03+00:00,stj_integras_decisoes,textos20220901.zip,https://dadosabertos.web.stj.jus.br/dataset/a2cd85cc-1391-4ebc-aeed-a45dd75a7987/resource/1e4c5883-540e-48d6-8278-e39b70ff9b96/download/20220901.zip,data/raw/stj_integras/texts/textos20220901.zip,5dda38bb694fa8a17166b61b5d96657d441295723dda5d70e47fd69bf2d387e8,15574373,CC-BY,2022-08-01..2024-08-31,2022-09-06T01:13:45.753735,0,"copied from local mirror (STJ-Moral-Damages-Jurimetrics, CKAN download of 2026-09-07/08; sha256 verified against mirror CHECKSUMS)"
2026-09-12T19:01:03+00:00,stj_integras_decisoes,metadados20220902.json,https://dadosabertos.web.stj.jus.br/dataset/a2cd85cc-1391-4ebc-aeed-a45dd75a7987/resource/9add14c5-8c0a-4d28-b2a7-0866c1244132/download/metadados20220902.json,data/raw/stj_integras/metadata/metadados20220902.json,712559a1a9816956073ca5c2e24d541333ff9bdb9647cdd2f422ad2a9f6bdf7f,983103,CC-BY,2022-08-01..2024-08-31,2022-09-06T01:14:54.386235,0,"copied from local mirror (STJ-Moral-Damages-Jurimetrics, CKAN download of 2026-09-07/08; sha256 verified against mirror CHECKSUMS)"
2026-09-12T19:01:03+00:00,stj_integras_decisoes,textos20220902.zip,https://dadosabertos.web.stj.jus.br/dataset/a2cd85cc-1391-4ebc-aeed-a45dd75a7987/resource/84ed7f3b-7a67-4e43-8b72-404cd4b77af3/download/20220902.zip,data/raw/stj_integras/texts/textos20220902.zip,00f77c50da881a85ac2ad60354ece3fb2831a8ce15643cdeb24b5bfb07e11fa6,9919934,CC-BY,2022-08-01..2024-08-31,2022-09-06T01:14:37.376667,0,"copied from local mirror (STJ-Moral-Damages-Jurimetrics, CKAN download of 2026-09-07/08; sha256 verified against mirror CHECKSUMS)"
2026-09-12T19:01:03+00:00,stj_integras_decisoes,metadados20220905.json,https://dadosabertos.web.stj.jus.br/dataset/a2cd85cc-1391-4ebc-aeed-a45dd75a7987/resource/173c1047-f565-477f-811b-bc89902c3dbf/download/metadados20220905.json,data/raw/stj_integras/metadata/metadados20220905.json,79b2d32d41dad543fc2836d95012410e0970bf32455efcd72f0f685961177eed,1196095,CC-BY,2022-08-01..2024-08-31,2022-09-06T01:28:48.459513,0,"copied from local mirror (STJ-Moral-Damages-Jurimetrics, CKAN download of 2026-09-07/08; sha256 verified against mirror CHECKSUMS)"
2026-09-12T19:01:03+00:00,stj_integras_decisoes,textos20220905.zip,https://dadosabertos.web.stj.jus.br/dataset/a2cd85cc-1391-4ebc-aeed-a45dd75a7987/resource/2c0aa0db-c911-47f0-a26a-b79dd7a9148b/download/20220905.zip,data/raw/stj_integras/texts/textos20220905.zip,d4829d38115701dd06fec05bf9eb56cd1067ff5c708a868c19b1dfa4b6fadb61,7970163,CC-BY,2022-08-01..2024-08-31,2022-09-06T01:27:36.977771,0,"copied from local mirror (STJ-Moral-Damages-Jurimetrics, CKAN download of 2026-09-07/08; sha256 verified against mirror CHECKSUMS)"
2026-09-12T19:01:03+00:00,stj_integras_decisoes,metadados20220906.json,https://dadosabertos.web.stj.jus.br/dataset/a2cd85cc-1391-4ebc-aeed-a45dd75a7987/resource/aeccd6fe-59c1-450d-baa4-f7262dce30a7/download/metadados20220906.json,data/raw/stj_integras/metadata/metadados20220906.json,e5c1614e8d740d7e6037aa99bd6b0d3725cf3065d907dd0f6608070fb15259f2,937967,CC-BY,2022-08-01..2024-08-31,2022-09-08T21:39:49.654934,0,"copied from local mirror (STJ-Moral-Damages-Jurimetrics, CKAN download of 2026-09-07/08; sha256 verified against mirror CHECKSUMS)"
2026-09-12T19:01:03+00:00,stj_integras_decisoes,textos20220906.zip,https://dadosabertos.web.stj.jus.br/dataset/a2cd85cc-1391-4ebc-aeed-a45dd75a7987/resource/8c46252f-2d1d-41d9-b4ee-79db33d9283b/download/20220906.zip,data/raw/stj_integras/texts/textos20220906.zip,aad9d7b3f53351aa790601c74067199353a013c9cdd68866529266531004d0cf,6968508,CC-BY,2022-08-01..2024-08-31,2022-09-08T21:39:30.845238,0,"copied from local mirror (STJ-Moral-Damages-Jurimetrics, CKAN download of 2026-09-07/08; sha256 verified against mirror CHECKSUMS)"
2026-09-12T19:01:03+00:00,stj_integras_decisoes,metadados20220908.json,https://dadosabertos.web.stj.jus.br/dataset/a2cd85cc-1391-4ebc-aeed-a45dd75a7987/resource/5ebe6d9e-9597-4f80-a471-f2e564e9dea3/download/metadados20220908.json,data/raw/stj_integras/metadata/metadados20220908.json,f080d6f5870877db0624b92a1972fa1351e2a91cf8a30fcb894ded5a08ae7b38,1166934,CC-BY,2022-08-01..2024-08-31,2022-09-08T21:41:19.136343,0,"copied from local mirror (STJ-Moral-Damages-Jurimetrics, CKAN download of 2026-09-07/08; sha256 verified against mirror CHECKSUMS)"
2026-09-12T19:01:03+00:00,stj_integras_decisoes,textos20220908.zip,https://dadosabertos.web.stj.jus.br/dataset/a2cd85cc-1391-4ebc-aeed-a45dd75a7987/resource/08ce9e86-98da-4e9d-abd2-8a773aa72efc/download/20220908.zip,data/raw/stj_integras/texts/textos20220908.zip,5ee82983d794c937a831cc08cd4d7fb506f489e869dca0d8c145b6466b74f842,9778561,CC-BY,2022-08-01..2024-08-31,2022-09-08T21:41:07.751514,0,"copied from local mirror (STJ-Moral-Damages-Jurimetrics, CKAN download of 2026-09-07/08; sha256 verified against mirror CHECKSUMS)"
2026-09-12T19:01:03+00:00,stj_integras_decisoes,metadados20220909.json,https://dadosabertos.web.stj.jus.br/dataset/a2cd85cc-1391-4ebc-aeed-a45dd75a7987/resource/c27d13a2-65d4-4cae-b94f-8e05a11e716e/download/metadados20220909.json,data/raw/stj_integras/metadata/metadados20220909.json,84ef52194165f2d7ebb2fc680cace6f2cc6aaa5d0145c7fe39fae36e53cb5f5f,1083958,CC-BY,2022-08-01..2024-08-31,2022-09-11T23:16:47.365078,0,"copied from local mirror (STJ-Moral-Damages-Jurimetrics, CKAN download of 2026-09-07/08; sha256 verified against mirror CHECKSUMS)"
2026-09-12T19:01:03+00:00,stj_integras_decisoes,textos20220909.zip,https://dadosabertos.web.stj.jus.br/dataset/a2cd85cc-1391-4ebc-aeed-a45dd75a7987/resource/552fc5bd-8a23-4a08-b214-6be2e70a3c46/download/20220909.zip,data/raw/stj_integras/texts/textos20220909.zip,44ea248beff0e755579ecc382dc91d277b91a01e2c3d99268a22565e9f4d152f,8497693,CC-BY,2022-08-01..2024-08-31,2022-09-11T23:16:33.099356,0,"copied from local mirror (STJ-Moral-Damages-Jurimetrics, CKAN download of 2026-09-07/08; sha256 verified against mirror CHECKSUMS)"
2026-09-12T19:01:03+00:00,stj_integras_decisoes,metadados20220912.json,https://dadosabertos.web.stj.jus.br/dataset/a2cd85cc-1391-4ebc-aeed-a45dd75a7987/resource/ce9f49e0-74a6-4a3b-b6fe-339c9d918f7f/download/metadados20220912.json,data/raw/stj_integras/metadata/metadados20220912.json,15891f0ddf618dd5094a4fe7c479f8bb46dd39b411f59d2e8a3c952c71c58158,697123,CC-BY,2022-08-01..2024-08-31,2022-09-12T23:19:03.043344,0,"copied from local mirror (STJ-Moral-Damages-Jurimetrics, CKAN download of 2026-09-07/08; sha256 verified against mirror CHECKSUMS)"
2026-09-12T19:01:03+00:00,stj_integras_decisoes,textos20220912.zip,https://dadosabertos.web.stj.jus.br/dataset/a2cd85cc-1391-4ebc-aeed-a45dd75a7987/resource/1bf8c194-34db-4253-aed6-fb6ea88f323b/download/20220912.zip,data/raw/stj_integras/texts/textos20220912.zip,62e03faa5ac33dc16c6bc82c297ff647cd61a1c4605315a23d3e216d153bb0cd,6035741,CC-BY,2022-08-01..2024-08-31,2022-09-12T23:18:47.910533,0,"copied from local mirror (STJ-Moral-Damages-Jurimetrics, CKAN download of 2026-09-07/08; sha256 verified against mirror CHECKSUMS)"
2026-09-12T19:01:03+00:00,stj_integras_decisoes,metadados20220913.json,https://dadosabertos.web.stj.jus.br/dataset/a2cd85cc-1391-4ebc-aeed-a45dd75a7987/resource/476fb65e-a659-4b8f-89d1-2afa6a58bb79/download/metadados20220913.json,data/raw/stj_integras/metadata/metadados20220913.json,a768135a1e9c62a0885d66eb5f9be0e9d257956167442fd87f6bde530893beaa,1031612,CC-BY,2022-08-01..2024-08-31,2022-09-13T17:05:43.709966,0,"copied from local mirror (STJ-Moral-Damages-Jurimetrics, CKAN download of 2026-09-07/08; sha256 verified against mirror CHECKSUMS)"
2026-09-12T19:01:03+00:00,stj_integras_decisoes,textos20220913.zip,https://dadosabertos.web.stj.jus.br/dataset/a2cd85cc-1391-4ebc-aeed-a45dd75a7987/resource/cc7055cd-b58f-4ed1-bf30-b13cf05c261a/download/20220913.zip,data/raw/stj_integras/texts/textos20220913.zip,2785f865789d714126e14bbbf141b283a7b4e758aa7650ee48953e0dc3997400,8312793,CC-BY,2022-08-01..2024-08-31,2022-09-13T17:05:27.165734,0,"copied from local mirror (STJ-Moral-Damages-Jurimetrics, CKAN download of 2026-09-07/08; sha256 verified against mirror CHECKSUMS)"
2026-09-12T19:01:03+00:00,stj_integras_decisoes,metadados20220914.json,https://dadosabertos.web.stj.jus.br/dataset/a2cd85cc-1391-4ebc-aeed-a45dd75a7987/resource/acd2d572-4eeb-41f7-b43d-7bf750d183e9/download/metadados20220914.json,data/raw/stj_integras/metadata/metadados20220914.json,f6f22fcd0792be7f59e43ab08dc2c1d986f12cdfb08c77551f4d462b2d8e672e,936583,CC-BY,2022-08-01..2024-08-31,2022-09-14T23:24:13.196889,0,"copied from local mirror (STJ-Moral-Damages-Jurimetrics, CKAN download of 2026-09-07/08; sha256 verified against mirror CHECKSUMS)"
2026-09-12T19:01:03+00:00,stj_integras_decisoes,textos20220914.zip,https://dadosabertos.web.stj.jus.br/dataset/a2cd85cc-1391-4ebc-aeed-a45dd75a7987/resource/6aec4ed6-e3b5-43af-a62f-2e9a56548060/download/20220914.zip,data/raw/stj_integras/texts/textos20220914.zip,9f356f6ff201397449e6ca7afc467faf90ddacae76e33815cd6d4c8620d17742,7210913,CC-BY,2022-08-01..2024-08-31,2022-09-14T23:23:22.532841,0,"copied from local mirror (STJ-Moral-Damages-Jurimetrics, CKAN download of 2026-09-07/08; sha256 verified against mirror CHECKSUMS)"
2026-09-12T19:01:03+00:00,stj_integras_decisoes,metadados20220915.json,https://dadosabertos.web.stj.jus.br/dataset/a2cd85cc-1391-4ebc-aeed-a45dd75a7987/resource/3fdb8eb4-cf22-4f27-947c-9527abfab8ab/download/metadados20220915.json,data/raw/stj_integras/metadata/metadados20220915.json,30588da4f2992da38cf0aedde96bab2534467beb762badc494ed11fd492ec353,1248779,CC-BY,2022-08-01..2024-08-31,2022-09-15T18:45:41.084145,0,"copied from local mirror (STJ-Moral-Damages-Jurimetrics, CKAN download of 2026-09-07/08; sha256 verified against mirror CHECKSUMS)"
2026-09-12T19:01:03+00:00,stj_integras_decisoes,textos20220915.zip,https://dadosabertos.web.stj.jus.br/dataset/a2cd85cc-1391-4ebc-aeed-a45dd75a7987/resource/1d680806-c2d7-40d0-9984-18da6eec14a5/download/20220915.zip,data/raw/stj_integras/texts/textos20220915.zip,b4dfe9470eed287a477d14f837f1a8918a5c022b5b3da2258a3a8acc7457f843,12023573,CC-BY,2022-08-01..2024-08-31,2022-09-15T18:45:29.978245,0,"copied from local mirror (STJ-Moral-Damages-Jurimetrics, CKAN download of 2026-09-07/08; sha256 verified against mirror CHECKSUMS)"
2026-09-12T19:01:03+00:00,stj_integras_decisoes,metadados20220916.json,https://dadosabertos.web.stj.jus.br/dataset/a2cd85cc-1391-4ebc-aeed-a45dd75a7987/resource/0bde9ecb-013f-4a17-b258-b7b17cad1ab1/download/metadados20220916.json,data/raw/stj_integras/metadata/metadados20220916.json,3026502905e5b5e05359138009d6b76e666ba7012f86ebd4880816c392c785e0,704619,CC-BY,2022-08-01..2024-08-31,2022-09-16T19:13:02.470192,0,"copied from local mirror (STJ-Moral-Damages-Jurimetrics, CKAN download of 2026-09-07/08; sha256 verified against mirror CHECKSUMS)"
2026-09-12T19:01:03+00:00,stj_integras_decisoes,textos20220916.zip,https://dadosabertos.web.stj.jus.br/dataset/a2cd85cc-1391-4ebc-aeed-a45dd75a7987/resource/9c32c34e-7271-468e-be33-fff44966827e/download/20220916.zip,data/raw/stj_integras/texts/textos20220916.zip,7150237c51502cb05901a3b7f6e592f3672f69586eeaa1118fa4a334d52ae3d9,7289360,CC-BY,2022-08-01..2024-08-31,2022-09-16T19:12:51.969267,0,"copied from local mirror (STJ-Moral-Damages-Jurimetrics, CKAN download of 2026-09-07/08; sha256 verified against mirror CHECKSUMS)"
2026-09-12T19:01:03+00:00,stj_integras_decisoes,metadados20220919.json,https://dadosabertos.web.stj.jus.br/dataset/a2cd85cc-1391-4ebc-aeed-a45dd75a7987/resource/cf14905e-7864-47dc-a587-dc1b2bdce9f7/download/metadados20220919.json,data/raw/stj_integras/metadata/metadados20220919.json,bc1002d364d75cfb44ae9eb5b1647bd8348f92ea42994ede00f9868a3960e84a,1295357,CC-BY,2022-08-01..2024-08-31,2022-09-19T21:31:11.935625,0,"copied from local mirror (STJ-Moral-Damages-Jurimetrics, CKAN download of 2026-09-07/08; sha256 verified against mirror CHECKSUMS)"
2026-09-12T19:01:03+00:00,stj_integras_decisoes,textos20220919.zip,https://dadosabertos.web.stj.jus.br/dataset/a2cd85cc-1391-4ebc-aeed-a45dd75a7987/resource/5b438fcd-4849-4511-84ce-ac6e67aa90a9/download/20220919.zip,data/raw/stj_integras/texts/textos20220919.zip,fd35b40c1d89c1987743727986c0ce6eb9d774da6821f27821984a72a3857d52,10838183,CC-BY,2022-08-01..2024-08-31,2022-09-19T21:31:01.156477,0,"copied from local mirror (STJ-Moral-Damages-Jurimetrics, CKAN download of 2026-09-07/08; sha256 verified against mirror CHECKSUMS)"
2026-09-12T19:01:03+00:00,stj_integras_decisoes,metadados20220920.json,https://dadosabertos.web.stj.jus.br/dataset/a2cd85cc-1391-4ebc-aeed-a45dd75a7987/resource/378fc329-5eb9-4244-b339-53083018e544/download/metadados20220920.json,data/raw/stj_integras/metadata/metadados20220920.json,fb4b65d9486b92e7b29a7cbbaa68b2ece09e412b514562377da47d19939c9b3e,1221173,CC-BY,2022-08-01..2024-08-31,2022-09-20T17:02:54.291188,0,"copied from local mirror (STJ-Moral-Damages-Jurimetrics, CKAN download of 2026-09-07/08; sha256 verified against mirror CHECKSUMS)"
2026-09-12T19:01:03+00:00,stj_integras_decisoes,textos20220920.zip,https://dadosabertos.web.stj.jus.br/dataset/a2cd85cc-1391-4ebc-aeed-a45dd75a7987/resource/db0aad69-ea19-4a3c-b18c-83bf58371699/download/20220920.zip,data/raw/stj_integras/texts/textos20220920.zip,e670aff7e49ac24dace8c12b0c11557b88b7a500f8ed78a365dd3f04e4fb8f0c,8318931,CC-BY,2022-08-01..2024-08-31,2022-09-20T17:02:42.525329,0,"copied from local mirror (STJ-Moral-Damages-Jurimetrics, CKAN download of 2026-09-07/08; sha256 verified against mirror CHECKSUMS)"
2026-09-12T19:01:03+00:00,stj_integras_decisoes,metadados20220921.json,https://dadosabertos.web.stj.jus.br/dataset/a2cd85cc-1391-4ebc-aeed-a45dd75a7987/resource/8ab6cf1c-453d-400b-bed8-f0dbdd8c6dd6/download/metadados20220921.json,data/raw/stj_integras/metadata/metadados20220921.json,28cd834c16e276becfd0beb9c7e8f9a270f98d1efe6dfaa11e0c911ffa3d716a,863170,CC-BY,2022-08-01..2024-08-31,2022-09-21T21:46:45.797671,0,"copied from local mirror (STJ-Moral-Damages-Jurimetrics, CKAN download of 2026-09-07/08; sha256 verified against mirror CHECKSUMS)"
2026-09-12T19:01:03+00:00,stj_integras_decisoes,textos20220921.zip,https://dadosabertos.web.stj.jus.br/dataset/a2cd85cc-1391-4ebc-aeed-a45dd75a7987/resource/d5459fce-01ab-4bd9-9081-df4926c618ae/download/20220921.zip,data/raw/stj_integras/texts/textos20220921.zip,66cdcaaff3e6443342da9c0740a1a7840602d5b75b79e68237e83953bf81e301,7539342,CC-BY,2022-08-01..2024-08-31,2022-09-21T21:45:46.131729,0,"copied from local mirror (STJ-Moral-Damages-Jurimetrics, CKAN download of 2026-09-07/08; sha256 verified against mirror CHECKSUMS)"
2026-09-12T19:01:03+00:00,stj_integras_decisoes,metadados20220922.json,https://dadosabertos.web.stj.jus.br/dataset/a2cd85cc-1391-4ebc-aeed-a45dd75a7987/resource/17e793f7-9812-4489-80d8-e9f8b1f282ee/download/metadados20220922.json,data/raw/stj_integras/metadata/metadados20220922.json,34c3a46956ea91eae9891b450686f95cdf6bf8efc39dea9a491eb07631bf4e3a,1053993,CC-BY,2022-08-01..2024-08-31,2022-09-22T17:55:40.412597,0,"copied from local mirror (STJ-Moral-Damages-Jurimetrics, CKAN download of 2026-09-07/08; sha256 verified against mirror CHECKSUMS)"
2026-09-12T19:01:03+00:00,stj_integras_decisoes,textos20220922.zip,https://dadosabertos.web.stj.jus.br/dataset/a2cd85cc-1391-4ebc-aeed-a45dd75a7987/resource/454780f9-aa04-48ca-8866-0f2bc1c1cfaf/download/20220922.zip,data/raw/stj_integras/texts/textos20220922.zip,6299ffe93b4e4097080fe74f30f29393c33489befb4f101eccd97584d8dab7b5,9684099,CC-BY,2022-08-01..2024-08-31,2022-09-22T17:55:25.153711,0,"copied from local mirror (STJ-Moral-Damages-Jurimetrics, CKAN download of 2026-09-07/08; sha256 verified against mirror CHECKSUMS)"
2026-09-12T19:01:03+00:00,stj_integras_decisoes,metadados20220923.json,https://dadosabertos.web.stj.jus.br/dataset/a2cd85cc-1391-4ebc-aeed-a45dd75a7987/resource/54c94503-ae60-4f2f-9431-8c348d2a07c5/download/metadados20220923.json,data/raw/stj_integras/metadata/metadados20220923.json,8f5445e50b2067ccd4b83ddeb5619a3af357968d73050185c597f0479e08cc77,1052276,CC-BY,2022-08-01..2024-08-31,2022-09-23T18:24:03.037791,0,"copied from local mirror (STJ-Moral-Damages-Jurimetrics, CKAN download of 2026-09-07/08; sha256 verified against mirror CHECKSUMS)"
2026-09-12T19:01:03+00:00,stj_integras_decisoes,textos20220923.zip,https://dadosabertos.web.stj.jus.br/dataset/a2cd85cc-1391-4ebc-aeed-a45dd75a7987/resource/b7348cb3-de4e-4f53-a694-dbced3056583/download/20220923.zip,data/raw/stj_integras/texts/textos20220923.zip,92fba903bab0d535866638a917655ebd7c810e302e60498577328a0966f61b18,9504802,CC-BY,2022-08-01..2024-08-31,2022-09-23T18:23:47.794795,0,"copied from local mirror (STJ-Moral-Damages-Jurimetrics, CKAN download of 2026-09-07/08; sha256 verified against mirror CHECKSUMS)"
2026-09-12T19:01:03+00:00,stj_integras_decisoes,metadados20220926.json,https://dadosabertos.web.stj.jus.br/dataset/a2cd85cc-1391-4ebc-aeed-a45dd75a7987/resource/b41b7890-4a6b-43d4-a9a9-f5a7d85036df/download/metadados20220926.json,data/raw/stj_integras/metadata/metadados20220926.json,93ff2e581ad0e1a1767069677ba8df3e31a691a8713b7ab9004efbdd1c1311de,881290,CC-BY,2022-08-01..2024-08-31,2022-09-26T18:28:38.861273,0,"copied from local mirror (STJ-Moral-Damages-Jurimetrics, CKAN download of 2026-09-07/08; sha256 verified against mirror CHECKSUMS)"
2026-09-12T19:01:03+00:00,stj_integras_decisoes,textos20220926.zip,https://dadosabertos.web.stj.jus.br/dataset/a2cd85cc-1391-4ebc-aeed-a45dd75a7987/resource/55f6b97b-25fe-4266-bf73-a8718b9d6795/download/20220926.zip,data/raw/stj_integras/texts/textos20220926.zip,c29e3cea663ddfae8589e44e9a00340cfdd8af0dd7f5b7fde5babf440f5a5fa8,9229356,CC-BY,2022-08-01..2024-08-31,2022-09-26T18:28:28.225158,0,"copied from local mirror (STJ-Moral-Damages-Jurimetrics, CKAN download of 2026-09-07/08; sha256 verified against mirror CHECKSUMS)"
2026-09-12T19:01:04+00:00,stj_integras_decisoes,metadados20220927.json,https://dadosabertos.web.stj.jus.br/dataset/a2cd85cc-1391-4ebc-aeed-a45dd75a7987/resource/7135fb10-2a89-4582-9f07-f6f92b303bc1/download/metadados20220927.json,data/raw/stj_integras/metadata/metadados20220927.json,2c079ec021835ce510e6afa57f852b2cd8fccb819dc2c567bd6e774cc6159d00,1572499,CC-BY,2022-08-01..2024-08-31,2022-09-27T18:00:17.491212,0,"copied from local mirror (STJ-Moral-Damages-Jurimetrics, CKAN download of 2026-09-07/08; sha256 verified against mirror CHECKSUMS)"
2026-09-12T19:01:04+00:00,stj_integras_decisoes,textos20220927.zip,https://dadosabertos.web.stj.jus.br/dataset/a2cd85cc-1391-4ebc-aeed-a45dd75a7987/resource/e27ab424-3c55-44ec-a71b-786963bde841/download/20220927.zip,data/raw/stj_integras/texts/textos20220927.zip,380804ad0f1bd3bc814450b64966c712010bb14ab9067141c57b85b171aa9be6,12637116,CC-BY,2022-08-01..2024-08-31,2022-09-27T18:00:08.628798,0,"copied from local mirror (STJ-Moral-Damages-Jurimetrics, CKAN download of 2026-09-07/08; sha256 verified against mirror CHECKSUMS)"
2026-09-12T19:01:04+00:00,stj_integras_decisoes,metadados20220928.json,https://dadosabertos.web.stj.jus.br/dataset/a2cd85cc-1391-4ebc-aeed-a45dd75a7987/resource/2add8666-bcd6-417d-9a79-82a9bb5f1107/download/metadados20220928.json,data/raw/stj_integras/metadata/metadados20220928.json,5ff41fcd00e11ce32caf08d4476cf8b0e8223a857aff024ae335678c852b93b5,1573083,CC-BY,2022-08-01..2024-08-31,2022-09-28T16:47:41.080387,0,"copied from local mirror (STJ-Moral-Damages-Jurimetrics, CKAN download of 2026-09-07/08; sha256 verified against mirror CHECKSUMS)"
2026-09-12T19:01:04+00:00,stj_integras_decisoes,textos20220928.zip,https://dadosabertos.web.stj.jus.br/dataset/a2cd85cc-1391-4ebc-aeed-a45dd75a7987/resource/c90faed0-7984-4f02-b3e6-f27551e4558d/download/20220928.zip,data/raw/stj_integras/texts/textos20220928.zip,c2b938093c6e32f693673d7abd3d392e7b333bd10595d14ef372d0e2faa92633,3623208,CC-BY,2022-08-01..2024-08-31,2022-09-28T16:47:30.143551,0,"copied from local mirror (STJ-Moral-Damages-Jurimetrics, CKAN download of 2026-09-07/08; sha256 verified against mirror CHECKSUMS)"
2026-09-12T19:01:04+00:00,stj_integras_decisoes,metadados20220929.json,https://dadosabertos.web.stj.jus.br/dataset/a2cd85cc-1391-4ebc-aeed-a45dd75a7987/resource/363a3989-b782-47dc-bc17-19c9778795fa/download/metadados20220929.json,data/raw/stj_integras/metadata/metadados20220929.json,0336b90943d18c1675753deeae1194a0253c4fd2d8e651be135f77c5abe7c6b8,1122347,CC-BY,2022-08-01..2024-08-31,2022-09-29T18:28:59.330544,0,"copied from local mirror (STJ-Moral-Damages-Jurimetrics, CKAN download of 2026-09-07/08; sha256 verified against mirror CHECKSUMS)"
2026-09-12T19:01:04+00:00,stj_integras_decisoes,textos20220929.zip,https://dadosabertos.web.stj.jus.br/dataset/a2cd85cc-1391-4ebc-aeed-a45dd75a7987/resource/6fc90bed-32ec-45d0-bfe9-68dac7232a4e/download/20220929.zip,data/raw/stj_integras/texts/textos20220929.zip,3b07492c5145834dd28d0ea09235a480680bdabacb73be54bf36703cad852fb5,10356660,CC-BY,2022-08-01..2024-08-31,2022-09-29T18:28:48.148389,0,"copied from local mirror (STJ-Moral-Damages-Jurimetrics, CKAN download of 2026-09-07/08; sha256 verified against mirror CHECKSUMS)"
2026-09-12T19:01:04+00:00,stj_integras_decisoes,metadados20220930.json,https://dadosabertos.web.stj.jus.br/dataset/a2cd85cc-1391-4ebc-aeed-a45dd75a7987/resource/6d98e273-2fb3-4e4b-8794-a9923f174acf/download/metadados20220930.json,data/raw/stj_integras/metadata/metadados20220930.json,18ad2c19c68d3e9e2bbb8ac983c551db4e893244490da69938f6b7eb7a8808d0,1551238,CC-BY,2022-08-01..2024-08-31,2022-09-30T16:43:33.948504,0,"copied from local mirror (STJ-Moral-Damages-Jurimetrics, CKAN download of 2026-09-07/08; sha256 verified against mirror CHECKSUMS)"
2026-09-12T19:01:04+00:00,stj_integras_decisoes,textos20220930.zip,https://dadosabertos.web.stj.jus.br/dataset/a2cd85cc-1391-4ebc-aeed-a45dd75a7987/resource/7c535f2d-8a88-453b-9937-f42f968b7d6c/download/20220930.zip,data/raw/stj_integras/texts/textos20220930.zip,400e9a1c51acca394c310696013c596fa8efe9715e81b1f49563857b5080acbb,16393716,CC-BY,2022-08-01..2024-08-31,2022-09-30T16:43:22.985644,0,"copied from local mirror (STJ-Moral-Damages-Jurimetrics, CKAN download of 2026-09-07/08; sha256 verified against mirror CHECKSUMS)"
2026-09-12T19:01:04+00:00,stj_integras_decisoes,metadados20221003.json,https://dadosabertos.web.stj.jus.br/dataset/a2cd85cc-1391-4ebc-aeed-a45dd75a7987/resource/4fb583fd-d956-47f6-8bdf-9465191233e8/download/metadados20221003.json,data/raw/stj_integras/metadata/metadados20221003.json,3a526bb8b16af2f77a3f693a546fb508c43e9fecddd37e63178b764ae535586e,1532395,CC-BY,2022-08-01..2024-08-31,2022-10-03T20:08:46.013051,0,"copied from local mirror (STJ-Moral-Damages-Jurimetrics, CKAN download of 2026-09-07/08; sha256 verified against mirror CHECKSUMS)"
2026-09-12T19:01:04+00:00,stj_integras_decisoes,textos20221003.zip,https://dadosabertos.web.stj.jus.br/dataset/a2cd85cc-1391-4ebc-aeed-a45dd75a7987/resource/c7e43694-4e14-4845-812e-e4473e44821d/download/20221003.zip,data/raw/stj_integras/texts/textos20221003.zip,fbf24232622788d7c3829c8e608df915e49b961bec00c565933b440e928a5b25,2152302,CC-BY,2022-08-01..2024-08-31,2022-10-03T20:08:37.387180,0,"copied from local mirror (STJ-Moral-Damages-Jurimetrics, CKAN download of 2026-09-07/08; sha256 verified against mirror CHECKSUMS)"
2026-09-12T19:01:04+00:00,stj_integras_decisoes,metadados20221004.json,https://dadosabertos.web.stj.jus.br/dataset/a2cd85cc-1391-4ebc-aeed-a45dd75a7987/resource/0d0d8936-2c73-4375-bfde-b6321355c7d8/download/metadados20221004.json,data/raw/stj_integras/metadata/metadados20221004.json,2e0666c2b6ecb57de7a2646dc64db8201407e7888dd8d0db079d812bff0ede20,1472501,CC-BY,2022-08-01..2024-08-31,2022-10-05T12:15:01.526765,0,"copied from local mirror (STJ-Moral-Damages-Jurimetrics, CKAN download of 2026-09-07/08; sha256 verified against mirror CHECKSUMS)"
2026-09-12T19:01:04+00:00,stj_integras_decisoes,textos20221004.zip,https://dadosabertos.web.stj.jus.br/dataset/a2cd85cc-1391-4ebc-aeed-a45dd75a7987/resource/494dc761-2458-40dc-b1dd-49ef36bcf888/download/20221004.zip,data/raw/stj_integras/texts/textos20221004.zip,a9b7a0232db68c1de6ebadd1d6b2f44ae55b98b128425a5306c65d86f03a67db,13170870,CC-BY,2022-08-01..2024-08-31,2022-10-05T12:14:30.854554,0,"copied from local mirror (STJ-Moral-Damages-Jurimetrics, CKAN download of 2026-09-07/08; sha256 verified against mirror CHECKSUMS)"
2026-09-12T19:01:04+00:00,stj_integras_decisoes,metadados20221005.json,https://dadosabertos.web.stj.jus.br/dataset/a2cd85cc-1391-4ebc-aeed-a45dd75a7987/resource/0d62f395-9ed6-4a56-ba44-b50cc7ae402d/download/metadados20221005.json,data/raw/stj_integras/metadata/metadados20221005.json,bf5be5b3a4eee69ee42894b34cc724e1d6de90db7fea5eb3a12edf1a2051caf3,1224545,CC-BY,2022-08-01..2024-08-31,2022-10-06T21:54:57.014870,0,"copied from local mirror (STJ-Moral-Damages-Jurimetrics, CKAN download of 2026-09-07/08; sha256 verified against mirror CHECKSUMS)"
2026-09-12T19:01:04+00:00,stj_integras_decisoes,textos20221005.zip,https://dadosabertos.web.stj.jus.br/dataset/a2cd85cc-1391-4ebc-aeed-a45dd75a7987/resource/dec30fc9-4c7f-42b5-a5e8-8ded51a69af9/download/20221005.zip,data/raw/stj_integras/texts/textos20221005.zip,e353b07eeebab38a3dbc3475741f0f9b01aae161813da192ae122917349346e8,5099148,CC-BY,2022-08-01..2024-08-31,2022-10-06T21:54:47.211149,0,"copied from local mirror (STJ-Moral-Damages-Jurimetrics, CKAN download of 2026-09-07/08; sha256 verified against mirror CHECKSUMS)"
2026-09-12T19:01:04+00:00,stj_integras_decisoes,metadados20221006.json,https://dadosabertos.web.stj.jus.br/dataset/a2cd85cc-1391-4ebc-aeed-a45dd75a7987/resource/6c20e75a-3516-4f81-8df7-143fb2ea7131/download/metadados20221006.json,data/raw/stj_integras/metadata/metadados20221006.json,b377f33db6b3fe4dd3fdec97fd36de65b226bc413b20d561fac4dbc676e4dda8,905191,CC-BY,2022-08-01..2024-08-31,2022-10-06T21:56:01.114723,0,"copied from local mirror (STJ-Moral-Damages-Jurimetrics, CKAN download of 2026-09-07/08; sha256 verified against mirror CHECKSUMS)"
2026-09-12T19:01:04+00:00,stj_integras_decisoes,textos20221006.zip,https://dadosabertos.web.stj.jus.br/dataset/a2cd85cc-1391-4ebc-aeed-a45dd75a7987/resource/a99868ba-2583-4bf7-9f99-e9b0ae731b6d/download/20221006.zip,data/raw/stj_integras/texts/textos20221006.zip,efd9c3083f4afe2c86a1c09ac96f71854318937913ed390769ea9ef59fc9ae0f,2803041,CC-BY,2022-08-01..2024-08-31,2022-10-06T21:55:50.674421,0,"copied from local mirror (STJ-Moral-Damages-Jurimetrics, CKAN download of 2026-09-07/08; sha256 verified against mirror CHECKSUMS)"
2026-09-12T19:01:04+00:00,stj_integras_decisoes,metadados20221007.json,https://dadosabertos.web.stj.jus.br/dataset/a2cd85cc-1391-4ebc-aeed-a45dd75a7987/resource/9e2f8117-b0fd-444a-88f5-4edea9687c9b/download/metadados20221007.json,data/raw/stj_integras/metadata/metadados20221007.json,c8617a038b1aa615efa1edc0c39574c4b0adb8874eb5b6fb0e7e7535135b0873,819628,CC-BY,2022-08-01..2024-08-31,2022-10-07T18:52:10.189703,0,"copied from local mirror (STJ-Moral-Damages-Jurimetrics, CKAN download of 2026-09-07/08; sha256 verified against mirror CHECKSUMS)"
2026-09-12T19:01:04+00:00,stj_integras_decisoes,textos20221007.zip,https://dadosabertos.web.stj.jus.br/dataset/a2cd85cc-1391-4ebc-aeed-a45dd75a7987/resource/fb6a5933-b1a2-4f65-9166-8d2c59d080da/download/20221007.zip,data/raw/stj_integras/texts/textos20221007.zip,97681b408e39c29101149887d986e58bd4374a4bcb2bc48b47fde30eb3991062,3027092,CC-BY,2022-08-01..2024-08-31,2022-10-07T18:51:52.322807,0,"copied from local mirror (STJ-Moral-Damages-Jurimetrics, CKAN download of 2026-09-07/08; sha256 verified against mirror CHECKSUMS)"
2026-09-12T19:01:04+00:00,stj_integras_decisoes,metadados20221010.json,https://dadosabertos.web.stj.jus.br/dataset/a2cd85cc-1391-4ebc-aeed-a45dd75a7987/resource/18503281-3d6d-4c69-b0b2-8d1b4b0a9102/download/metadados20221010.json,data/raw/stj_integras/metadata/metadados20221010.json,fc9aa0244b0614f56b8a336061afdadd90264378b615a307e29c7a047cecb6ef,1484488,CC-BY,2022-08-01..2024-08-31,2022-10-10T17:47:49.747035,0,"copied from local mirror (STJ-Moral-Damages-Jurimetrics, CKAN download of 2026-09-07/08; sha256 verified against mirror CHECKSUMS)"
2026-09-12T19:01:04+00:00,stj_integras_decisoes,textos20221010.zip,https://dadosabertos.web.stj.jus.br/dataset/a2cd85cc-1391-4ebc-aeed-a45dd75a7987/resource/91d8ad90-6009-47bd-b055-d434c7bea363/download/20221010.zip,data/raw/stj_integras/texts/textos20221010.zip,8ae22fa2601cc5a5d75a4c4879e74ffada7f362938d87121a832ddc12ee18bc9,2984841,CC-BY,2022-08-01..2024-08-31,2022-10-10T17:47:38.443502,0,"copied from local mirror (STJ-Moral-Damages-Jurimetrics, CKAN download of 2026-09-07/08; sha256 verified against mirror CHECKSUMS)"
2026-09-12T19:01:04+00:00,stj_integras_decisoes,metadados20221011.json,https://dadosabertos.web.stj.jus.br/dataset/a2cd85cc-1391-4ebc-aeed-a45dd75a7987/resource/fc82bbd1-70ee-40a6-81d8-a1415217b3b5/download/metadados20221011.json,data/raw/stj_integras/metadata/metadados20221011.json,ff1ca8ad3c736cda57973f8052393e4db1103bda2aa2d674590d10f248fff1fb,812139,CC-BY,2022-08-01..2024-08-31,2022-10-11T22:59:11.424445,0,"copied from local mirror (STJ-Moral-Damages-Jurimetrics, CKAN download of 2026-09-07/08; sha256 verified against mirror CHECKSUMS)"
2026-09-12T19:01:04+00:00,stj_integras_decisoes,textos20221011.zip,https://dadosabertos.web.stj.jus.br/dataset/a2cd85cc-1391-4ebc-aeed-a45dd75a7987/resource/0d83df81-4aa1-4098-bdf5-aaceff633c0c/download/20221011.zip,data/raw/stj_integras/texts/textos20221011.zip,b619c9091be47e8e5bc04d90ae97b22bbe9d91feb7d46a121fe08c11fed12655,975332,CC-BY,2022-08-01..2024-08-31,2022-10-11T22:58:57.237076,0,"copied from local mirror (STJ-Moral-Damages-Jurimetrics, CKAN download of 2026-09-07/08; sha256 verified against mirror CHECKSUMS)"
2026-09-12T19:01:04+00:00,stj_integras_decisoes,metadados20221013.json,https://dadosabertos.web.stj.jus.br/dataset/a2cd85cc-1391-4ebc-aeed-a45dd75a7987/resource/7f73481a-091e-4733-9524-4e6007fc3d2d/download/metadados20221013.json,data/raw/stj_integras/metadata/metadados20221013.json,16028a69b2fb815d1c87e7bf245e844a6d3140334934a4efcd5d5576f9dc9461,1257424,CC-BY,2022-08-01..2024-08-31,2022-10-13T20:38:32.405163,0,"copied from local mirror (STJ-Moral-Damages-Jurimetrics, CKAN download of 2026-09-07/08; sha256 verified against mirror CHECKSUMS)"
2026-09-12T19:01:04+00:00,stj_integras_decisoes,textos20221013.zip,https://dadosabertos.web.stj.jus.br/dataset/a2cd85cc-1391-4ebc-aeed-a45dd75a7987/resource/a25246d0-0b02-41fb-a316-ec0a22410f5a/download/20221013.zip,data/raw/stj_integras/texts/textos20221013.zip,d67a0b3353ba8914b6df93d00ec8005428586ec17f3b950bac624e3845810c74,5836386,CC-BY,2022-08-01..2024-08-31,2022-10-13T20:38:21.173898,0,"copied from local mirror (STJ-Moral-Damages-Jurimetrics, CKAN download of 2026-09-07/08; sha256 verified against mirror CHECKSUMS)"
2026-09-12T19:01:04+00:00,stj_integras_decisoes,metadados20221014.json,https://dadosabertos.web.stj.jus.br/dataset/a2cd85cc-1391-4ebc-aeed-a45dd75a7987/resource/f447f58b-e5b6-4f2c-b2ba-c0f1499a7c58/download/metadados20221014.json,data/raw/stj_integras/metadata/metadados20221014.json,0ae849a8943950807e0697a96326d5ff41e92b33c8e641d2417bea5ae89fc0bd,556672,CC-BY,2022-08-01..2024-08-31,2022-10-14T18:13:25.305910,0,"copied from local mirror (STJ-Moral-Damages-Jurimetrics, CKAN download of 2026-09-07/08; sha256 verified against mirror CHECKSUMS)"
2026-09-12T19:01:04+00:00,stj_integras_decisoes,textos20221014.zip,https://dadosabertos.web.stj.jus.br/dataset/a2cd85cc-1391-4ebc-aeed-a45dd75a7987/resource/a2f6e1f4-a2c5-44f6-ad72-02fb920c8a58/download/20221014.zip,data/raw/stj_integras/texts/textos20221014.zip,d12efa077912c3953c4b6965ce01a26e1e089326d820cc38c6657902e012c370,1649004,CC-BY,2022-08-01..2024-08-31,2022-10-14T18:13:07.745111,0,"copied from local mirror (STJ-Moral-Damages-Jurimetrics, CKAN download of 2026-09-07/08; sha256 verified against mirror CHECKSUMS)"
2026-09-12T19:01:04+00:00,stj_integras_decisoes,metadados20221017.json,https://dadosabertos.web.stj.jus.br/dataset/a2cd85cc-1391-4ebc-aeed-a45dd75a7987/resource/6d9dbbec-a8be-4f03-bbd7-26d8e291a5cd/download/metadados20221017.json,data/raw/stj_integras/metadata/metadados20221017.json,ba955ed6f1a106c4c71167339e4ee77df77c596b05c239a15607b6edf4991cea,1524418,CC-BY,2022-08-01..2024-08-31,2022-10-18T00:53:43.850393,0,"copied from local mirror (STJ-Moral-Damages-Jurimetrics, CKAN download of 2026-09-07/08; sha256 verified against mirror CHECKSUMS)"
2026-09-12T19:01:04+00:00,stj_integras_decisoes,textos20221017.zip,https://dadosabertos.web.stj.jus.br/dataset/a2cd85cc-1391-4ebc-aeed-a45dd75a7987/resource/17f4bcc1-60b5-411e-ab35-511de4b8606b/download/20221017.zip,data/raw/stj_integras/texts/textos20221017.zip,0013606164b154127a07e573ac02f670e9d347eb6088ca7869248c9751bc09fb,3698279,CC-BY,2022-08-01..2024-08-31,2022-10-18T00:53:30.154271,0,"copied from local mirror (STJ-Moral-Damages-Jurimetrics, CKAN download of 2026-09-07/08; sha256 verified against mirror CHECKSUMS)"
2026-09-12T19:01:04+00:00,stj_integras_decisoes,metadados20221018.json,https://dadosabertos.web.stj.jus.br/dataset/a2cd85cc-1391-4ebc-aeed-a45dd75a7987/resource/46c90328-9c54-4537-8ab3-44ddca731cdb/download/metadados20221018.json,data/raw/stj_integras/metadata/metadados20221018.json,1ddc4a29d1a23f58b7eee903a9d682a85fc7f22ac6c24fb5862d6b7e70084718,952480,CC-BY,2022-08-01..2024-08-31,2022-10-18T21:43:42.017346,0,"copied from local mirror (STJ-Moral-Damages-Jurimetrics, CKAN download of 2026-09-07/08; sha256 verified against mirror CHECKSUMS)"
2026-09-12T19:01:04+00:00,stj_integras_decisoes,textos20221018.zip,https://dadosabertos.web.stj.jus.br/dataset/a2cd85cc-1391-4ebc-aeed-a45dd75a7987/resource/4bf5ad1f-a2fb-4081-8525-d48be6dec3b8/download/20221018.zip,data/raw/stj_integras/texts/textos20221018.zip,182b1c86b5eaa245629892c7aabdb3ba01f1498592e884c329cd20d5bd1ac2cd,1629579,CC-BY,2022-08-01..2024-08-31,2022-10-18T21:43:31.272930,0,"copied from local mirror (STJ-Moral-Damages-Jurimetrics, CKAN download of 2026-09-07/08; sha256 verified against mirror CHECKSUMS)"
2026-09-12T19:01:04+00:00,stj_integras_decisoes,metadados20221019.json,https://dadosabertos.web.stj.jus.br/dataset/a2cd85cc-1391-4ebc-aeed-a45dd75a7987/resource/1265dccf-a4b4-4cae-b05c-9ee642ec1552/download/metadados20221019.json,data/raw/stj_integras/metadata/metadados20221019.json,a0c70f636b31289cef068190144ad3a1c5f459e6059c6dd6db84633e93279e35,1235179,CC-BY,2022-08-01..2024-08-31,2022-10-19T18:05:22.199922,0,"copied from local mirror (STJ-Moral-Damages-Jurimetrics, CKAN download of 2026-09-07/08; sha256 verified against mirror CHECKSUMS)"
2026-09-12T19:01:04+00:00,stj_integras_decisoes,textos20221019.zip,https://dadosabertos.web.stj.jus.br/dataset/a2cd85cc-1391-4ebc-aeed-a45dd75a7987/resource/3aa85ad0-adbe-4588-8c31-18546aadd252/download/20221019.zip,data/raw/stj_integras/texts/textos20221019.zip,0287ce9f9d6f10f9e1d5c2faf55decb03b8770624e4d41af68c7b764f59cbcae,4854144,CC-BY,2022-08-01..2024-08-31,2022-10-19T18:05:11.686155,0,"copied from local mirror (STJ-Moral-Damages-Jurimetrics, CKAN download of 2026-09-07/08; sha256 verified against mirror CHECKSUMS)"
2026-09-12T19:01:04+00:00,stj_integras_decisoes,metadados20221020.json,https://dadosabertos.web.stj.jus.br/dataset/a2cd85cc-1391-4ebc-aeed-a45dd75a7987/resource/be5da477-ebfe-43cd-aac8-85345593274a/download/metadados20221020.json,data/raw/stj_integras/metadata/metadados20221020.json,3afd8dd1661442c2d4ae7ab80a295222e7fb43e8a3a76da72712c6df56f693e2,1259823,CC-BY,2022-08-01..2024-08-31,2022-10-20T19:56:43.392519,0,"copied from local mirror (STJ-Moral-Damages-Jurimetrics, CKAN download of 2026-09-07/08; sha256 verified against mirror CHECKSUMS)"
2026-09-12T19:01:04+00:00,stj_integras_decisoes,textos20221020.zip,https://dadosabertos.web.stj.jus.br/dataset/a2cd85cc-1391-4ebc-aeed-a45dd75a7987/resource/7ba82440-4ef3-449b-95f2-5c2f13cd09d8/download/20221020.zip,data/raw/stj_integras/texts/textos20221020.zip,78dc574838e143fea747053f5e99b1924685723e6288b8e57b1712af1df0eced,9763037,CC-BY,2022-08-01..2024-08-31,2022-10-20T19:56:32.444303,0,"copied from local mirror (STJ-Moral-Damages-Jurimetrics, CKAN download of 2026-09-07/08; sha256 verified against mirror CHECKSUMS)"
2026-09-12T19:01:04+00:00,stj_integras_decisoes,metadados20221021.json,https://dadosabertos.web.stj.jus.br/dataset/a2cd85cc-1391-4ebc-aeed-a45dd75a7987/resource/f4ef74d5-6f3d-4427-8d1f-1c7f3171bcee/download/metadados20221021.json,data/raw/stj_integras/metadata/metadados20221021.json,5e149bb9f55f53c81031692cf16b7dfa8d076dd47db41cdb21007febae0e0164,710094,CC-BY,2022-08-01..2024-08-31,2022-10-21T17:22:47.642992,0,"copied from local mirror (STJ-Moral-Damages-Jurimetrics, CKAN download of 2026-09-07/08; sha256 verified against mirror CHECKSUMS)"
2026-09-12T19:01:04+00:00,stj_integras_decisoes,textos20221021.zip,https://dadosabertos.web.stj.jus.br/dataset/a2cd85cc-1391-4ebc-aeed-a45dd75a7987/resource/1b3aea1b-89bc-47d7-ae34-0f6c88494db8/download/20221021.zip,data/raw/stj_integras/texts/textos20221021.zip,a6d3917f47726b56f2d7feb209d5a019f0aa9dd92b701be79af27db628c418d1,7179509,CC-BY,2022-08-01..2024-08-31,2022-10-21T17:22:34.950536,0,"copied from local mirror (STJ-Moral-Damages-Jurimetrics, CKAN download of 2026-09-07/08; sha256 verified against mirror CHECKSUMS)"
2026-09-12T19:01:04+00:00,stj_integras_decisoes,metadados20221024.json,https://dadosabertos.web.stj.jus.br/dataset/a2cd85cc-1391-4ebc-aeed-a45dd75a7987/resource/9f7a7b3f-81b1-4c5d-8c1f-ea21f57e8e52/download/metadados20221024.json,data/raw/stj_integras/metadata/metadados20221024.json,8ac717662f83fb89cc1e48c1cdc088b7112b266d15133327e23f58d1a587c535,943928,CC-BY,2022-08-01..2024-08-31,2022-10-24T22:53:14.402054,0,"copied from local mirror (STJ-Moral-Damages-Jurimetrics, CKAN download of 2026-09-07/08; sha256 verified against mirror CHECKSUMS)"
2026-09-12T19:01:04+00:00,stj_integras_decisoes,textos20221024.zip,https://dadosabertos.web.stj.jus.br/dataset/a2cd85cc-1391-4ebc-aeed-a45dd75a7987/resource/795e36b4-b1d9-4400-bae4-9f9c304855c9/download/20221024.zip,data/raw/stj_integras/texts/textos20221024.zip,45e98c1ab3023b128374a311129fb88f31f27d4b019ff83d1f109e538241922e,8458006,CC-BY,2022-08-01..2024-08-31,2022-10-24T22:53:02.183940,0,"copied from local mirror (STJ-Moral-Damages-Jurimetrics, CKAN download of 2026-09-07/08; sha256 verified against mirror CHECKSUMS)"
2026-09-12T19:01:04+00:00,stj_integras_decisoes,metadados20221025.json,https://dadosabertos.web.stj.jus.br/dataset/a2cd85cc-1391-4ebc-aeed-a45dd75a7987/resource/3433d04b-37ee-492a-b195-5de906488ba1/download/metadados20221025.json,data/raw/stj_integras/metadata/metadados20221025.json,106d6452058b7816c6ac4b6b9d3c1eb11b97793ee02acf30a4d104f5ced6a0ea,1272712,CC-BY,2022-08-01..2024-08-31,2022-10-26T11:26:37.020317,0,"copied from local mirror (STJ-Moral-Damages-Jurimetrics, CKAN download of 2026-09-07/08; sha256 verified against mirror CHECKSUMS)"
2026-09-12T19:01:04+00:00,stj_integras_decisoes,textos20221025.zip,https://dadosabertos.web.stj.jus.br/dataset/a2cd85cc-1391-4ebc-aeed-a45dd75a7987/resource/922f1905-60c8-4951-8167-188a7aa8cda7/download/20221025.zip,data/raw/stj_integras/texts/textos20221025.zip,6ae2e3cf2bd9d95cb6487a799d6c87e336f5c4a6ec698016b25e13c49ea7e4fb,12514922,CC-BY,2022-08-01..2024-08-31,2022-10-26T11:26:26.013314,0,"copied from local mirror (STJ-Moral-Damages-Jurimetrics, CKAN download of 2026-09-07/08; sha256 verified against mirror CHECKSUMS)"
2026-09-12T19:01:04+00:00,stj_integras_decisoes,metadados20221026.json,https://dadosabertos.web.stj.jus.br/dataset/a2cd85cc-1391-4ebc-aeed-a45dd75a7987/resource/89edc87c-6893-45d2-990c-1e45e7be409a/download/metadados20221026.json,data/raw/stj_integras/metadata/metadados20221026.json,06c2ae9d03a36068b746ebdffb1a9df9ef847d880d4451c10ec8e0f1cbeaf5b8,1475424,CC-BY,2022-08-01..2024-08-31,2022-10-26T18:07:38.887388,0,"copied from local mirror (STJ-Moral-Damages-Jurimetrics, CKAN download of 2026-09-07/08; sha256 verified against mirror CHECKSUMS)"
2026-09-12T19:01:04+00:00,stj_integras_decisoes,textos20221026.zip,https://dadosabertos.web.stj.jus.br/dataset/a2cd85cc-1391-4ebc-aeed-a45dd75a7987/resource/fc13c969-f575-4364-9092-74f80adc9d77/download/20221026.zip,data/raw/stj_integras/texts/textos20221026.zip,c59d0bedc8dcd79c7a448f7e92e6c0a6dfcb71d40b89cec3384e017a893ef458,11360490,CC-BY,2022-08-01..2024-08-31,2022-10-26T18:07:24.201187,0,"copied from local mirror (STJ-Moral-Damages-Jurimetrics, CKAN download of 2026-09-07/08; sha256 verified against mirror CHECKSUMS)"
2026-09-12T19:01:04+00:00,stj_integras_decisoes,metadados20221027.json,https://dadosabertos.web.stj.jus.br/dataset/a2cd85cc-1391-4ebc-aeed-a45dd75a7987/resource/3391d09e-c546-4488-80fe-1a89a3794c83/download/metadados20221027.json,data/raw/stj_integras/metadata/metadados20221027.json,c1a76936fb2d804612e4879a9a412032b54bdd396b7d083a68bda73d2b7caa1a,938892,CC-BY,2022-08-01..2024-08-31,2022-10-27T22:24:14.384720,0,"copied from local mirror (STJ-Moral-Damages-Jurimetrics, CKAN download of 2026-09-07/08; sha256 verified against mirror CHECKSUMS)"
2026-09-12T19:01:04+00:00,stj_integras_decisoes,textos20221027.zip,https://dadosabertos.web.stj.jus.br/dataset/a2cd85cc-1391-4ebc-aeed-a45dd75a7987/resource/412107f4-07d8-4c55-afa7-706061492dc2/download/20221027.zip,data/raw/stj_integras/texts/textos20221027.zip,5d9022a634afc325a6130d798905eef7e9c688a18aa31643911c572cd83160a0,9286432,CC-BY,2022-08-01..2024-08-31,2022-10-27T22:24:03.488677,0,"copied from local mirror (STJ-Moral-Damages-Jurimetrics, CKAN download of 2026-09-07/08; sha256 verified against mirror CHECKSUMS)"
2026-09-12T19:01:04+00:00,stj_integras_decisoes,metadados20221028.json,https://dadosabertos.web.stj.jus.br/dataset/a2cd85cc-1391-4ebc-aeed-a45dd75a7987/resource/459e3bf4-19e4-451a-ae2c-1d239a5e598f/download/metadados20221028.json,data/raw/stj_integras/metadata/metadados20221028.json,6328e7b2a497799b87b2ef4c9fe7ad30ce34f04dfa89a0927ecad784bbd3135c,1289939,CC-BY,2022-08-01..2024-08-31,2022-11-01T19:37:59.471305,0,"copied from local mirror (STJ-Moral-Damages-Jurimetrics, CKAN download of 2026-09-07/08; sha256 verified against mirror CHECKSUMS)"
2026-09-12T19:01:04+00:00,stj_integras_decisoes,textos20221028.zip,https://dadosabertos.web.stj.jus.br/dataset/a2cd85cc-1391-4ebc-aeed-a45dd75a7987/resource/297fe93d-5f49-41a0-9f8a-171265f3f998/download/20221028.zip,data/raw/stj_integras/texts/textos20221028.zip,9c3ed733518e7002b16c6114c8ff4ace65e3bc04eb5adae4d76843f987791bcb,12229929,CC-BY,2022-08-01..2024-08-31,2022-11-01T19:37:49.131871,0,"copied from local mirror (STJ-Moral-Damages-Jurimetrics, CKAN download of 2026-09-07/08; sha256 verified against mirror CHECKSUMS)"
2026-09-12T19:01:04+00:00,stj_integras_decisoes,metadados20221103.json,https://dadosabertos.web.stj.jus.br/dataset/a2cd85cc-1391-4ebc-aeed-a45dd75a7987/resource/bac6f65e-66b7-4b5f-9f4e-7791cf41fc62/download/metadados20221103.json,data/raw/stj_integras/metadata/metadados20221103.json,06b9dbeccd7b87a7273d52d472f7b2c7c869b9d69bf8c7636109cbec46755275,1509250,CC-BY,2022-08-01..2024-08-31,2022-11-04T15:10:46.282895,0,"copied from local mirror (STJ-Moral-Damages-Jurimetrics, CKAN download of 2026-09-07/08; sha256 verified against mirror CHECKSUMS)"
2026-09-12T19:01:04+00:00,stj_integras_decisoes,textos20221103.zip,https://dadosabertos.web.stj.jus.br/dataset/a2cd85cc-1391-4ebc-aeed-a45dd75a7987/resource/3dfcce7e-fc7f-44a0-801c-fb8c0fee366d/download/20221103.zip,data/raw/stj_integras/texts/textos20221103.zip,bb0d1c68e19d70d5743a17b4cd130d29fa7b8a4392b3a50db3411ab13efdcdd0,15229881,CC-BY,2022-08-01..2024-08-31,2022-11-04T15:10:34.733710,0,"copied from local mirror (STJ-Moral-Damages-Jurimetrics, CKAN download of 2026-09-07/08; sha256 verified against mirror CHECKSUMS)"
2026-09-12T19:01:04+00:00,stj_integras_decisoes,metadados20221104.json,https://dadosabertos.web.stj.jus.br/dataset/a2cd85cc-1391-4ebc-aeed-a45dd75a7987/resource/d8e2abdf-f0aa-4eb3-a257-a8a98d04baae/download/metadados20221104.json,data/raw/stj_integras/metadata/metadados20221104.json,7a3d799e29b3b6ebdcefef4244a36bcbee09bfc249fb103844e620935b2c3e69,1918509,CC-BY,2022-08-01..2024-08-31,2022-11-04T15:27:48.099397,0,"copied from local mirror (STJ-Moral-Damages-Jurimetrics, CKAN download of 2026-09-07/08; sha256 verified against mirror CHECKSUMS)"
2026-09-12T19:01:04+00:00,stj_integras_decisoes,textos20221104.zip,https://dadosabertos.web.stj.jus.br/dataset/a2cd85cc-1391-4ebc-aeed-a45dd75a7987/resource/d4bacd55-4b0f-4c9d-bb29-0e1ce7021166/download/20221104.zip,data/raw/stj_integras/texts/textos20221104.zip,cd0086b91e776878542019b407844127791e637fbd299198c72e49e1f1e8ae6f,18505346,CC-BY,2022-08-01..2024-08-31,2022-11-04T15:27:36.683821,0,"copied from local mirror (STJ-Moral-Damages-Jurimetrics, CKAN download of 2026-09-07/08; sha256 verified against mirror CHECKSUMS)"
2026-09-12T19:01:04+00:00,stj_integras_decisoes,metadados20221107.json,https://dadosabertos.web.stj.jus.br/dataset/a2cd85cc-1391-4ebc-aeed-a45dd75a7987/resource/513e6e31-0ba9-4721-a20a-7a2250546fd3/download/metadados20221107.json,data/raw/stj_integras/metadata/metadados20221107.json,8aefa547d59ad1ac4cc4d0e2f39848679136d20cdcb413e5dcf23906e9dfc939,1021425,CC-BY,2022-08-01..2024-08-31,2022-11-07T19:00:27.674557,0,"copied from local mirror (STJ-Moral-Damages-Jurimetrics, CKAN download of 2026-09-07/08; sha256 verified against mirror CHECKSUMS)"
2026-09-12T19:01:04+00:00,stj_integras_decisoes,textos20221107.zip,https://dadosabertos.web.stj.jus.br/dataset/a2cd85cc-1391-4ebc-aeed-a45dd75a7987/resource/7f52c20a-c7e1-4c3f-9aa3-b73c67b7d944/download/20221107.zip,data/raw/stj_integras/texts/textos20221107.zip,3b4fe2eb6c9be705cfb06b039625283cc0fd2d6bf2576a8694a01e74ab0dbff0,6779154,CC-BY,2022-08-01..2024-08-31,2022-11-07T19:00:10.861600,0,"copied from local mirror (STJ-Moral-Damages-Jurimetrics, CKAN download of 2026-09-07/08; sha256 verified against mirror CHECKSUMS)"
2026-09-12T19:01:04+00:00,stj_integras_decisoes,metadados20221108.json,https://dadosabertos.web.stj.jus.br/dataset/a2cd85cc-1391-4ebc-aeed-a45dd75a7987/resource/b2b0bb8f-8054-4148-8fe6-82edfcbfa621/download/metadados20221108.json,data/raw/stj_integras/metadata/metadados20221108.json,e9a1c0147ee9f6b2aad7d3ab7b87a1a9b32d8d6ad6b61fde6214ec6320f8c30e,705004,CC-BY,2022-08-01..2024-08-31,2022-11-08T18:41:17.318599,0,"copied from local mirror (STJ-Moral-Damages-Jurimetrics, CKAN download of 2026-09-07/08; sha256 verified against mirror CHECKSUMS)"
2026-09-12T19:01:04+00:00,stj_integras_decisoes,textos20221108.zip,https://dadosabertos.web.stj.jus.br/dataset/a2cd85cc-1391-4ebc-aeed-a45dd75a7987/resource/07be66d8-8119-4068-aac9-2b45af0cb12c/download/20221108.zip,data/raw/stj_integras/texts/textos20221108.zip,f41f2b9b49213a5cd2b43c57446f96c6fbd35f31299c38b5b11b3929c6164e02,3239359,CC-BY,2022-08-01..2024-08-31,2022-11-08T18:41:06.377892,0,"copied from local mirror (STJ-Moral-Damages-Jurimetrics, CKAN download of 2026-09-07/08; sha256 verified against mirror CHECKSUMS)"
2026-09-12T19:01:04+00:00,stj_integras_decisoes,metadados20221109.json,https://dadosabertos.web.stj.jus.br/dataset/a2cd85cc-1391-4ebc-aeed-a45dd75a7987/resource/6eca4cda-a216-4968-977c-fe21e1086524/download/metadados20221109.json,data/raw/stj_integras/metadata/metadados20221109.json,adb9950b55f5a61aef91b036ac63a698ffac7ea3c1206408c8bd73d5f6561398,772233,CC-BY,2022-08-01..2024-08-31,2022-11-09T19:42:23.619407,0,"copied from local mirror (STJ-Moral-Damages-Jurimetrics, CKAN download of 2026-09-07/08; sha256 verified against mirror CHECKSUMS)"
2026-09-12T19:01:04+00:00,stj_integras_decisoes,textos20221109.zip,https://dadosabertos.web.stj.jus.br/dataset/a2cd85cc-1391-4ebc-aeed-a45dd75a7987/resource/ddd0f370-327b-4a55-bc72-98207838e608/download/20221109.zip,data/raw/stj_integras/texts/textos20221109.zip,66f35bc4f3019b15faedb29fadb49f5e5327ebb70222cf182a3b3c6adbde0b4b,5323238,CC-BY,2022-08-01..2024-08-31,2022-11-09T19:42:13.678487,0,"copied from local mirror (STJ-Moral-Damages-Jurimetrics, CKAN download of 2026-09-07/08; sha256 verified against mirror CHECKSUMS)"
2026-09-12T19:01:04+00:00,stj_integras_decisoes,metadados20221110.json,https://dadosabertos.web.stj.jus.br/dataset/a2cd85cc-1391-4ebc-aeed-a45dd75a7987/resource/0d664c4d-36d5-4bb0-90a3-e6090d329b20/download/metadados20221110.json,data/raw/stj_integras/metadata/metadados20221110.json,b24a48dbdf5a991d59dd7be780fa14a46ae1e3b07e9e725583b174148faebcdf,498529,CC-BY,2022-08-01..2024-08-31,2022-11-10T19:20:00.807193,0,"copied from local mirror (STJ-Moral-Damages-Jurimetrics, CKAN download of 2026-09-07/08; sha256 verified against mirror CHECKSUMS)"
2026-09-12T19:01:04+00:00,stj_integras_decisoes,textos20221110.zip,https://dadosabertos.web.stj.jus.br/dataset/a2cd85cc-1391-4ebc-aeed-a45dd75a7987/resource/7418e863-0180-4dca-9277-172c06f4f243/download/20221110.zip,data/raw/stj_integras/texts/textos20221110.zip,1bebb99f336865aabe1bc802e2cb5a809771fc4969411ed8b087ca967951f930,4852128,CC-BY,2022-08-01..2024-08-31,2022-11-10T19:19:50.228302,0,"copied from local mirror (STJ-Moral-Damages-Jurimetrics, CKAN download of 2026-09-07/08; sha256 verified against mirror CHECKSUMS)"
2026-09-12T19:01:04+00:00,stj_integras_decisoes,metadados20221111.json,https://dadosabertos.web.stj.jus.br/dataset/a2cd85cc-1391-4ebc-aeed-a45dd75a7987/resource/bc62120b-9169-40bf-9bad-03641b666fe2/download/metadados20221111.json,data/raw/stj_integras/metadata/metadados20221111.json,67e7ac213e2bc2f23da9c0c25981690f4665c8d0806a6a6648cb42523688d5b8,1343378,CC-BY,2022-08-01..2024-08-31,2022-11-11T18:30:24.986150,0,"copied from local mirror (STJ-Moral-Damages-Jurimetrics, CKAN download of 2026-09-07/08; sha256 verified against mirror CHECKSUMS)"
2026-09-12T19:01:04+00:00,stj_integras_decisoes,textos20221111.zip,https://dadosabertos.web.stj.jus.br/dataset/a2cd85cc-1391-4ebc-aeed-a45dd75a7987/resource/551a251c-40f0-42b6-b70a-23e635763821/download/20221111.zip,data/raw/stj_integras/texts/textos20221111.zip,ba543d2a92de54393ca38a2b7d60d1ec9b7b05a9b3b5c31b70e488cd2e8b381c,8051735,CC-BY,2022-08-01..2024-08-31,2022-11-11T18:30:05.288728,0,"copied from local mirror (STJ-Moral-Damages-Jurimetrics, CKAN download of 2026-09-07/08; sha256 verified against mirror CHECKSUMS)"
2026-09-12T19:01:04+00:00,stj_integras_decisoes,metadados20221114.json,https://dadosabertos.web.stj.jus.br/dataset/a2cd85cc-1391-4ebc-aeed-a45dd75a7987/resource/5e514f5e-2161-446f-b81b-516175adccb9/download/metadados20221114.json,data/raw/stj_integras/metadata/metadados20221114.json,dee35990066bc0abcf4d027ac054d9261102630a21fcfd5391ece59f8e53dedd,826667,CC-BY,2022-08-01..2024-08-31,2022-11-14T16:25:58.142997,0,"copied from local mirror (STJ-Moral-Damages-Jurimetrics, CKAN download of 2026-09-07/08; sha256 verified against mirror CHECKSUMS)"
2026-09-12T19:01:04+00:00,stj_integras_decisoes,textos20221114.zip,https://dadosabertos.web.stj.jus.br/dataset/a2cd85cc-1391-4ebc-aeed-a45dd75a7987/resource/c3c1c735-494a-4a05-bce7-d84a92a0dff1/download/20221114.zip,data/raw/stj_integras/texts/textos20221114.zip,d08b4c2d8d28e31d3e130d79a0e4211ec696425a1a4c08a647a8ae1ea7a10ea0,7268495,CC-BY,2022-08-01..2024-08-31,2022-11-14T16:25:43.763101,0,"copied from local mirror (STJ-Moral-Damages-Jurimetrics, CKAN download of 2026-09-07/08; sha256 verified against mirror CHECKSUMS)"
2026-09-12T19:01:04+00:00,stj_integras_decisoes,metadados20221116.json,https://dadosabertos.web.stj.jus.br/dataset/a2cd85cc-1391-4ebc-aeed-a45dd75a7987/resource/6482df35-bb72-4b58-9138-8c9b2e30c499/download/metadados20221116.json,data/raw/stj_integras/metadata/metadados20221116.json,2d6d9b1616c5fadb3418c5267565740ee1c1f4e72795ab6655c88ad4a34c7c69,1227432,CC-BY,2022-08-01..2024-08-31,2022-11-16T17:08:41.380913,0,"copied from local mirror (STJ-Moral-Damages-Jurimetrics, CKAN download of 2026-09-07/08; sha256 verified against mirror CHECKSUMS)"
2026-09-12T19:01:04+00:00,stj_integras_decisoes,textos20221116.zip,https://dadosabertos.web.stj.jus.br/dataset/a2cd85cc-1391-4ebc-aeed-a45dd75a7987/resource/28a236e4-b5de-4db7-a7b0-4d38bc532133/download/20221116.zip,data/raw/stj_integras/texts/textos20221116.zip,a10b4b86413bf40fa8b5eee361d27012513dbf42f05912c495e017b90e96fd6a,10474556,CC-BY,2022-08-01..2024-08-31,2022-11-16T17:08:31.151717,0,"copied from local mirror (STJ-Moral-Damages-Jurimetrics, CKAN download of 2026-09-07/08; sha256 verified against mirror CHECKSUMS)"
2026-09-12T19:01:04+00:00,stj_integras_decisoes,metadados20221117.json,https://dadosabertos.web.stj.jus.br/dataset/a2cd85cc-1391-4ebc-aeed-a45dd75a7987/resource/0f6d743a-d3f6-47ec-902e-99e4eae5d18c/download/metadados20221117.json,data/raw/stj_integras/metadata/metadados20221117.json,9492e629607a2296bb4246faebc1870bb3f7ac6c3beef31ad9b70f462af3d90c,980507,CC-BY,2022-08-01..2024-08-31,2022-11-17T18:46:15.684080,0,"copied from local mirror (STJ-Moral-Damages-Jurimetrics, CKAN download of 2026-09-07/08; sha256 verified against mirror CHECKSUMS)"
2026-09-12T19:01:04+00:00,stj_integras_decisoes,textos20221117.zip,https://dadosabertos.web.stj.jus.br/dataset/a2cd85cc-1391-4ebc-aeed-a45dd75a7987/resource/d1aae79a-9616-4560-92e4-ccb52b0fc349/download/20221117.zip,data/raw/stj_integras/texts/textos20221117.zip,8ea2d7b427345ea5894f8edd4c94db32a81aef6fc76fd75332f877007a413dda,9318197,CC-BY,2022-08-01..2024-08-31,2022-11-17T18:46:03.545612,0,"copied from local mirror (STJ-Moral-Damages-Jurimetrics, CKAN download of 2026-09-07/08; sha256 verified against mirror CHECKSUMS)"
2026-09-12T19:01:04+00:00,stj_integras_decisoes,metadados20221118.json,https://dadosabertos.web.stj.jus.br/dataset/a2cd85cc-1391-4ebc-aeed-a45dd75a7987/resource/762ae94d-b25f-4d78-86a1-8aefb3091f71/download/metadados20221118.json,data/raw/stj_integras/metadata/metadados20221118.json,db6c4826ae69ffba793697aaea32aec857f1d99f66d9b7eeff62e996df9242f7,1489915,CC-BY,2022-08-01..2024-08-31,2022-11-21T18:02:45.569286,0,"copied from local mirror (STJ-Moral-Damages-Jurimetrics, CKAN download of 2026-09-07/08; sha256 verified against mirror CHECKSUMS)"
2026-09-12T19:01:04+00:00,stj_integras_decisoes,textos20221118.zip,https://dadosabertos.web.stj.jus.br/dataset/a2cd85cc-1391-4ebc-aeed-a45dd75a7987/resource/54383d8c-b74c-4b2d-89ea-cec9f9cde2dc/download/20221118.zip,data/raw/stj_integras/texts/textos20221118.zip,98625cf00128db9760a0e3e1e2ba1b06ad4810d9b5d7588aa9f84603b0dd132f,12143386,CC-BY,2022-08-01..2024-08-31,2022-11-21T18:02:34.143110,0,"copied from local mirror (STJ-Moral-Damages-Jurimetrics, CKAN download of 2026-09-07/08; sha256 verified against mirror CHECKSUMS)"
2026-09-12T19:01:04+00:00,stj_integras_decisoes,metadados20221121.json,https://dadosabertos.web.stj.jus.br/dataset/a2cd85cc-1391-4ebc-aeed-a45dd75a7987/resource/fdfa4b1a-9294-4c90-ad33-342e419b8db8/download/metadados20221121.json,data/raw/stj_integras/metadata/metadados20221121.json,66a6a802d4696afb730585131dd81d512e73f2bc1e906c66e968dea7a27445b2,860298,CC-BY,2022-08-01..2024-08-31,2022-11-21T18:03:05.565891,0,"copied from local mirror (STJ-Moral-Damages-Jurimetrics, CKAN download of 2026-09-07/08; sha256 verified against mirror CHECKSUMS)"
2026-09-12T19:01:04+00:00,stj_integras_decisoes,textos20221121.zip,https://dadosabertos.web.stj.jus.br/dataset/a2cd85cc-1391-4ebc-aeed-a45dd75a7987/resource/94ba5006-c231-41e5-9d47-9e0a3f5db8ff/download/20221121.zip,data/raw/stj_integras/texts/textos20221121.zip,75869114b2e7ebd183f0d6b4cee7b5b62a231ff64c629f900d2ec1a299fd0399,7276180,CC-BY,2022-08-01..2024-08-31,2022-11-21T18:02:55.384042,0,"copied from local mirror (STJ-Moral-Damages-Jurimetrics, CKAN download of 2026-09-07/08; sha256 verified against mirror CHECKSUMS)"
2026-09-12T19:01:04+00:00,stj_integras_decisoes,metadados20221122.json,https://dadosabertos.web.stj.jus.br/dataset/a2cd85cc-1391-4ebc-aeed-a45dd75a7987/resource/5b5d3404-5aa6-4eb9-9e4f-f78282611401/download/metadados20221122.json,data/raw/stj_integras/metadata/metadados20221122.json,3d94934a7bd90eabcc07262f62987a0dba39151529b3d5c72581d29d29523783,1218925,CC-BY,2022-08-01..2024-08-31,2022-11-22T18:38:40.094514,0,"copied from local mirror (STJ-Moral-Damages-Jurimetrics, CKAN download of 2026-09-07/08; sha256 verified against mirror CHECKSUMS)"
2026-09-12T19:01:04+00:00,stj_integras_decisoes,textos20221122.zip,https://dadosabertos.web.stj.jus.br/dataset/a2cd85cc-1391-4ebc-aeed-a45dd75a7987/resource/0f970b61-7249-40e3-b0d0-24c67f64c03f/download/20221122.zip,data/raw/stj_integras/texts/textos20221122.zip,488ec2956fd24cd1ce4177655d92297e540db056a5c663cb53b87889e9e94370,10973387,CC-BY,2022-08-01..2024-08-31,2022-11-22T18:38:25.030407,0,"copied from local mirror (STJ-Moral-Damages-Jurimetrics, CKAN download of 2026-09-07/08; sha256 verified against mirror CHECKSUMS)"
2026-09-12T19:01:04+00:00,stj_integras_decisoes,metadados20221123.json,https://dadosabertos.web.stj.jus.br/dataset/a2cd85cc-1391-4ebc-aeed-a45dd75a7987/resource/8fbdde0d-f561-4649-a31c-489a5927dcd2/download/metadados20221123.json,data/raw/stj_integras/metadata/metadados20221123.json,f1296ebaa39b920bf52990be6f04ff8d58afd1082b1bbaf9463952c92c05f9a6,911061,CC-BY,2022-08-01..2024-08-31,2022-11-23T17:35:37.598080,0,"copied from local mirror (STJ-Moral-Damages-Jurimetrics, CKAN download of 2026-09-07/08; sha256 verified against mirror CHECKSUMS)"
2026-09-12T19:01:04+00:00,stj_integras_decisoes,textos20221123.zip,https://dadosabertos.web.stj.jus.br/dataset/a2cd85cc-1391-4ebc-aeed-a45dd75a7987/resource/51124a67-639e-4ac4-a987-013a67cdc1be/download/20221123.zip,data/raw/stj_integras/texts/textos20221123.zip,af77ee635782cfe4b986fd504c5d7b2cdb2e64b96da6f6a8c3d1737d6cb948cb,6781136,CC-BY,2022-08-01..2024-08-31,2022-11-23T17:35:18.254203,0,"copied from local mirror (STJ-Moral-Damages-Jurimetrics, CKAN download of 2026-09-07/08; sha256 verified against mirror CHECKSUMS)"
2026-09-12T19:01:04+00:00,stj_integras_decisoes,metadados20221124.json,https://dadosabertos.web.stj.jus.br/dataset/a2cd85cc-1391-4ebc-aeed-a45dd75a7987/resource/5c9e98f9-1d44-4796-91e0-5fd54f0bf665/download/metadados20221124.json,data/raw/stj_integras/metadata/metadados20221124.json,b65e870d5c2a88d4a2e849653e32056af6bbe73d3998a9c36b53f0b1ab9fc880,1285310,CC-BY,2022-08-01..2024-08-31,2022-11-25T18:02:35.846316,0,"copied from local mirror (STJ-Moral-Damages-Jurimetrics, CKAN download of 2026-09-07/08; sha256 verified against mirror CHECKSUMS)"
2026-09-12T19:01:04+00:00,stj_integras_decisoes,textos20221124.zip,https://dadosabertos.web.stj.jus.br/dataset/a2cd85cc-1391-4ebc-aeed-a45dd75a7987/resource/37746da3-3e34-4823-ad16-2261d5033b6a/download/20221124.zip,data/raw/stj_integras/texts/textos20221124.zip,8be2789027210d862e8ba3acd75fb4d0da035ae3168a262f5ef0c875cddac3b6,12111625,CC-BY,2022-08-01..2024-08-31,2022-11-25T18:02:25.077976,0,"copied from local mirror (STJ-Moral-Damages-Jurimetrics, CKAN download of 2026-09-07/08; sha256 verified against mirror CHECKSUMS)"
2026-09-12T19:01:04+00:00,stj_integras_decisoes,metadados20221125.json,https://dadosabertos.web.stj.jus.br/dataset/a2cd85cc-1391-4ebc-aeed-a45dd75a7987/resource/63ac6147-d043-41c2-9f00-1e6c9771e950/download/metadados20221125.json,data/raw/stj_integras/metadata/metadados20221125.json,2ad019b79f9d60391cfe4906b7a16ab62590ba55c9f1e99b098a40d87b581e80,593134,CC-BY,2022-08-01..2024-08-31,2022-11-25T18:02:59.610411,0,"copied from local mirror (STJ-Moral-Damages-Jurimetrics, CKAN download of 2026-09-07/08; sha256 verified against mirror CHECKSUMS)"
2026-09-12T19:01:04+00:00,stj_integras_decisoes,textos20221125.zip,https://dadosabertos.web.stj.jus.br/dataset/a2cd85cc-1391-4ebc-aeed-a45dd75a7987/resource/79beecd6-f155-48fc-b045-4382a4353670/download/20221125.zip,data/raw/stj_integras/texts/textos20221125.zip,0536d5e2466b473aa2810ce1621668a9871f2fc7caa33890e8223c607578b878,4945522,CC-BY,2022-08-01..2024-08-31,2022-11-25T18:02:46.030075,0,"copied from local mirror (STJ-Moral-Damages-Jurimetrics, CKAN download of 2026-09-07/08; sha256 verified against mirror CHECKSUMS)"
2026-09-12T19:01:04+00:00,stj_integras_decisoes,metadados20221128.json,https://dadosabertos.web.stj.jus.br/dataset/a2cd85cc-1391-4ebc-aeed-a45dd75a7987/resource/68167519-91c7-4076-8736-decfc45c87b2/download/metadados20221128.json,data/raw/stj_integras/metadata/metadados20221128.json,5ccbf58afb261bbda5f55c34c2ffeb207bd3045b47e078006cbd5936b825ab43,845601,CC-BY,2022-08-01..2024-08-31,2022-11-29T09:25:05.866500,0,"copied from local mirror (STJ-Moral-Damages-Jurimetrics, CKAN download of 2026-09-07/08; sha256 verified against mirror CHECKSUMS)"
2026-09-12T19:01:04+00:00,stj_integras_decisoes,textos20221128.zip,https://dadosabertos.web.stj.jus.br/dataset/a2cd85cc-1391-4ebc-aeed-a45dd75a7987/resource/e354378b-1e20-43ca-8855-94a280a065aa/download/20221128.zip,data/raw/stj_integras/texts/textos20221128.zip,831cad22e1272884b819c497aff2196015d156360fcbfbddefe56991485265ae,7845364,CC-BY,2022-08-01..2024-08-31,2022-11-29T09:24:45.199186,0,"copied from local mirror (STJ-Moral-Damages-Jurimetrics, CKAN download of 2026-09-07/08; sha256 verified against mirror CHECKSUMS)"
2026-09-12T19:01:04+00:00,stj_integras_decisoes,metadados20221129.json,https://dadosabertos.web.stj.jus.br/dataset/a2cd85cc-1391-4ebc-aeed-a45dd75a7987/resource/98f837e0-d3ce-434e-825c-fdea18b51d2f/download/metadados20221129.json,data/raw/stj_integras/metadata/metadados20221129.json,e454f6711869b7f7ad143dfa05fceab31159249ffe09d4576aa511b63215703e,1546211,CC-BY,2022-08-01..2024-08-31,2022-11-29T18:11:31.853384,0,"copied from local mirror (STJ-Moral-Damages-Jurimetrics, CKAN download of 2026-09-07/08; sha256 verified against mirror CHECKSUMS)"
2026-09-12T19:01:04+00:00,stj_integras_decisoes,textos20221129.zip,https://dadosabertos.web.stj.jus.br/dataset/a2cd85cc-1391-4ebc-aeed-a45dd75a7987/resource/b6e3daea-9389-4c78-b706-2c9b4efc2c14/download/20221129.zip,data/raw/stj_integras/texts/textos20221129.zip,da96b01f524a6f898efe50d0ad2b0fbfca016287f1c295507b62674fe419cf74,11069715,CC-BY,2022-08-01..2024-08-31,2022-11-29T18:11:16.530383,0,"copied from local mirror (STJ-Moral-Damages-Jurimetrics, CKAN download of 2026-09-07/08; sha256 verified against mirror CHECKSUMS)"
2026-09-12T19:01:04+00:00,stj_integras_decisoes,metadados20221130.json,https://dadosabertos.web.stj.jus.br/dataset/a2cd85cc-1391-4ebc-aeed-a45dd75a7987/resource/1599851d-117a-4979-85ad-959c1372812b/download/metadados20221130.json,data/raw/stj_integras/metadata/metadados20221130.json,db1616357a83408137f7b92929d6541836081b02ec2c81c62fd8bb3ce805ea2e,1376705,CC-BY,2022-08-01..2024-08-31,2022-11-30T20:19:16.680717,0,"copied from local mirror (STJ-Moral-Damages-Jurimetrics, CKAN download of 2026-09-07/08; sha256 verified against mirror CHECKSUMS)"
2026-09-12T19:01:04+00:00,stj_integras_decisoes,textos20221130.zip,https://dadosabertos.web.stj.jus.br/dataset/a2cd85cc-1391-4ebc-aeed-a45dd75a7987/resource/63f64ba9-eeb3-4838-9e37-0ad7f0b7fc64/download/20221130.zip,data/raw/stj_integras/texts/textos20221130.zip,de1204820e74fd014f5913c245d9d3aded1e8b95ea5303315c465f88b71e1280,13879883,CC-BY,2022-08-01..2024-08-31,2022-11-30T20:19:03.658089,0,"copied from local mirror (STJ-Moral-Damages-Jurimetrics, CKAN download of 2026-09-07/08; sha256 verified against mirror CHECKSUMS)"
2026-09-12T19:01:04+00:00,stj_integras_decisoes,metadados20221201.json,https://dadosabertos.web.stj.jus.br/dataset/a2cd85cc-1391-4ebc-aeed-a45dd75a7987/resource/9ceb16e7-ca5f-4c85-93b0-6c4d4bb42973/download/metadados20221201.json,data/raw/stj_integras/metadata/metadados20221201.json,69ddf83a6bfa17d6b2fd09f9401f2b8bb11e99e566d7e8254da0cf1820bca5c6,1936038,CC-BY,2022-08-01..2024-08-31,2022-12-01T19:20:05.151496,0,"copied from local mirror (STJ-Moral-Damages-Jurimetrics, CKAN download of 2026-09-07/08; sha256 verified against mirror CHECKSUMS)"
2026-09-12T19:01:04+00:00,stj_integras_decisoes,textos20221201.zip,https://dadosabertos.web.stj.jus.br/dataset/a2cd85cc-1391-4ebc-aeed-a45dd75a7987/resource/17acb9aa-0258-41f4-b66c-ca24fb230bad/download/20221201.zip,data/raw/stj_integras/texts/textos20221201.zip,b21d5d6f92cbef22ea1ddcb41ed36ef3a524a46f7da56ff186d43bd296f8fa82,6982815,CC-BY,2022-08-01..2024-08-31,2022-12-01T19:19:45.339468,0,"copied from local mirror (STJ-Moral-Damages-Jurimetrics, CKAN download of 2026-09-07/08; sha256 verified against mirror CHECKSUMS)"
2026-09-12T19:01:04+00:00,stj_integras_decisoes,metadados20221202.json,https://dadosabertos.web.stj.jus.br/dataset/a2cd85cc-1391-4ebc-aeed-a45dd75a7987/resource/20a4d7ad-e295-4d08-8f04-e527bb5d8b33/download/metadados20221202.json,data/raw/stj_integras/metadata/metadados20221202.json,3a13583e541764a59db283806ee7d8f1587b999dcea12679846eb74150937554,1585242,CC-BY,2022-08-01..2024-08-31,2022-12-05T10:24:11.176448,0,"copied from local mirror (STJ-Moral-Damages-Jurimetrics, CKAN download of 2026-09-07/08; sha256 verified against mirror CHECKSUMS)"
2026-09-12T19:01:04+00:00,stj_integras_decisoes,textos20221202.zip,https://dadosabertos.web.stj.jus.br/dataset/a2cd85cc-1391-4ebc-aeed-a45dd75a7987/resource/6ea07f86-1591-43cc-aebe-6a82eb5b81da/download/20221202.zip,data/raw/stj_integras/texts/textos20221202.zip,6e1bc0198c8336c49268d40ded29c825ac285a87295454c7fb5dd0f46ca5f3d8,15239285,CC-BY,2022-08-01..2024-08-31,2022-12-05T10:23:58.412414,0,"copied from local mirror (STJ-Moral-Damages-Jurimetrics, CKAN download of 2026-09-07/08; sha256 verified against mirror CHECKSUMS)"
2026-09-12T19:01:04+00:00,stj_integras_decisoes,metadados20221205.json,https://dadosabertos.web.stj.jus.br/dataset/a2cd85cc-1391-4ebc-aeed-a45dd75a7987/resource/6d219f81-ab00-4117-a8c7-07c7bd325bb3/download/metadados20221205.json,data/raw/stj_integras/metadata/metadados20221205.json,ccf3f99889e66153f884eae69bbcd3719d74f307d67fa18e07366c5c50afec12,938284,CC-BY,2022-08-01..2024-08-31,2022-12-05T16:57:58.548281,0,"copied from local mirror (STJ-Moral-Damages-Jurimetrics, CKAN download of 2026-09-07/08; sha256 verified against mirror CHECKSUMS)"
2026-09-12T19:01:04+00:00,stj_integras_decisoes,textos20221205.zip,https://dadosabertos.web.stj.jus.br/dataset/a2cd85cc-1391-4ebc-aeed-a45dd75a7987/resource/3f40d090-3ee3-4e0f-90ac-b626eef7d42a/download/20221205.zip,data/raw/stj_integras/texts/textos20221205.zip,76ac45d3c2dbe46eb390a3116461a33b0d2565384268e86e541f48f5086b522d,1957407,CC-BY,2022-08-01..2024-08-31,2022-12-05T16:57:46.219449,0,"copied from local mirror (STJ-Moral-Damages-Jurimetrics, CKAN download of 2026-09-07/08; sha256 verified against mirror CHECKSUMS)"
2026-09-12T19:01:04+00:00,stj_integras_decisoes,metadados20221206.json,https://dadosabertos.web.stj.jus.br/dataset/a2cd85cc-1391-4ebc-aeed-a45dd75a7987/resource/64a9912c-93bd-4bd6-a615-415fd70f4afb/download/metadados20221206.json,data/raw/stj_integras/metadata/metadados20221206.json,1f7ce707b9f84dd17143ce6de3f6083271181c2ebee8ffd1d8688b14afeeba07,376987,CC-BY,2022-08-01..2024-08-31,2022-12-06T22:02:27.402126,0,"copied from local mirror (STJ-Moral-Damages-Jurimetrics, CKAN download of 2026-09-07/08; sha256 verified against mirror CHECKSUMS)"
2026-09-12T19:01:04+00:00,stj_integras_decisoes,textos20221206.zip,https://dadosabertos.web.stj.jus.br/dataset/a2cd85cc-1391-4ebc-aeed-a45dd75a7987/resource/52353a98-e53c-45f3-9d14-de9b4fcb2e68/download/20221206.zip,data/raw/stj_integras/texts/textos20221206.zip,c8d4673d8285483b06be3157cdd83eadd076e480abdb29276634889d1f4a5894,3369286,CC-BY,2022-08-01..2024-08-31,2022-12-06T22:02:13.973446,0,"copied from local mirror (STJ-Moral-Damages-Jurimetrics, CKAN download of 2026-09-07/08; sha256 verified against mirror CHECKSUMS)"
2026-09-12T19:01:04+00:00,stj_integras_decisoes,metadados20221207.json,https://dadosabertos.web.stj.jus.br/dataset/a2cd85cc-1391-4ebc-aeed-a45dd75a7987/resource/ced578b7-4c4f-4452-9e6a-6d156e1c2250/download/metadados20221207.json,data/raw/stj_integras/metadata/metadados20221207.json,c7ce62406037b10a60d5f40de7ccd11a7fad5ebf97071f4fab50248b691b57db,1318748,CC-BY,2022-08-01..2024-08-31,2022-12-09T10:15:14.369552,0,"copied from local mirror (STJ-Moral-Damages-Jurimetrics, CKAN download of 2026-09-07/08; sha256 verified against mirror CHECKSUMS)"
2026-09-12T19:01:04+00:00,stj_integras_decisoes,textos20221207.zip,https://dadosabertos.web.stj.jus.br/dataset/a2cd85cc-1391-4ebc-aeed-a45dd75a7987/resource/8804921c-e454-4266-95ee-e8f3fd83b38e/download/20221207.zip,data/raw/stj_integras/texts/textos20221207.zip,89b3c0c3995b77548dfd3e11546220320d78bc1a994911163aa6eb90cf647f81,11242705,CC-BY,2022-08-01..2024-08-31,2022-12-09T10:15:02.929839,0,"copied from local mirror (STJ-Moral-Damages-Jurimetrics, CKAN download of 2026-09-07/08; sha256 verified against mirror CHECKSUMS)"
2026-09-12T19:01:04+00:00,stj_integras_decisoes,metadados20221209.json,https://dadosabertos.web.stj.jus.br/dataset/a2cd85cc-1391-4ebc-aeed-a45dd75a7987/resource/64866973-138e-4812-bbd6-140ba7ba3f26/download/metadados20221209.json,data/raw/stj_integras/metadata/metadados20221209.json,34707b3ff6d273f70b2624271e2a75d3f1bc30d1efa73fd7f0d481c17f55c236,1095487,CC-BY,2022-08-01..2024-08-31,2022-12-12T12:26:29.103745,0,"copied from local mirror (STJ-Moral-Damages-Jurimetrics, CKAN download of 2026-09-07/08; sha256 verified against mirror CHECKSUMS)"
2026-09-12T19:01:04+00:00,stj_integras_decisoes,textos20221209.zip,https://dadosabertos.web.stj.jus.br/dataset/a2cd85cc-1391-4ebc-aeed-a45dd75a7987/resource/bdd957a8-82d2-45f3-8484-9a120319c892/download/20221209.zip,data/raw/stj_integras/texts/textos20221209.zip,fde70a0612d3ffccd04c6423f9a2711676ce00bf709c08ccd32a9bb58841da2d,8756002,CC-BY,2022-08-01..2024-08-31,2022-12-12T12:26:17.978072,0,"copied from local mirror (STJ-Moral-Damages-Jurimetrics, CKAN download of 2026-09-07/08; sha256 verified against mirror CHECKSUMS)"
2026-09-12T19:01:04+00:00,stj_integras_decisoes,metadados20221212.json,https://dadosabertos.web.stj.jus.br/dataset/a2cd85cc-1391-4ebc-aeed-a45dd75a7987/resource/3cec7e7c-15d3-430c-af5b-72468728cdf8/download/metadados20221212.json,data/raw/stj_integras/metadata/metadados20221212.json,503c30eba7cd497346e820c94e4ecf50dbb33e2645f810c52af5710ab4bdeab8,937228,CC-BY,2022-08-01..2024-08-31,2022-12-13T18:52:39.093540,0,"copied from local mirror (STJ-Moral-Damages-Jurimetrics, CKAN download of 2026-09-07/08; sha256 verified against mirror CHECKSUMS)"
2026-09-12T19:01:04+00:00,stj_integras_decisoes,textos20221212.zip,https://dadosabertos.web.stj.jus.br/dataset/a2cd85cc-1391-4ebc-aeed-a45dd75a7987/resource/73ec709f-4c7d-4891-a2ee-ebb08eb89810/download/20221212.zip,data/raw/stj_integras/texts/textos20221212.zip,d69bccba9ebf1da550752fd6e19d62483d2ee159966e49177e288ceccb7ec04e,7598302,CC-BY,2022-08-01..2024-08-31,2022-12-13T18:52:24.930145,0,"copied from local mirror (STJ-Moral-Damages-Jurimetrics, CKAN download of 2026-09-07/08; sha256 verified against mirror CHECKSUMS)"
2026-09-12T19:01:04+00:00,stj_integras_decisoes,metadados20221213.json,https://dadosabertos.web.stj.jus.br/dataset/a2cd85cc-1391-4ebc-aeed-a45dd75a7987/resource/1e01e1a3-8803-4a6a-993f-9d5bc12252fc/download/metadados20221213.json,data/raw/stj_integras/metadata/metadados20221213.json,9c1ad6931b972077a6826c3d2077171617c82147330a1dbe01170c94eb28d190,752655,CC-BY,2022-08-01..2024-08-31,2022-12-15T09:50:25.369986,0,"copied from local mirror (STJ-Moral-Damages-Jurimetrics, CKAN download of 2026-09-07/08; sha256 verified against mirror CHECKSUMS)"
2026-09-12T19:01:04+00:00,stj_integras_decisoes,textos20221213.zip,https://dadosabertos.web.stj.jus.br/dataset/a2cd85cc-1391-4ebc-aeed-a45dd75a7987/resource/0ee16b13-fb6d-4fe3-ab9e-e02a6bcbac9e/download/20221213.zip,data/raw/stj_integras/texts/textos20221213.zip,c712526eafd721de1e54f2104b597d2c7c6e1c7f7ce0ffcf7de9e357808a4228,7213621,CC-BY,2022-08-01..2024-08-31,2022-12-15T09:50:13.550277,0,"copied from local mirror (STJ-Moral-Damages-Jurimetrics, CKAN download of 2026-09-07/08; sha256 verified against mirror CHECKSUMS)"
2026-09-12T19:01:04+00:00,stj_integras_decisoes,metadados20221214.json,https://dadosabertos.web.stj.jus.br/dataset/a2cd85cc-1391-4ebc-aeed-a45dd75a7987/resource/bd305657-7371-415c-a7eb-a80e17ac03ed/download/metadados20221214.json,data/raw/stj_integras/metadata/metadados20221214.json,071c8e3ce425dfac4298f37b59ae6c3b4d0fea046dd8dc4132cffc420980fb9c,1870571,CC-BY,2022-08-01..2024-08-31,2022-12-15T09:49:23.704409,0,"copied from local mirror (STJ-Moral-Damages-Jurimetrics, CKAN download of 2026-09-07/08; sha256 verified against mirror CHECKSUMS)"
2026-09-12T19:01:04+00:00,stj_integras_decisoes,textos20221214.zip,https://dadosabertos.web.stj.jus.br/dataset/a2cd85cc-1391-4ebc-aeed-a45dd75a7987/resource/11fc3922-5d15-4eee-bace-e888b1b6083c/download/20221214.zip,data/raw/stj_integras/texts/textos20221214.zip,4f46b5d323f3f98e8a938fa3f8c56b88ca08862ede1b85a67bd71e757bb68550,7228599,CC-BY,2022-08-01..2024-08-31,2022-12-15T09:49:10.543254,0,"copied from local mirror (STJ-Moral-Damages-Jurimetrics, CKAN download of 2026-09-07/08; sha256 verified against mirror CHECKSUMS)"
2026-09-12T19:01:04+00:00,stj_integras_decisoes,metadados20221215.json,https://dadosabertos.web.stj.jus.br/dataset/a2cd85cc-1391-4ebc-aeed-a45dd75a7987/resource/971d1bf4-1960-49a6-8955-63d378dd00a0/download/metadados20221215.json,data/raw/stj_integras/metadata/metadados20221215.json,009cec24ffa31696848a572f3354f87e16d4b830426f072f17ee9d07f7d703cd,1223218,CC-BY,2022-08-01..2024-08-31,2022-12-15T17:21:41.145588,0,"copied from local mirror (STJ-Moral-Damages-Jurimetrics, CKAN download of 2026-09-07/08; sha256 verified against mirror CHECKSUMS)"
2026-09-12T19:01:04+00:00,stj_integras_decisoes,textos20221215.zip,https://dadosabertos.web.stj.jus.br/dataset/a2cd85cc-1391-4ebc-aeed-a45dd75a7987/resource/8dcac854-6ac1-4d0c-ba25-7bb75f68210e/download/20221215.zip,data/raw/stj_integras/texts/textos20221215.zip,76b737815b335ac1cf680adc08493d18f8fbde30f1e28a1c894c4ec0ef86a4b7,7353779,CC-BY,2022-08-01..2024-08-31,2022-12-15T17:21:15.053775,0,"copied from local mirror (STJ-Moral-Damages-Jurimetrics, CKAN download of 2026-09-07/08; sha256 verified against mirror CHECKSUMS)"
2026-09-12T19:01:04+00:00,stj_integras_decisoes,metadados20221216.json,https://dadosabertos.web.stj.jus.br/dataset/a2cd85cc-1391-4ebc-aeed-a45dd75a7987/resource/104304d8-2c9a-40d1-923b-ad7c6fee3860/download/metadados20221216.json,data/raw/stj_integras/metadata/metadados20221216.json,b0ba51ffdb3b3177106f5a6b0f99bbbe02c35658d317cc3eb92bcb1f87a4f462,1496445,CC-BY,2022-08-01..2024-08-31,2022-12-16T18:01:01.027266,0,"copied from local mirror (STJ-Moral-Damages-Jurimetrics, CKAN download of 2026-09-07/08; sha256 verified against mirror CHECKSUMS)"
2026-09-12T19:01:04+00:00,stj_integras_decisoes,textos20221216.zip,https://dadosabertos.web.stj.jus.br/dataset/a2cd85cc-1391-4ebc-aeed-a45dd75a7987/resource/c3bfabc8-29c3-4f1a-9d45-915bb9a44d8b/download/20221216.zip,data/raw/stj_integras/texts/textos20221216.zip,e0213a8831d57531231da77508265fe3d6a9906d224558136cbada749a1b5c1a,5740335,CC-BY,2022-08-01..2024-08-31,2022-12-16T18:00:46.899490,0,"copied from local mirror (STJ-Moral-Damages-Jurimetrics, CKAN download of 2026-09-07/08; sha256 verified against mirror CHECKSUMS)"
2026-09-12T19:01:04+00:00,stj_integras_decisoes,metadados20221219.json,https://dadosabertos.web.stj.jus.br/dataset/a2cd85cc-1391-4ebc-aeed-a45dd75a7987/resource/a1c764d3-a0d3-498f-9746-8823ecfb5e40/download/metadados20221219.json,data/raw/stj_integras/metadata/metadados20221219.json,8e1af2ebcb9fb09d2da8f5dbf9cf076053d0903d6c9b69909dcf824a779b7a71,2102767,CC-BY,2022-08-01..2024-08-31,2022-12-19T21:52:00.131139,0,"copied from local mirror (STJ-Moral-Damages-Jurimetrics, CKAN download of 2026-09-07/08; sha256 verified against mirror CHECKSUMS)"
2026-09-12T19:01:04+00:00,stj_integras_decisoes,textos20221219.zip,https://dadosabertos.web.stj.jus.br/dataset/a2cd85cc-1391-4ebc-aeed-a45dd75a7987/resource/5b566da4-499b-4711-981b-9b80c517dbe8/download/20221219.zip,data/raw/stj_integras/texts/textos20221219.zip,22bbc55bb80e90f4350f078cdc46ba32268a5b2d4a13cc4f1ba8a7f12f30c576,19363750,CC-BY,2022-08-01..2024-08-31,2022-12-19T21:51:48.708314,0,"copied from local mirror (STJ-Moral-Damages-Jurimetrics, CKAN download of 2026-09-07/08; sha256 verified against mirror CHECKSUMS)"
2026-09-12T19:01:04+00:00,stj_integras_decisoes,metadados20221220.json,https://dadosabertos.web.stj.jus.br/dataset/a2cd85cc-1391-4ebc-aeed-a45dd75a7987/resource/ea5e8c6d-4f65-46ff-a49e-1d763a740f05/download/metadados20221220.json,data/raw/stj_integras/metadata/metadados20221220.json,247b28ef8f5a59dbce23e94525b5e143ada61bfa88b4f0b3dcb42138c9fe84b6,1184285,CC-BY,2022-08-01..2024-08-31,2022-12-20T18:36:45.186774,0,"copied from local mirror (STJ-Moral-Damages-Jurimetrics, CKAN download of 2026-09-07/08; sha256 verified against mirror CHECKSUMS)"
2026-09-12T19:01:04+00:00,stj_integras_decisoes,textos20221220.zip,https://dadosabertos.web.stj.jus.br/dataset/a2cd85cc-1391-4ebc-aeed-a45dd75a7987/resource/ab8dac7b-ab03-4678-a20f-fd721b02cab8/download/20221220.zip,data/raw/stj_integras/texts/textos20221220.zip,75c917df63cdd5cd6cbc2b9bf447731f1853c06bb4be45cd8f172a12aea629f4,12065332,CC-BY,2022-08-01..2024-08-31,2022-12-20T18:36:32.968516,0,"copied from local mirror (STJ-Moral-Damages-Jurimetrics, CKAN download of 2026-09-07/08; sha256 verified against mirror CHECKSUMS)"
2026-09-12T19:01:04+00:00,stj_integras_decisoes,metadados20221221.json,https://dadosabertos.web.stj.jus.br/dataset/a2cd85cc-1391-4ebc-aeed-a45dd75a7987/resource/bb8b8802-4121-457e-b4a5-8d422fc7062a/download/metadados20221221.json,data/raw/stj_integras/metadata/metadados20221221.json,68d49d8138de017f749bf925786ec171715c38e671af2bb2c48ac4d21c753fce,1244893,CC-BY,2022-08-01..2024-08-31,2022-12-22T21:43:07.169514,0,"copied from local mirror (STJ-Moral-Damages-Jurimetrics, CKAN download of 2026-09-07/08; sha256 verified against mirror CHECKSUMS)"
2026-09-12T19:01:04+00:00,stj_integras_decisoes,textos20221221.zip,https://dadosabertos.web.stj.jus.br/dataset/a2cd85cc-1391-4ebc-aeed-a45dd75a7987/resource/f1ebbbda-e1f9-484b-82b8-884bf1b87b4c/download/20221221.zip,data/raw/stj_integras/texts/textos20221221.zip,da7df7db1ad934993e942f3eadfb526e6ceaccf11d37a7d0ba69f1a0cd45e979,9508075,CC-BY,2022-08-01..2024-08-31,2022-12-22T21:42:54.662313,0,"copied from local mirror (STJ-Moral-Damages-Jurimetrics, CKAN download of 2026-09-07/08; sha256 verified against mirror CHECKSUMS)"
2026-09-12T19:01:04+00:00,stj_integras_decisoes,metadados20221222.json,https://dadosabertos.web.stj.jus.br/dataset/a2cd85cc-1391-4ebc-aeed-a45dd75a7987/resource/c81d7f3a-d8f2-413c-bc69-8404be871892/download/metadados20221222.json,data/raw/stj_integras/metadata/metadados20221222.json,ac463bed558b7e1245e9ceaa07f6fa298fb0aa849a0de61160cd96d1c76c4071,104835,CC-BY,2022-08-01..2024-08-31,2022-12-22T21:43:52.558269,0,"copied from local mirror (STJ-Moral-Damages-Jurimetrics, CKAN download of 2026-09-07/08; sha256 verified against mirror CHECKSUMS)"
2026-09-12T19:01:04+00:00,stj_integras_decisoes,textos20221222.zip,https://dadosabertos.web.stj.jus.br/dataset/a2cd85cc-1391-4ebc-aeed-a45dd75a7987/resource/3a7538c8-d692-43e4-b8ea-b419a99a48cc/download/20221222.zip,data/raw/stj_integras/texts/textos20221222.zip,611fbf9baf66d824d74a7b102c48b0b925a0f5476bc093e2b68af653223a50c6,1024881,CC-BY,2022-08-01..2024-08-31,2022-12-22T21:43:31.763767,0,"copied from local mirror (STJ-Moral-Damages-Jurimetrics, CKAN download of 2026-09-07/08; sha256 verified against mirror CHECKSUMS)"
2026-09-12T19:01:04+00:00,stj_integras_decisoes,metadados20221223.json,https://dadosabertos.web.stj.jus.br/dataset/a2cd85cc-1391-4ebc-aeed-a45dd75a7987/resource/ef010a15-10c9-49be-b552-266d4bd61d89/download/metadados20221223.json,data/raw/stj_integras/metadata/metadados20221223.json,2b7218756c9c83dde98e6dab995363d7b025ecd5c5dcf60f4bb19c59bff35d36,36456,CC-BY,2022-08-01..2024-08-31,2022-12-26T17:21:45.796412,0,"copied from local mirror (STJ-Moral-Damages-Jurimetrics, CKAN download of 2026-09-07/08; sha256 verified against mirror CHECKSUMS)"
2026-09-12T19:01:04+00:00,stj_integras_decisoes,textos20221223.zip,https://dadosabertos.web.stj.jus.br/dataset/a2cd85cc-1391-4ebc-aeed-a45dd75a7987/resource/71a71725-b857-4b50-a13c-e6125a7919ac/download/20221223.zip,data/raw/stj_integras/texts/textos20221223.zip,60410befc0ba5c354fba6223e27f0165d51fc112f0d22e396152378728f6647e,157731,CC-BY,2022-08-01..2024-08-31,2022-12-26T17:21:35.302275,0,"copied from local mirror (STJ-Moral-Damages-Jurimetrics, CKAN download of 2026-09-07/08; sha256 verified against mirror CHECKSUMS)"
2026-09-12T19:01:04+00:00,stj_integras_decisoes,metadados20221226.json,https://dadosabertos.web.stj.jus.br/dataset/a2cd85cc-1391-4ebc-aeed-a45dd75a7987/resource/720e98f7-acf6-48c6-b34a-f7a2968aaafa/download/metadados20221226.json,data/raw/stj_integras/metadata/metadados20221226.json,904e8037a4526e179bb098d2be865331392a06e6cc1ed79e1d67fdf4f266ebb5,59229,CC-BY,2022-08-01..2024-08-31,2022-12-26T17:22:09.702727,0,"copied from local mirror (STJ-Moral-Damages-Jurimetrics, CKAN download of 2026-09-07/08; sha256 verified against mirror CHECKSUMS)"
2026-09-12T19:01:04+00:00,stj_integras_decisoes,textos20221226.zip,https://dadosabertos.web.stj.jus.br/dataset/a2cd85cc-1391-4ebc-aeed-a45dd75a7987/resource/d32a15e8-cbe3-426c-b230-4836e06a9e85/download/20221226.zip,data/raw/stj_integras/texts/textos20221226.zip,e8d00fc3a33f56d515641df22cdbfd414c98b0f4f80b7d8619c2baf05e559668,294791,CC-BY,2022-08-01..2024-08-31,2022-12-26T17:21:55.211222,0,"copied from local mirror (STJ-Moral-Damages-Jurimetrics, CKAN download of 2026-09-07/08; sha256 verified against mirror CHECKSUMS)"
2026-09-12T19:01:04+00:00,stj_integras_decisoes,metadados20221227.json,https://dadosabertos.web.stj.jus.br/dataset/a2cd85cc-1391-4ebc-aeed-a45dd75a7987/resource/371fe02c-02b3-44cd-8c43-4b7373423ad0/download/metadados20221227.json,data/raw/stj_integras/metadata/metadados20221227.json,dad0abe2e33d5c827144e1ad8d83b14d04ad2e2306bf52428de21e793a2a64e6,155224,CC-BY,2022-08-01..2024-08-31,2022-12-27T16:44:29.323095,0,"copied from local mirror (STJ-Moral-Damages-Jurimetrics, CKAN download of 2026-09-07/08; sha256 verified against mirror CHECKSUMS)"
2026-09-12T19:01:04+00:00,stj_integras_decisoes,textos20221227.zip,https://dadosabertos.web.stj.jus.br/dataset/a2cd85cc-1391-4ebc-aeed-a45dd75a7987/resource/ff81f946-83ae-4a57-aed7-b18d1e82a3e9/download/20221227.zip,data/raw/stj_integras/texts/textos20221227.zip,db5795e05194893cc6474bdecbc291f3b6d27f3d95d3a771129da6d80e8aeb06,1022193,CC-BY,2022-08-01..2024-08-31,2022-12-27T16:44:08.142413,0,"copied from local mirror (STJ-Moral-Damages-Jurimetrics, CKAN download of 2026-09-07/08; sha256 verified against mirror CHECKSUMS)"
2026-09-12T19:01:04+00:00,stj_integras_decisoes,metadados20221228.json,https://dadosabertos.web.stj.jus.br/dataset/a2cd85cc-1391-4ebc-aeed-a45dd75a7987/resource/60e1e249-1153-48fe-984f-21976f7219f9/download/metadados20221228.json,data/raw/stj_integras/metadata/metadados20221228.json,a1acda685c08da22059299137dd39d14b85417bb14dcffe2b121284e33cd6bbe,117567,CC-BY,2022-08-01..2024-08-31,2022-12-28T20:05:35.916717,0,"copied from local mirror (STJ-Moral-Damages-Jurimetrics, CKAN download of 2026-09-07/08; sha256 verified against mirror CHECKSUMS)"
2026-09-12T19:01:04+00:00,stj_integras_decisoes,textos20221228.zip,https://dadosabertos.web.stj.jus.br/dataset/a2cd85cc-1391-4ebc-aeed-a45dd75a7987/resource/61cf2e73-4f7d-4dab-bcbb-43a3bcc6d9f1/download/20221228.zip,data/raw/stj_integras/texts/textos20221228.zip,ce16aa76fdf1e1d5f8a3919acef3703e8e77aae2404fc917de48ed42007aa7bc,837654,CC-BY,2022-08-01..2024-08-31,2022-12-28T20:05:26.142080,0,"copied from local mirror (STJ-Moral-Damages-Jurimetrics, CKAN download of 2026-09-07/08; sha256 verified against mirror CHECKSUMS)"
2026-09-12T19:01:04+00:00,stj_integras_decisoes,metadados20221230.json,https://dadosabertos.web.stj.jus.br/dataset/a2cd85cc-1391-4ebc-aeed-a45dd75a7987/resource/b82fea1b-857b-4188-a3b2-8c6c59c36a06/download/metadados20221230.json,data/raw/stj_integras/metadata/metadados20221230.json,1a3b536c234f7646cd2495b4bfd92b05016ce314b87802ac264c735209f1cd3c,75077,CC-BY,2022-08-01..2024-08-31,2023-01-02T18:23:12.368733,0,"copied from local mirror (STJ-Moral-Damages-Jurimetrics, CKAN download of 2026-09-07/08; sha256 verified against mirror CHECKSUMS)"
2026-09-12T19:01:04+00:00,stj_integras_decisoes,textos20221230.zip,https://dadosabertos.web.stj.jus.br/dataset/a2cd85cc-1391-4ebc-aeed-a45dd75a7987/resource/f6e59395-35ed-4df9-a713-c5f85be1d065/download/20221230.zip,data/raw/stj_integras/texts/textos20221230.zip,067edef849b8350e276d32b4d01d1385cff24d0ae7459fb07889f20ff2a51043,534018,CC-BY,2022-08-01..2024-08-31,2023-01-02T18:23:00.571536,0,"copied from local mirror (STJ-Moral-Damages-Jurimetrics, CKAN download of 2026-09-07/08; sha256 verified against mirror CHECKSUMS)"
2026-09-12T19:01:04+00:00,stj_integras_decisoes,metadados20230103.json,https://dadosabertos.web.stj.jus.br/dataset/a2cd85cc-1391-4ebc-aeed-a45dd75a7987/resource/7d056f7a-3c15-4109-ab03-1b8a57ba72c9/download/metadados20230103.json,data/raw/stj_integras/metadata/metadados20230103.json,2b389295b82289411edda5ca783d81f767acce6bcabcb6846bf5a9ee5ede11cd,185803,CC-BY,2022-08-01..2024-08-31,2023-01-03T18:25:22.995465,0,"copied from local mirror (STJ-Moral-Damages-Jurimetrics, CKAN download of 2026-09-07/08; sha256 verified against mirror CHECKSUMS)"
2026-09-12T19:01:04+00:00,stj_integras_decisoes,textos20230103.zip,https://dadosabertos.web.stj.jus.br/dataset/a2cd85cc-1391-4ebc-aeed-a45dd75a7987/resource/c728911a-4b73-48c0-8417-69066c895e65/download/20230103.zip,data/raw/stj_integras/texts/textos20230103.zip,b83fecb11d938b43bd6bf5a31015d9c5c79261e51ed8c6f8975b5e06bbf506ed,1379753,CC-BY,2022-08-01..2024-08-31,2023-01-03T18:25:11.710068,0,"copied from local mirror (STJ-Moral-Damages-Jurimetrics, CKAN download of 2026-09-07/08; sha256 verified against mirror CHECKSUMS)"
2026-09-12T19:01:04+00:00,stj_integras_decisoes,metadados20230104.json,https://dadosabertos.web.stj.jus.br/dataset/a2cd85cc-1391-4ebc-aeed-a45dd75a7987/resource/e52beb7e-13dc-4aa3-a1fe-9dbf843502a4/download/metadados20230104.json,data/raw/stj_integras/metadata/metadados20230104.json,9248e275a23e6ef2709cefe462c0cf80447ca08d8655e5c05c7b6dc2b03eb7e0,5371,CC-BY,2022-08-01..2024-08-31,2023-01-05T16:12:06.235200,0,"copied from local mirror (STJ-Moral-Damages-Jurimetrics, CKAN download of 2026-09-07/08; sha256 verified against mirror CHECKSUMS)"
2026-09-12T19:01:04+00:00,stj_integras_decisoes,textos20230104.zip,https://dadosabertos.web.stj.jus.br/dataset/a2cd85cc-1391-4ebc-aeed-a45dd75a7987/resource/574d2e93-8d4b-40a4-b937-c169884dde89/download/20230104.zip,data/raw/stj_integras/texts/textos20230104.zip,c35baccaeea8ee6d63b64a1b3a640951e865fe00a671968b2fe7c7dd1903a69f,38663,CC-BY,2022-08-01..2024-08-31,2023-01-05T16:11:56.965510,0,"copied from local mirror (STJ-Moral-Damages-Jurimetrics, CKAN download of 2026-09-07/08; sha256 verified against mirror CHECKSUMS)"
2026-09-12T19:01:04+00:00,stj_integras_decisoes,metadados20230105.json,https://dadosabertos.web.stj.jus.br/dataset/a2cd85cc-1391-4ebc-aeed-a45dd75a7987/resource/052af826-98d7-429e-9f28-8f034e6dc33c/download/metadados20230105.json,data/raw/stj_integras/metadata/metadados20230105.json,1b006e9f63246fe6968d7b501fc3590753e7efc47471960854923b17b72aad94,37633,CC-BY,2022-08-01..2024-08-31,2023-01-05T16:13:35.973995,0,"copied from local mirror (STJ-Moral-Damages-Jurimetrics, CKAN download of 2026-09-07/08; sha256 verified against mirror CHECKSUMS)"
2026-09-12T19:01:04+00:00,stj_integras_decisoes,textos20230105.zip,https://dadosabertos.web.stj.jus.br/dataset/a2cd85cc-1391-4ebc-aeed-a45dd75a7987/resource/912b8cfb-5d95-4c80-837c-0c24a051a338/download/20230105.zip,data/raw/stj_integras/texts/textos20230105.zip,bd9d4dedb998d9d828689a49cefd148de9a1b26540491ed959073eaea17e2a0f,220485,CC-BY,2022-08-01..2024-08-31,2023-01-05T16:13:26.157005,0,"copied from local mirror (STJ-Moral-Damages-Jurimetrics, CKAN download of 2026-09-07/08; sha256 verified against mirror CHECKSUMS)"
2026-09-12T19:01:04+00:00,stj_integras_decisoes,metadados20230106.json,https://dadosabertos.web.stj.jus.br/dataset/a2cd85cc-1391-4ebc-aeed-a45dd75a7987/resource/333f3e41-8ddf-42ff-869d-4050e81b55fd/download/metadados20230106.json,data/raw/stj_integras/metadata/metadados20230106.json,843efb7b6a6168d701b17b842959036a890666a86ea8d3630bcd80b2b9fd0cfa,44522,CC-BY,2022-08-01..2024-08-31,2023-01-06T19:47:19.703201,0,"copied from local mirror (STJ-Moral-Damages-Jurimetrics, CKAN download of 2026-09-07/08; sha256 verified against mirror CHECKSUMS)"
2026-09-12T19:01:04+00:00,stj_integras_decisoes,textos20230106.zip,https://dadosabertos.web.stj.jus.br/dataset/a2cd85cc-1391-4ebc-aeed-a45dd75a7987/resource/c4ba6281-8ed2-41a0-9dcc-bcc73a6e2e70/download/20230106.zip,data/raw/stj_integras/texts/textos20230106.zip,8967654353f3866f4e65a19510ac5cc17b041c5605b04e47c97f0ff34f227d2b,251814,CC-BY,2022-08-01..2024-08-31,2023-01-06T19:47:10.162700,0,"copied from local mirror (STJ-Moral-Damages-Jurimetrics, CKAN download of 2026-09-07/08; sha256 verified against mirror CHECKSUMS)"
2026-09-12T19:01:04+00:00,stj_integras_decisoes,metadados20230110.json,https://dadosabertos.web.stj.jus.br/dataset/a2cd85cc-1391-4ebc-aeed-a45dd75a7987/resource/dc003816-1b64-4dc9-94ed-c4e23d605be1/download/metadados20230110.json,data/raw/stj_integras/metadata/metadados20230110.json,281be714d60ac465db58a4ac7e4763ec110cc406227f59499c71724e86b344c2,84529,CC-BY,2022-08-01..2024-08-31,2023-01-10T18:06:26.683430,0,"copied from local mirror (STJ-Moral-Damages-Jurimetrics, CKAN download of 2026-09-07/08; sha256 verified against mirror CHECKSUMS)"
2026-09-12T19:01:04+00:00,stj_integras_decisoes,textos20230110.zip,https://dadosabertos.web.stj.jus.br/dataset/a2cd85cc-1391-4ebc-aeed-a45dd75a7987/resource/756c91e2-254a-441c-9a20-982b5112a126/download/20230110.zip,data/raw/stj_integras/texts/textos20230110.zip,08a573e2ee5098295654f5033d1bb18154dbf104bdcb3420dbe60fe5c82bb44d,492385,CC-BY,2022-08-01..2024-08-31,2023-01-10T18:06:16.694393,0,"copied from local mirror (STJ-Moral-Damages-Jurimetrics, CKAN download of 2026-09-07/08; sha256 verified against mirror CHECKSUMS)"
2026-09-12T19:01:04+00:00,stj_integras_decisoes,metadados20230111.json,https://dadosabertos.web.stj.jus.br/dataset/a2cd85cc-1391-4ebc-aeed-a45dd75a7987/resource/fe9f048e-5240-4cad-8b55-ba3c0efb517d/download/metadados20230111.json,data/raw/stj_integras/metadata/metadados20230111.json,21c705c779747059eeb48de98bcb3faa33523e4ad6570656de53dd6c18c52644,319137,CC-BY,2022-08-01..2024-08-31,2023-01-13T14:54:15.137035,0,"copied from local mirror (STJ-Moral-Damages-Jurimetrics, CKAN download of 2026-09-07/08; sha256 verified against mirror CHECKSUMS)"
2026-09-12T19:01:04+00:00,stj_integras_decisoes,textos20230111.zip,https://dadosabertos.web.stj.jus.br/dataset/a2cd85cc-1391-4ebc-aeed-a45dd75a7987/resource/d26db871-5533-4ad8-bf08-e53138092f39/download/20230111.zip,data/raw/stj_integras/texts/textos20230111.zip,c4939652c0bb11eb6b4d8abe2d053bb5ba02f3d42820c8a7a60a7d244ab79607,1286061,CC-BY,2022-08-01..2024-08-31,2023-01-13T14:54:04.137734,0,"copied from local mirror (STJ-Moral-Damages-Jurimetrics, CKAN download of 2026-09-07/08; sha256 verified against mirror CHECKSUMS)"
2026-09-12T19:01:04+00:00,stj_integras_decisoes,metadados20230112.json,https://dadosabertos.web.stj.jus.br/dataset/a2cd85cc-1391-4ebc-aeed-a45dd75a7987/resource/7b44394a-fe5e-4b34-80b3-ecff2b2b22d3/download/metadados20230112.json,data/raw/stj_integras/metadata/metadados20230112.json,88d57a013a1590af87e17942bfef70170c700404e5efad76efeda3d0dda8f396,165636,CC-BY,2022-08-01..2024-08-31,2023-01-13T14:54:34.342277,0,"copied from local mirror (STJ-Moral-Damages-Jurimetrics, CKAN download of 2026-09-07/08; sha256 verified against mirror CHECKSUMS)"
2026-09-12T19:01:04+00:00,stj_integras_decisoes,textos20230112.zip,https://dadosabertos.web.stj.jus.br/dataset/a2cd85cc-1391-4ebc-aeed-a45dd75a7987/resource/cbcee96c-2dd7-493b-8c1c-be7aefd02fb0/download/20230112.zip,data/raw/stj_integras/texts/textos20230112.zip,35280ffc071cbeb7b0628fbaa38bf51403657ef56852e0450cc28385179eb658,1108507,CC-BY,2022-08-01..2024-08-31,2023-01-13T14:54:25.006701,0,"copied from local mirror (STJ-Moral-Damages-Jurimetrics, CKAN download of 2026-09-07/08; sha256 verified against mirror CHECKSUMS)"
2026-09-12T19:01:04+00:00,stj_integras_decisoes,metadados20230113.json,https://dadosabertos.web.stj.jus.br/dataset/a2cd85cc-1391-4ebc-aeed-a45dd75a7987/resource/3b2946e5-961a-4622-b64a-2847ceac9a52/download/metadados20230113.json,data/raw/stj_integras/metadata/metadados20230113.json,2928b8da367efdf2aa0fed1154a9c57841a3bebcfabd4c501c611692218ab085,269891,CC-BY,2022-08-01..2024-08-31,2023-01-13T14:54:53.163778,0,"copied from local mirror (STJ-Moral-Damages-Jurimetrics, CKAN download of 2026-09-07/08; sha256 verified against mirror CHECKSUMS)"
2026-09-12T19:01:04+00:00,stj_integras_decisoes,textos20230113.zip,https://dadosabertos.web.stj.jus.br/dataset/a2cd85cc-1391-4ebc-aeed-a45dd75a7987/resource/f2cc01d2-2116-475e-b077-627ebefc655d/download/20230113.zip,data/raw/stj_integras/texts/textos20230113.zip,fedd064f09d1d51927c87c0336d027bfa40df1b6292aca3f199b8fb61e15bd08,1435773,CC-BY,2022-08-01..2024-08-31,2023-01-13T14:54:43.769002,0,"copied from local mirror (STJ-Moral-Damages-Jurimetrics, CKAN download of 2026-09-07/08; sha256 verified against mirror CHECKSUMS)"
2026-09-12T19:01:04+00:00,stj_integras_decisoes,metadados20230116.json,https://dadosabertos.web.stj.jus.br/dataset/a2cd85cc-1391-4ebc-aeed-a45dd75a7987/resource/507af605-46b2-4672-ad01-bce2389753ea/download/metadados20230116.json,data/raw/stj_integras/metadata/metadados20230116.json,7d18c3f943e3cfb83ee78ae407abdc4b9787f45430f16fd86e4910fa515607ca,252311,CC-BY,2022-08-01..2024-08-31,2023-01-16T19:00:26.774537,0,"copied from local mirror (STJ-Moral-Damages-Jurimetrics, CKAN download of 2026-09-07/08; sha256 verified against mirror CHECKSUMS)"
2026-09-12T19:01:04+00:00,stj_integras_decisoes,textos20230116.zip,https://dadosabertos.web.stj.jus.br/dataset/a2cd85cc-1391-4ebc-aeed-a45dd75a7987/resource/9dc11191-ed19-4e8d-8b47-3592c204e535/download/20230116.zip,data/raw/stj_integras/texts/textos20230116.zip,ad57c704460b4496dfec894df4796a0c1ada7e1ce738fb0039d984dc93d61703,1385261,CC-BY,2022-08-01..2024-08-31,2023-01-16T19:00:16.165912,0,"copied from local mirror (STJ-Moral-Damages-Jurimetrics, CKAN download of 2026-09-07/08; sha256 verified against mirror CHECKSUMS)"
2026-09-12T19:01:04+00:00,stj_integras_decisoes,metadados20230117.json,https://dadosabertos.web.stj.jus.br/dataset/a2cd85cc-1391-4ebc-aeed-a45dd75a7987/resource/709470b4-9e11-4f25-981b-779922e1bda4/download/metadados20230117.json,data/raw/stj_integras/metadata/metadados20230117.json,cf7f0d82e21346784c0056ad76a822afdad3be4bfe1a6156b115dda8121d542b,149569,CC-BY,2022-08-01..2024-08-31,2023-01-17T18:33:40.301697,0,"copied from local mirror (STJ-Moral-Damages-Jurimetrics, CKAN download of 2026-09-07/08; sha256 verified against mirror CHECKSUMS)"
2026-09-12T19:01:04+00:00,stj_integras_decisoes,textos20230117.zip,https://dadosabertos.web.stj.jus.br/dataset/a2cd85cc-1391-4ebc-aeed-a45dd75a7987/resource/d37f5113-928f-47a7-bd65-3ef88682b947/download/20230117.zip,data/raw/stj_integras/texts/textos20230117.zip,49ba77c07f922edf5b7bd21c096f1e3b80c031c2daa27fb63cf1bbe8c53c7859,1008550,CC-BY,2022-08-01..2024-08-31,2023-01-17T18:33:29.344522,0,"copied from local mirror (STJ-Moral-Damages-Jurimetrics, CKAN download of 2026-09-07/08; sha256 verified against mirror CHECKSUMS)"
2026-09-12T19:01:04+00:00,stj_integras_decisoes,metadados20230118.json,https://dadosabertos.web.stj.jus.br/dataset/a2cd85cc-1391-4ebc-aeed-a45dd75a7987/resource/4bbb168c-379e-480c-8093-a7791f466a3b/download/metadados20230118.json,data/raw/stj_integras/metadata/metadados20230118.json,6273466951ab5761e82cb67074cde5a136b374542e7b44687a6c4be5b372af4b,34424,CC-BY,2022-08-01..2024-08-31,2023-01-18T17:23:18.372795,0,"copied from local mirror (STJ-Moral-Damages-Jurimetrics, CKAN download of 2026-09-07/08; sha256 verified against mirror CHECKSUMS)"
2026-09-12T19:01:04+00:00,stj_integras_decisoes,textos20230118.zip,https://dadosabertos.web.stj.jus.br/dataset/a2cd85cc-1391-4ebc-aeed-a45dd75a7987/resource/2f1910eb-1413-4db8-bbeb-83fea40f897a/download/20230118.zip,data/raw/stj_integras/texts/textos20230118.zip,dcfc3721d15e52f66abab4a7b7f40fd31d098d7feea0e4796fe74a676c4c3926,223723,CC-BY,2022-08-01..2024-08-31,2023-01-18T17:23:07.085831,0,"copied from local mirror (STJ-Moral-Damages-Jurimetrics, CKAN download of 2026-09-07/08; sha256 verified against mirror CHECKSUMS)"
2026-09-12T19:01:04+00:00,stj_integras_decisoes,metadados20230119.json,https://dadosabertos.web.stj.jus.br/dataset/a2cd85cc-1391-4ebc-aeed-a45dd75a7987/resource/e52c701a-2120-49b1-9a39-eb1b7087ec01/download/metadados20230119.json,data/raw/stj_integras/metadata/metadados20230119.json,8bfefa17e58c23c63381d9c735bef405f33aaaf284e9deec7fa72f9fea2ba4e2,112318,CC-BY,2022-08-01..2024-08-31,2023-01-19T17:19:48.161780,0,"copied from local mirror (STJ-Moral-Damages-Jurimetrics, CKAN download of 2026-09-07/08; sha256 verified against mirror CHECKSUMS)"
2026-09-12T19:01:04+00:00,stj_integras_decisoes,textos20230119.zip,https://dadosabertos.web.stj.jus.br/dataset/a2cd85cc-1391-4ebc-aeed-a45dd75a7987/resource/1777aeef-4607-4c55-884e-f46f1c7235cc/download/20230119.zip,data/raw/stj_integras/texts/textos20230119.zip,92665c1a3b6489950fb194d39634106038a9ac00a8112b8117ea0e5b75c22392,957967,CC-BY,2022-08-01..2024-08-31,2023-01-19T17:19:39.269098,0,"copied from local mirror (STJ-Moral-Damages-Jurimetrics, CKAN download of 2026-09-07/08; sha256 verified against mirror CHECKSUMS)"
2026-09-12T19:01:04+00:00,stj_integras_decisoes,metadados20230120.json,https://dadosabertos.web.stj.jus.br/dataset/a2cd85cc-1391-4ebc-aeed-a45dd75a7987/resource/b0c525f2-b902-42aa-8224-ac1b01533174/download/metadados20230120.json,data/raw/stj_integras/metadata/metadados20230120.json,7d30d589fce5d2a5240cd5287ee7a47bfdeb856bcc7898c7fc4b55e29b0fc279,28506,CC-BY,2022-08-01..2024-08-31,2023-01-20T15:31:31.750693,0,"copied from local mirror (STJ-Moral-Damages-Jurimetrics, CKAN download of 2026-09-07/08; sha256 verified against mirror CHECKSUMS)"
2026-09-12T19:01:04+00:00,stj_integras_decisoes,textos20230120.zip,https://dadosabertos.web.stj.jus.br/dataset/a2cd85cc-1391-4ebc-aeed-a45dd75a7987/resource/54365773-4d66-4513-ad50-afc13a95c4dd/download/20230120.zip,data/raw/stj_integras/texts/textos20230120.zip,54f17683298673c7225e36efc143520c44aa3d9ab673a67896ae33b60122c73b,275131,CC-BY,2022-08-01..2024-08-31,2023-01-20T15:31:22.392737,0,"copied from local mirror (STJ-Moral-Damages-Jurimetrics, CKAN download of 2026-09-07/08; sha256 verified against mirror CHECKSUMS)"
2026-09-12T19:01:04+00:00,stj_integras_decisoes,metadados20230123.json,https://dadosabertos.web.stj.jus.br/dataset/a2cd85cc-1391-4ebc-aeed-a45dd75a7987/resource/233a31b4-91d4-4269-ba08-3857cd52901d/download/metadados20230123.json,data/raw/stj_integras/metadata/metadados20230123.json,1ab200f319be9c4541d8c7f6f26f45e55f65cb9bb222348c2cd9ffc52415fd39,60918,CC-BY,2022-08-01..2024-08-31,2023-01-23T17:06:44.989682,0,"copied from local mirror (STJ-Moral-Damages-Jurimetrics, CKAN download of 2026-09-07/08; sha256 verified against mirror CHECKSUMS)"
2026-09-12T19:01:04+00:00,stj_integras_decisoes,textos20230123.zip,https://dadosabertos.web.stj.jus.br/dataset/a2cd85cc-1391-4ebc-aeed-a45dd75a7987/resource/66419f66-3f5c-42a0-9f9e-d74126b7e046/download/20230123.zip,data/raw/stj_integras/texts/textos20230123.zip,5555062a04bf601920e0aa6abecc9207804e4c81e88734e69d1db8c2347348ce,26767,CC-BY,2022-08-01..2024-08-31,2023-01-23T17:06:35.653314,0,"copied from local mirror (STJ-Moral-Damages-Jurimetrics, CKAN download of 2026-09-07/08; sha256 verified against mirror CHECKSUMS)"
2026-09-12T19:01:04+00:00,stj_integras_decisoes,metadados20230124.json,https://dadosabertos.web.stj.jus.br/dataset/a2cd85cc-1391-4ebc-aeed-a45dd75a7987/resource/c077cbc7-20f0-4c6f-9115-b2e28c13b538/download/metadados20230124.json,data/raw/stj_integras/metadata/metadados20230124.json,ace53898c01b961d558b574198220741830011058959d7e5eb5b89ba7b441ea4,58626,CC-BY,2022-08-01..2024-08-31,2023-01-25T22:54:26.182431,0,"copied from local mirror (STJ-Moral-Damages-Jurimetrics, CKAN download of 2026-09-07/08; sha256 verified against mirror CHECKSUMS)"
2026-09-12T19:01:04+00:00,stj_integras_decisoes,textos20230124.zip,https://dadosabertos.web.stj.jus.br/dataset/a2cd85cc-1391-4ebc-aeed-a45dd75a7987/resource/5d34046f-b715-4866-bf45-b08acf18d612/download/20230124.zip,data/raw/stj_integras/texts/textos20230124.zip,f501ca3af7c2d4d7a91cf550ba03dbd1b26996a9ddc6af913835dbf8ff5e6461,396363,CC-BY,2022-08-01..2024-08-31,2023-01-25T22:54:16.615067,0,"copied from local mirror (STJ-Moral-Damages-Jurimetrics, CKAN download of 2026-09-07/08; sha256 verified against mirror CHECKSUMS)"
2026-09-12T19:01:04+00:00,stj_integras_decisoes,metadados20230125.json,https://dadosabertos.web.stj.jus.br/dataset/a2cd85cc-1391-4ebc-aeed-a45dd75a7987/resource/53e29211-8f26-45e8-ba9d-1d1df0213323/download/metadados20230125.json,data/raw/stj_integras/metadata/metadados20230125.json,2eee4734ff9cb6fcf26d29fea71e800ab7f2eb35f074c7154708f8ca54be9063,92400,CC-BY,2022-08-01..2024-08-31,2023-01-25T22:55:18.661886,0,"copied from local mirror (STJ-Moral-Damages-Jurimetrics, CKAN download of 2026-09-07/08; sha256 verified against mirror CHECKSUMS)"
2026-09-12T19:01:04+00:00,stj_integras_decisoes,textos20230125.zip,https://dadosabertos.web.stj.jus.br/dataset/a2cd85cc-1391-4ebc-aeed-a45dd75a7987/resource/6bd323e8-7f65-43ee-8335-9c6e6f708808/download/20230125.zip,data/raw/stj_integras/texts/textos20230125.zip,4024171dff57c6fb060310aa739a11c3eeef04d95f736c91f106041381d58b19,790813,CC-BY,2022-08-01..2024-08-31,2023-01-25T22:55:06.950295,0,"copied from local mirror (STJ-Moral-Damages-Jurimetrics, CKAN download of 2026-09-07/08; sha256 verified against mirror CHECKSUMS)"
2026-09-12T19:01:04+00:00,stj_integras_decisoes,metadados20230126.json,https://dadosabertos.web.stj.jus.br/dataset/a2cd85cc-1391-4ebc-aeed-a45dd75a7987/resource/8fdbd727-3cb1-4bf8-b66c-65292e8f459d/download/metadados20230126.json,data/raw/stj_integras/metadata/metadados20230126.json,5dbe88e728f6dc70eb314aaaee87accaa7abedfaaf12dd3f4850ee8c484e76fb,50363,CC-BY,2022-08-01..2024-08-31,2023-01-27T15:50:33.215726,0,"copied from local mirror (STJ-Moral-Damages-Jurimetrics, CKAN download of 2026-09-07/08; sha256 verified against mirror CHECKSUMS)"
2026-09-12T19:01:04+00:00,stj_integras_decisoes,textos20230126.zip,https://dadosabertos.web.stj.jus.br/dataset/a2cd85cc-1391-4ebc-aeed-a45dd75a7987/resource/e97ea77e-e7a6-49b1-87fc-1873be3f6be3/download/20230126.zip,data/raw/stj_integras/texts/textos20230126.zip,4a5cd24217a8466b93fcb8b92eda6cdfb7b2c4ff42d3763e909a8a88744dc705,373530,CC-BY,2022-08-01..2024-08-31,2023-01-27T15:50:23.134520,0,"copied from local mirror (STJ-Moral-Damages-Jurimetrics, CKAN download of 2026-09-07/08; sha256 verified against mirror CHECKSUMS)"
2026-09-12T19:01:04+00:00,stj_integras_decisoes,metadados20230127.json,https://dadosabertos.web.stj.jus.br/dataset/a2cd85cc-1391-4ebc-aeed-a45dd75a7987/resource/c96141d4-1c5f-444e-b283-164da82c6695/download/metadados20230127.json,data/raw/stj_integras/metadata/metadados20230127.json,0181503fbeb1458cf625f41c37f7401567254a7fea9feabae2369e1402128b1f,217310,CC-BY,2022-08-01..2024-08-31,2023-01-27T18:01:39.892803,0,"copied from local mirror (STJ-Moral-Damages-Jurimetrics, CKAN download of 2026-09-07/08; sha256 verified against mirror CHECKSUMS)"
2026-09-12T19:01:04+00:00,stj_integras_decisoes,textos20230127.zip,https://dadosabertos.web.stj.jus.br/dataset/a2cd85cc-1391-4ebc-aeed-a45dd75a7987/resource/ef5c6602-49d9-4da9-b863-12cd7ee4e772/download/20230127.zip,data/raw/stj_integras/texts/textos20230127.zip,36e88b5826149b3684cb31f5c2f1d1fdf7199c107556991df5bcaddfe1b27caa,1806960,CC-BY,2022-08-01..2024-08-31,2023-01-27T18:01:29.953662,0,"copied from local mirror (STJ-Moral-Damages-Jurimetrics, CKAN download of 2026-09-07/08; sha256 verified against mirror CHECKSUMS)"
2026-09-12T19:01:04+00:00,stj_integras_decisoes,metadados20230130.json,https://dadosabertos.web.stj.jus.br/dataset/a2cd85cc-1391-4ebc-aeed-a45dd75a7987/resource/31a5319b-434d-4003-9307-b4a839622d56/download/metadados20230130.json,data/raw/stj_integras/metadata/metadados20230130.json,accb8f671eede2a152ac38e15545e812bf0c890187e5f1752f7651b34deab7af,76295,CC-BY,2022-08-01..2024-08-31,2023-01-30T16:26:47.925314,0,"copied from local mirror (STJ-Moral-Damages-Jurimetrics, CKAN download of 2026-09-07/08; sha256 verified against mirror CHECKSUMS)"
2026-09-12T19:01:04+00:00,stj_integras_decisoes,textos20230130.zip,https://dadosabertos.web.stj.jus.br/dataset/a2cd85cc-1391-4ebc-aeed-a45dd75a7987/resource/37b73795-5e47-4524-8c9c-bdd21fa59721/download/20230130.zip,data/raw/stj_integras/texts/textos20230130.zip,9f52ad81494c1b71031277d6223a02a5a9e03b3a956c755ddf825c9770b9dd17,678399,CC-BY,2022-08-01..2024-08-31,2023-01-30T16:26:36.305749,0,"copied from local mirror (STJ-Moral-Damages-Jurimetrics, CKAN download of 2026-09-07/08; sha256 verified against mirror CHECKSUMS)"
2026-09-12T19:01:04+00:00,stj_integras_decisoes,metadados20230131.json,https://dadosabertos.web.stj.jus.br/dataset/a2cd85cc-1391-4ebc-aeed-a45dd75a7987/resource/d2a9ce7a-c256-4537-b473-404db2901204/download/metadados20230131.json,data/raw/stj_integras/metadata/metadados20230131.json,ca80835b9ec29185039bf8bda3facc7f1c0ae88d29d949a76a96f7b8aaf0677b,138501,CC-BY,2022-08-01..2024-08-31,2023-01-31T16:41:36.868925,0,"copied from local mirror (STJ-Moral-Damages-Jurimetrics, CKAN download of 2026-09-07/08; sha256 verified against mirror CHECKSUMS)"
2026-09-12T19:01:04+00:00,stj_integras_decisoes,textos20230131.zip,https://dadosabertos.web.stj.jus.br/dataset/a2cd85cc-1391-4ebc-aeed-a45dd75a7987/resource/f4bdeac0-422e-4558-a643-ef464e7455ae/download/20230131.zip,data/raw/stj_integras/texts/textos20230131.zip,333029025f0cf00e15fc4a7d27f39b771130afa0154f434b5164ff1f6c398ef9,1272870,CC-BY,2022-08-01..2024-08-31,2023-01-31T16:41:26.358414,0,"copied from local mirror (STJ-Moral-Damages-Jurimetrics, CKAN download of 2026-09-07/08; sha256 verified against mirror CHECKSUMS)"
2026-09-12T19:01:04+00:00,stj_integras_decisoes,metadados20230201.json,https://dadosabertos.web.stj.jus.br/dataset/a2cd85cc-1391-4ebc-aeed-a45dd75a7987/resource/e2c0a888-ed9b-4341-a1ef-b36585847b2c/download/metadados20230201.json,data/raw/stj_integras/metadata/metadados20230201.json,6e2f86d946dacf6ac3a6c6f55960ad905d6fe57c5354bb44d1ecc6432a3c2348,384431,CC-BY,2022-08-01..2024-08-31,2023-02-02T18:08:30.009333,0,"copied from local mirror (STJ-Moral-Damages-Jurimetrics, CKAN download of 2026-09-07/08; sha256 verified against mirror CHECKSUMS)"
2026-09-12T19:01:04+00:00,stj_integras_decisoes,textos20230201.zip,https://dadosabertos.web.stj.jus.br/dataset/a2cd85cc-1391-4ebc-aeed-a45dd75a7987/resource/f8f2ad1f-abf7-44f6-9638-32e5fc44b758/download/20230201.zip,data/raw/stj_integras/texts/textos20230201.zip,c098593d02bbe14385c8907cb22b934a546bc0cfd05d7bd257962f216b34c8b2,3064480,CC-BY,2022-08-01..2024-08-31,2023-02-02T18:08:20.078174,0,"copied from local mirror (STJ-Moral-Damages-Jurimetrics, CKAN download of 2026-09-07/08; sha256 verified against mirror CHECKSUMS)"
2026-09-12T19:01:04+00:00,stj_integras_decisoes,metadados20230202.json,https://dadosabertos.web.stj.jus.br/dataset/a2cd85cc-1391-4ebc-aeed-a45dd75a7987/resource/a3acc650-bba7-446d-89ba-d4cd3fe2da17/download/metadados20230202.json,data/raw/stj_integras/metadata/metadados20230202.json,7848752d4bfbcca0c5a32af9c30660f9f1428b0bf881bb177adc906e252af502,2133335,CC-BY,2022-08-01..2024-08-31,2023-02-02T19:19:18.271217,0,"copied from local mirror (STJ-Moral-Damages-Jurimetrics, CKAN download of 2026-09-07/08; sha256 verified against mirror CHECKSUMS)"
2026-09-12T19:01:04+00:00,stj_integras_decisoes,textos20230202.zip,https://dadosabertos.web.stj.jus.br/dataset/a2cd85cc-1391-4ebc-aeed-a45dd75a7987/resource/40ed1abd-5e87-409f-8672-98e616bcb436/download/20230202.zip,data/raw/stj_integras/texts/textos20230202.zip,ac20330ed6ea8114d1bf01280f996d6436cd84f7346c6b2ba543a4803717c93b,19496404,CC-BY,2022-08-01..2024-08-31,2023-02-02T19:19:08.375062,0,"copied from local mirror (STJ-Moral-Damages-Jurimetrics, CKAN download of 2026-09-07/08; sha256 verified against mirror CHECKSUMS)"
2026-09-12T19:01:04+00:00,stj_integras_decisoes,metadados20230203.json,https://dadosabertos.web.stj.jus.br/dataset/a2cd85cc-1391-4ebc-aeed-a45dd75a7987/resource/7ef05ecc-ace9-4ae5-935b-a16deb2b218a/download/metadados20230203.json,data/raw/stj_integras/metadata/metadados20230203.json,4a2482c8ed69039cb58d6f691daa107e3f06213b1a205f04c1864001326c1468,2934309,CC-BY,2022-08-01..2024-08-31,2023-02-03T17:54:10.908203,0,"copied from local mirror (STJ-Moral-Damages-Jurimetrics, CKAN download of 2026-09-07/08; sha256 verified against mirror CHECKSUMS)"
2026-09-12T19:01:05+00:00,stj_integras_decisoes,textos20230203.zip,https://dadosabertos.web.stj.jus.br/dataset/a2cd85cc-1391-4ebc-aeed-a45dd75a7987/resource/14a6a894-a8f4-45d3-b2df-7e1595540487/download/20230203.zip,data/raw/stj_integras/texts/textos20230203.zip,c4f21a035e3dbef8b86bddd116095fbfdd79c7e6eef7b4fdf0b6a1bfa03a8aa8,21565769,CC-BY,2022-08-01..2024-08-31,2023-02-03T17:53:57.487782,0,"copied from local mirror (STJ-Moral-Damages-Jurimetrics, CKAN download of 2026-09-07/08; sha256 verified against mirror CHECKSUMS)"
2026-09-12T19:01:05+00:00,stj_integras_decisoes,metadados20230206.json,https://dadosabertos.web.stj.jus.br/dataset/a2cd85cc-1391-4ebc-aeed-a45dd75a7987/resource/f535dd83-59e4-40fe-a904-8c75da462e89/download/metadados20230206.json,data/raw/stj_integras/metadata/metadados20230206.json,2a7e625bd18e4de3f86201b8423632f540b177f079386cdfae45b17447dedf40,998801,CC-BY,2022-08-01..2024-08-31,2023-02-08T21:48:14.317690,0,"copied from local mirror (STJ-Moral-Damages-Jurimetrics, CKAN download of 2026-09-07/08; sha256 verified against mirror CHECKSUMS)"
2026-09-12T19:01:05+00:00,stj_integras_decisoes,textos20230206.zip,https://dadosabertos.web.stj.jus.br/dataset/a2cd85cc-1391-4ebc-aeed-a45dd75a7987/resource/4797bbb7-6d15-48c2-ae99-e94eaff0a8f4/download/20230206.zip,data/raw/stj_integras/texts/textos20230206.zip,77dbf8c42ce0a1835f9597d585f50ec1ded2c3c2ad1b7377e2d1b751a604ec37,7367833,CC-BY,2022-08-01..2024-08-31,2023-02-08T21:47:54.717115,0,"copied from local mirror (STJ-Moral-Damages-Jurimetrics, CKAN download of 2026-09-07/08; sha256 verified against mirror CHECKSUMS)"
2026-09-12T19:01:05+00:00,stj_integras_decisoes,metadados20230207.json,https://dadosabertos.web.stj.jus.br/dataset/a2cd85cc-1391-4ebc-aeed-a45dd75a7987/resource/6c519869-3cf0-44de-aff4-511415b1b3ae/download/metadados20230207.json,data/raw/stj_integras/metadata/metadados20230207.json,e4ef16fdb18f482da4a7037b511c89afa71acda2c838b1bb289173b3fcb87fff,1455226,CC-BY,2022-08-01..2024-08-31,2023-02-08T21:49:19.372854,0,"copied from local mirror (STJ-Moral-Damages-Jurimetrics, CKAN download of 2026-09-07/08; sha256 verified against mirror CHECKSUMS)"
2026-09-12T19:01:05+00:00,stj_integras_decisoes,textos20230207.zip,https://dadosabertos.web.stj.jus.br/dataset/a2cd85cc-1391-4ebc-aeed-a45dd75a7987/resource/8ff8e954-85ac-456e-a811-268ccced1e26/download/20230207.zip,data/raw/stj_integras/texts/textos20230207.zip,9ea9150be792a32580b131d8ee3ca268001d88e537504e63435e316b90df1d4e,9794842,CC-BY,2022-08-01..2024-08-31,2023-02-08T21:48:50.077179,0,"copied from local mirror (STJ-Moral-Damages-Jurimetrics, CKAN download of 2026-09-07/08; sha256 verified against mirror CHECKSUMS)"
2026-09-12T19:01:05+00:00,stj_integras_decisoes,metadados20230208.json,https://dadosabertos.web.stj.jus.br/dataset/a2cd85cc-1391-4ebc-aeed-a45dd75a7987/resource/ba57b75b-d206-4634-9776-d935f65869eb/download/metadados20230208.json,data/raw/stj_integras/metadata/metadados20230208.json,990fde4aa0570d3f65ff2127a6193ec14084b13f8ef5add9c3d994a28514cb7c,879283,CC-BY,2022-08-01..2024-08-31,2023-02-08T21:57:06.418361,0,"copied from local mirror (STJ-Moral-Damages-Jurimetrics, CKAN download of 2026-09-07/08; sha256 verified against mirror CHECKSUMS)"
2026-09-12T19:01:05+00:00,stj_integras_decisoes,textos20230208.zip,https://dadosabertos.web.stj.jus.br/dataset/a2cd85cc-1391-4ebc-aeed-a45dd75a7987/resource/4e4582c3-5320-44b8-aaf8-3953985f3a04/download/20230208.zip,data/raw/stj_integras/texts/textos20230208.zip,7916dcb7dfd3308ae051e2097e91f845159e9f97c071139db18e01d499e7a587,6629922,CC-BY,2022-08-01..2024-08-31,2023-02-08T21:56:46.369643,0,"copied from local mirror (STJ-Moral-Damages-Jurimetrics, CKAN download of 2026-09-07/08; sha256 verified against mirror CHECKSUMS)"
2026-09-12T19:01:05+00:00,stj_integras_decisoes,metadados20230209.json,https://dadosabertos.web.stj.jus.br/dataset/a2cd85cc-1391-4ebc-aeed-a45dd75a7987/resource/520e9f1f-85d9-479b-aa12-731d7d7f7e46/download/metadados20230209.json,data/raw/stj_integras/metadata/metadados20230209.json,3061eab4e115b186072303e7809abcb38a4d772cac8d761e1793067daa74be59,889835,CC-BY,2022-08-01..2024-08-31,2023-02-09T16:55:37.133756,0,"copied from local mirror (STJ-Moral-Damages-Jurimetrics, CKAN download of 2026-09-07/08; sha256 verified against mirror CHECKSUMS)"
2026-09-12T19:01:05+00:00,stj_integras_decisoes,textos20230209.zip,https://dadosabertos.web.stj.jus.br/dataset/a2cd85cc-1391-4ebc-aeed-a45dd75a7987/resource/02ab0722-e6d8-4711-a434-f8352656408c/download/20230209.zip,data/raw/stj_integras/texts/textos20230209.zip,7bb2f4271006f7aa05a26c16032bb6e5cf90b0a210dadf3b4a78172dd467b132,5900133,CC-BY,2022-08-01..2024-08-31,2023-02-09T16:55:23.019496,0,"copied from local mirror (STJ-Moral-Damages-Jurimetrics, CKAN download of 2026-09-07/08; sha256 verified against mirror CHECKSUMS)"
2026-09-12T19:01:05+00:00,stj_integras_decisoes,metadados20230210.json,https://dadosabertos.web.stj.jus.br/dataset/a2cd85cc-1391-4ebc-aeed-a45dd75a7987/resource/6d299304-9f15-483c-ba11-0a9f9bddc3e3/download/metadados20230210.json,data/raw/stj_integras/metadata/metadados20230210.json,b0c37bb2dca8c3c5d8fa6f907bd87d8b40ac710e3ed63410f75d2a675f27cfdf,1111118,CC-BY,2022-08-01..2024-08-31,2023-02-10T20:47:00.534418,0,"copied from local mirror (STJ-Moral-Damages-Jurimetrics, CKAN download of 2026-09-07/08; sha256 verified against mirror CHECKSUMS)"
2026-09-12T19:01:05+00:00,stj_integras_decisoes,textos20230210.zip,https://dadosabertos.web.stj.jus.br/dataset/a2cd85cc-1391-4ebc-aeed-a45dd75a7987/resource/ebad238f-b1aa-4986-aae8-b01669baaaa2/download/20230210.zip,data/raw/stj_integras/texts/textos20230210.zip,7cfc017f3a19c11a4e57e4d5ec9bb3628108e3ea53387f278c029428175e8b80,8516557,CC-BY,2022-08-01..2024-08-31,2023-02-10T20:46:48.722465,0,"copied from local mirror (STJ-Moral-Damages-Jurimetrics, CKAN download of 2026-09-07/08; sha256 verified against mirror CHECKSUMS)"
2026-09-12T19:01:05+00:00,stj_integras_decisoes,metadados20230213.json,https://dadosabertos.web.stj.jus.br/dataset/a2cd85cc-1391-4ebc-aeed-a45dd75a7987/resource/20711411-e222-4100-b28d-206fa6691ac3/download/metadados20230213.json,data/raw/stj_integras/metadata/metadados20230213.json,a02de88469ddcda95d025d6dc8e84962afba8ae6b17e9d44254247bb7993b8c7,831352,CC-BY,2022-08-01..2024-08-31,2023-02-13T17:06:43.631338,0,"copied from local mirror (STJ-Moral-Damages-Jurimetrics, CKAN download of 2026-09-07/08; sha256 verified against mirror CHECKSUMS)"
2026-09-12T19:01:05+00:00,stj_integras_decisoes,textos20230213.zip,https://dadosabertos.web.stj.jus.br/dataset/a2cd85cc-1391-4ebc-aeed-a45dd75a7987/resource/9e5aebac-aff8-4d70-a859-b901111ff6ee/download/20230213.zip,data/raw/stj_integras/texts/textos20230213.zip,d55b35d35e29ea51e9fc66f676a6ab4a06a1d845a4e44f1a8b17df59a6892adb,5539834,CC-BY,2022-08-01..2024-08-31,2023-02-13T17:06:31.945639,0,"copied from local mirror (STJ-Moral-Damages-Jurimetrics, CKAN download of 2026-09-07/08; sha256 verified against mirror CHECKSUMS)"
2026-09-12T19:01:05+00:00,stj_integras_decisoes,metadados20230214.json,https://dadosabertos.web.stj.jus.br/dataset/a2cd85cc-1391-4ebc-aeed-a45dd75a7987/resource/fa94460a-6e6f-446f-bc0c-f399353b0c8f/download/metadados20230214.json,data/raw/stj_integras/metadata/metadados20230214.json,6e60def9b5bc41d874bfd310ec65d231893277e6ab9da7892310b12d158e5806,1279215,CC-BY,2022-08-01..2024-08-31,2023-02-15T19:15:33.766185,0,"copied from local mirror (STJ-Moral-Damages-Jurimetrics, CKAN download of 2026-09-07/08; sha256 verified against mirror CHECKSUMS)"
2026-09-12T19:01:05+00:00,stj_integras_decisoes,textos20230214.zip,https://dadosabertos.web.stj.jus.br/dataset/a2cd85cc-1391-4ebc-aeed-a45dd75a7987/resource/f70930fb-b3bf-4ce0-aebc-f6ba3129891d/download/20230214.zip,data/raw/stj_integras/texts/textos20230214.zip,3ace935e23a4271d950601520a9c43597b2de20f9dccbf6c4d60da15db4b7723,9955706,CC-BY,2022-08-01..2024-08-31,2023-02-15T19:15:13.787335,0,"copied from local mirror (STJ-Moral-Damages-Jurimetrics, CKAN download of 2026-09-07/08; sha256 verified against mirror CHECKSUMS)"
2026-09-12T19:01:05+00:00,stj_integras_decisoes,metadados20230215.json,https://dadosabertos.web.stj.jus.br/dataset/a2cd85cc-1391-4ebc-aeed-a45dd75a7987/resource/e693d5b1-9a5f-4c34-adc3-0237d142eebf/download/metadados20230215.json,data/raw/stj_integras/metadata/metadados20230215.json,beea698b1fb7d32ae3f7fce99dd9dc81b40cd8f8cf33c273d7c8c48c7b2dce20,991213,CC-BY,2022-08-01..2024-08-31,2023-02-15T19:20:36.019776,0,"copied from local mirror (STJ-Moral-Damages-Jurimetrics, CKAN download of 2026-09-07/08; sha256 verified against mirror CHECKSUMS)"
2026-09-12T19:01:05+00:00,stj_integras_decisoes,textos20230215.zip,https://dadosabertos.web.stj.jus.br/dataset/a2cd85cc-1391-4ebc-aeed-a45dd75a7987/resource/f9332512-9b8c-4a30-8d6f-2bcf26438acb/download/20230215.zip,data/raw/stj_integras/texts/textos20230215.zip,33bdf2b107d150a55f04ea9c15aa4bfa4dd736514ecb1349b9b7f404197f8734,8761840,CC-BY,2022-08-01..2024-08-31,2023-02-15T19:20:13.102033,0,"copied from local mirror (STJ-Moral-Damages-Jurimetrics, CKAN download of 2026-09-07/08; sha256 verified against mirror CHECKSUMS)"
2026-09-12T19:01:05+00:00,stj_integras_decisoes,metadados20230216.json,https://dadosabertos.web.stj.jus.br/dataset/a2cd85cc-1391-4ebc-aeed-a45dd75a7987/resource/7c80a7ee-5a0f-430d-bf47-e6b5d3cce30c/download/metadados20230216.json,data/raw/stj_integras/metadata/metadados20230216.json,d9733f121357dda3fad68a2585eb23246bd7e466500adada5850fe0b14876d6c,1683559,CC-BY,2022-08-01..2024-08-31,2023-02-16T19:37:57.328847,0,"copied from local mirror (STJ-Moral-Damages-Jurimetrics, CKAN download of 2026-09-07/08; sha256 verified against mirror CHECKSUMS)"
2026-09-12T19:01:05+00:00,stj_integras_decisoes,textos20230216.zip,https://dadosabertos.web.stj.jus.br/dataset/a2cd85cc-1391-4ebc-aeed-a45dd75a7987/resource/c4d4bb50-28fc-4f1a-a203-4957dd5eaf7a/download/20230216.zip,data/raw/stj_integras/texts/textos20230216.zip,19cc24acb78a1809c5614f139c19bcbe1e4689827070d98070bd66062b839f2d,14301510,CC-BY,2022-08-01..2024-08-31,2023-02-16T19:37:47.014537,0,"copied from local mirror (STJ-Moral-Damages-Jurimetrics, CKAN download of 2026-09-07/08; sha256 verified against mirror CHECKSUMS)"
2026-09-12T19:01:05+00:00,stj_integras_decisoes,metadados20230217.json,https://dadosabertos.web.stj.jus.br/dataset/a2cd85cc-1391-4ebc-aeed-a45dd75a7987/resource/7a8eff94-c3f8-4f8e-abc2-2ebd4725de9e/download/metadados20230217.json,data/raw/stj_integras/metadata/metadados20230217.json,dca30263ad4d8d52c2b86dc551e79908cdc134aad7f943a21fe7e1bd8bbf57b6,1790764,CC-BY,2022-08-01..2024-08-31,2023-02-23T16:50:03.572651,0,"copied from local mirror (STJ-Moral-Damages-Jurimetrics, CKAN download of 2026-09-07/08; sha256 verified against mirror CHECKSUMS)"
2026-09-12T19:01:05+00:00,stj_integras_decisoes,textos20230217.zip,https://dadosabertos.web.stj.jus.br/dataset/a2cd85cc-1391-4ebc-aeed-a45dd75a7987/resource/00ae4942-cb10-4d35-aea6-c566ac8dbfe6/download/20230217.zip,data/raw/stj_integras/texts/textos20230217.zip,a080fadd72d38afe3111496a6d8cbb3e82e7c2b718aa070b6ed65452f6db5afe,17030264,CC-BY,2022-08-01..2024-08-31,2023-02-23T16:49:49.479544,0,"copied from local mirror (STJ-Moral-Damages-Jurimetrics, CKAN download of 2026-09-07/08; sha256 verified against mirror CHECKSUMS)"
2026-09-12T19:01:05+00:00,stj_integras_decisoes,metadados20230222.json,https://dadosabertos.web.stj.jus.br/dataset/a2cd85cc-1391-4ebc-aeed-a45dd75a7987/resource/be46479c-817b-40ae-b294-cd4d149b9c32/download/metadados20230222.json,data/raw/stj_integras/metadata/metadados20230222.json,ae54caeba8dd7a58b546009f39527c8a97addc9c65c15955bba4c1e16a1f376f,612956,CC-BY,2022-08-01..2024-08-31,2023-02-23T16:50:29.472191,0,"copied from local mirror (STJ-Moral-Damages-Jurimetrics, CKAN download of 2026-09-07/08; sha256 verified against mirror CHECKSUMS)"
2026-09-12T19:01:05+00:00,stj_integras_decisoes,textos20230222.zip,https://dadosabertos.web.stj.jus.br/dataset/a2cd85cc-1391-4ebc-aeed-a45dd75a7987/resource/1cef5885-5981-4839-b949-4ef0ab924622/download/20230222.zip,data/raw/stj_integras/texts/textos20230222.zip,f77346f767a9f04ccf651b9d1b34465f27d8d4baa6b3006c8f2d2768d4275d40,6627938,CC-BY,2022-08-01..2024-08-31,2023-02-23T16:50:16.431647,0,"copied from local mirror (STJ-Moral-Damages-Jurimetrics, CKAN download of 2026-09-07/08; sha256 verified against mirror CHECKSUMS)"
2026-09-12T19:01:05+00:00,stj_integras_decisoes,metadados20230223.json,https://dadosabertos.web.stj.jus.br/dataset/a2cd85cc-1391-4ebc-aeed-a45dd75a7987/resource/fb54609f-d808-4539-93b0-c1e1d2818bb8/download/metadados20230223.json,data/raw/stj_integras/metadata/metadados20230223.json,31b446901f8def8e63c761bc6d7942a5280710694238d4d257700ceabb0ebe99,1278298,CC-BY,2022-08-01..2024-08-31,2023-02-23T17:11:26.096087,0,"copied from local mirror (STJ-Moral-Damages-Jurimetrics, CKAN download of 2026-09-07/08; sha256 verified against mirror CHECKSUMS)"
2026-09-12T19:01:05+00:00,stj_integras_decisoes,textos20230223.zip,https://dadosabertos.web.stj.jus.br/dataset/a2cd85cc-1391-4ebc-aeed-a45dd75a7987/resource/552031b7-8753-4a75-acb2-659b2f8890e7/download/20230223.zip,data/raw/stj_integras/texts/textos20230223.zip,7ca6af26b7b8bed5d61db7a91e8c852465350ff0e0fff56389baff5057eb310c,9342023,CC-BY,2022-08-01..2024-08-31,2023-02-23T17:11:15.668751,0,"copied from local mirror (STJ-Moral-Damages-Jurimetrics, CKAN download of 2026-09-07/08; sha256 verified against mirror CHECKSUMS)"
2026-09-12T19:01:05+00:00,stj_integras_decisoes,metadados20230224.json,https://dadosabertos.web.stj.jus.br/dataset/a2cd85cc-1391-4ebc-aeed-a45dd75a7987/resource/a09d1233-a407-43fd-b015-04b7531d3933/download/metadados20230224.json,data/raw/stj_integras/metadata/metadados20230224.json,f8686ead3ec6ee46f372f3d38cc16ce78555967f8ba4291f283b13185872a89b,746574,CC-BY,2022-08-01..2024-08-31,2023-02-25T13:31:05.310030,0,"copied from local mirror (STJ-Moral-Damages-Jurimetrics, CKAN download of 2026-09-07/08; sha256 verified against mirror CHECKSUMS)"
2026-09-12T19:01:05+00:00,stj_integras_decisoes,textos20230224.zip,https://dadosabertos.web.stj.jus.br/dataset/a2cd85cc-1391-4ebc-aeed-a45dd75a7987/resource/e2ee7d40-8417-49b1-ae2e-af76c7473699/download/20230224.zip,data/raw/stj_integras/texts/textos20230224.zip,6c2941b657936abc0f6c31724ea443c206234598daa485f0d105b5bb4e63280e,6020776,CC-BY,2022-08-01..2024-08-31,2023-02-25T13:30:54.392875,0,"copied from local mirror (STJ-Moral-Damages-Jurimetrics, CKAN download of 2026-09-07/08; sha256 verified against mirror CHECKSUMS)"
2026-09-12T19:01:05+00:00,stj_integras_decisoes,metadados20230227.json,https://dadosabertos.web.stj.jus.br/dataset/a2cd85cc-1391-4ebc-aeed-a45dd75a7987/resource/3d5487bb-baae-4ef4-abb1-266e44680367/download/metadados20230227.json,data/raw/stj_integras/metadata/metadados20230227.json,c22d496448e3a5cfe9df9ceea895a7705246bd29abc8a16545f24f2fd7f9705c,753536,CC-BY,2022-08-01..2024-08-31,2023-02-27T18:41:32.607340,0,"copied from local mirror (STJ-Moral-Damages-Jurimetrics, CKAN download of 2026-09-07/08; sha256 verified against mirror CHECKSUMS)"
2026-09-12T19:01:05+00:00,stj_integras_decisoes,textos20230227.zip,https://dadosabertos.web.stj.jus.br/dataset/a2cd85cc-1391-4ebc-aeed-a45dd75a7987/resource/caffad15-0c5c-4760-ba3d-5e6a439e89a7/download/20230227.zip,data/raw/stj_integras/texts/textos20230227.zip,1b19e8ec74faf58bdabf6babea2907a63d623dbd1cdb222e09d20765151e83b2,6708682,CC-BY,2022-08-01..2024-08-31,2023-02-27T18:41:22.132555,0,"copied from local mirror (STJ-Moral-Damages-Jurimetrics, CKAN download of 2026-09-07/08; sha256 verified against mirror CHECKSUMS)"
2026-09-12T19:01:05+00:00,stj_integras_decisoes,metadados20230228.json,https://dadosabertos.web.stj.jus.br/dataset/a2cd85cc-1391-4ebc-aeed-a45dd75a7987/resource/40b1aaf2-1af7-4954-a201-b98758b837fd/download/metadados20230228.json,data/raw/stj_integras/metadata/metadados20230228.json,8a48bbdd85398a33f8cd0d410f798d9bd62f5e904c060576dd920b191d56e97b,1324852,CC-BY,2022-08-01..2024-08-31,2023-02-28T18:38:34.303496,0,"copied from local mirror (STJ-Moral-Damages-Jurimetrics, CKAN download of 2026-09-07/08; sha256 verified against mirror CHECKSUMS)"
2026-09-12T19:01:05+00:00,stj_integras_decisoes,textos20230228.zip,https://dadosabertos.web.stj.jus.br/dataset/a2cd85cc-1391-4ebc-aeed-a45dd75a7987/resource/50613b74-cae5-4d6d-b633-13587b3e050a/download/20230228.zip,data/raw/stj_integras/texts/textos20230228.zip,6f66f72c3291d43b8dd198041969fbef89ca7fb58aaf3d17231a54c9f44938bf,11011040,CC-BY,2022-08-01..2024-08-31,2023-02-28T18:38:24.690650,0,"copied from local mirror (STJ-Moral-Damages-Jurimetrics, CKAN download of 2026-09-07/08; sha256 verified against mirror CHECKSUMS)"
2026-09-12T19:01:05+00:00,stj_integras_decisoes,metadados20230301.json,https://dadosabertos.web.stj.jus.br/dataset/a2cd85cc-1391-4ebc-aeed-a45dd75a7987/resource/2c7cb2c3-5b1e-438d-aedd-6875307fa9d2/download/metadados20230301.json,data/raw/stj_integras/metadata/metadados20230301.json,66322f013d8ce5c504fb53d93d41ede7d26544d107c30527b3e2773a3f8563e9,1497886,CC-BY,2022-08-01..2024-08-31,2023-03-02T11:04:22.538111,0,"copied from local mirror (STJ-Moral-Damages-Jurimetrics, CKAN download of 2026-09-07/08; sha256 verified against mirror CHECKSUMS)"
2026-09-12T19:01:05+00:00,stj_integras_decisoes,textos20230301.zip,https://dadosabertos.web.stj.jus.br/dataset/a2cd85cc-1391-4ebc-aeed-a45dd75a7987/resource/423639a0-ff37-4b07-aa5b-1f287bee3f18/download/20230301.zip,data/raw/stj_integras/texts/textos20230301.zip,04b2e321d7fc0fb3d67c4ed98d7ad5d2abf98c910677b579de2b28c8237fcbc9,12683229,CC-BY,2022-08-01..2024-08-31,2023-03-02T11:04:11.006710,0,"copied from local mirror (STJ-Moral-Damages-Jurimetrics, CKAN download of 2026-09-07/08; sha256 verified against mirror CHECKSUMS)"
2026-09-12T19:01:05+00:00,stj_integras_decisoes,metadados20230303.json,https://dadosabertos.web.stj.jus.br/dataset/a2cd85cc-1391-4ebc-aeed-a45dd75a7987/resource/281e20de-9d9d-4a55-84a1-84a2dccf9faf/download/metadados20230303.json,data/raw/stj_integras/metadata/metadados20230303.json,a156b2edb1eb6efa64907bb591437b78db423ed63da0768045ed3e22ce96f655,631844,CC-BY,2022-08-01..2024-08-31,2023-03-03T16:48:10.123364,0,"copied from local mirror (STJ-Moral-Damages-Jurimetrics, CKAN download of 2026-09-07/08; sha256 verified against mirror CHECKSUMS)"
2026-09-12T19:01:05+00:00,stj_integras_decisoes,textos20230303.zip,https://dadosabertos.web.stj.jus.br/dataset/a2cd85cc-1391-4ebc-aeed-a45dd75a7987/resource/040f7bd5-9ab6-462e-963a-383a09d2041c/download/20230303.zip,data/raw/stj_integras/texts/textos20230303.zip,bd56be85ecba01877f332920a9bc06a3c4bc6b7cbad5eaee8f2308d8ec45bbd2,2645145,CC-BY,2022-08-01..2024-08-31,2023-03-03T16:47:59.194530,0,"copied from local mirror (STJ-Moral-Damages-Jurimetrics, CKAN download of 2026-09-07/08; sha256 verified against mirror CHECKSUMS)"
2026-09-12T19:01:05+00:00,stj_integras_decisoes,metadados20230306.json,https://dadosabertos.web.stj.jus.br/dataset/a2cd85cc-1391-4ebc-aeed-a45dd75a7987/resource/1e77f6d4-4a4e-4dae-9f75-39743151a223/download/metadados20230306.json,data/raw/stj_integras/metadata/metadados20230306.json,ca0a02e01f5ab5d84dd3c0c501ce5e98ff66c6a67f4c17dca1280239acfb9dd3,673172,CC-BY,2022-08-01..2024-08-31,2023-03-06T16:49:28.835158,0,"copied from local mirror (STJ-Moral-Damages-Jurimetrics, CKAN download of 2026-09-07/08; sha256 verified against mirror CHECKSUMS)"
2026-09-12T19:01:05+00:00,stj_integras_decisoes,textos20230306.zip,https://dadosabertos.web.stj.jus.br/dataset/a2cd85cc-1391-4ebc-aeed-a45dd75a7987/resource/8352dc2c-3f39-4457-954b-687539822a44/download/20230306.zip,data/raw/stj_integras/texts/textos20230306.zip,be8df3ed709ed8198fca3f92f347a8a49d81899ef01cee46311401e8c4727b41,5124572,CC-BY,2022-08-01..2024-08-31,2023-03-06T16:49:16.051772,0,"copied from local mirror (STJ-Moral-Damages-Jurimetrics, CKAN download of 2026-09-07/08; sha256 verified against mirror CHECKSUMS)"
2026-09-12T19:01:05+00:00,stj_integras_decisoes,metadados20230307.json,https://dadosabertos.web.stj.jus.br/dataset/a2cd85cc-1391-4ebc-aeed-a45dd75a7987/resource/db397c96-a11f-4e20-912d-3da15cf55bab/download/metadados20230307.json,data/raw/stj_integras/metadata/metadados20230307.json,20ad4a68f9f6411095b0d7f910661fa1976b94c1fb839eb61acd04ff149df078,841207,CC-BY,2022-08-01..2024-08-31,2023-03-09T14:32:49.911583,0,"copied from local mirror (STJ-Moral-Damages-Jurimetrics, CKAN download of 2026-09-07/08; sha256 verified against mirror CHECKSUMS)"
2026-09-12T19:01:05+00:00,stj_integras_decisoes,textos20230307.zip,https://dadosabertos.web.stj.jus.br/dataset/a2cd85cc-1391-4ebc-aeed-a45dd75a7987/resource/f819c9bb-6257-405d-aedc-1393965b5095/download/20230307.zip,data/raw/stj_integras/texts/textos20230307.zip,2de2e8d14c2150d8520655dd1f5a75a2e9f58f9706efafb403ddeffb096d29c4,6869309,CC-BY,2022-08-01..2024-08-31,2023-03-09T14:32:39.175487,0,"copied from local mirror (STJ-Moral-Damages-Jurimetrics, CKAN download of 2026-09-07/08; sha256 verified against mirror CHECKSUMS)"
2026-09-12T19:01:05+00:00,stj_integras_decisoes,metadados20230308.json,https://dadosabertos.web.stj.jus.br/dataset/a2cd85cc-1391-4ebc-aeed-a45dd75a7987/resource/2572e67b-a599-4fe2-9c79-e03f1bb1ae9e/download/metadados20230308.json,data/raw/stj_integras/metadata/metadados20230308.json,5b6af60b89e9658502967694282e57116e814a2c4a022211ad0bccd9429f33b5,829751,CC-BY,2022-08-01..2024-08-31,2023-03-09T14:48:24.679464,0,"copied from local mirror (STJ-Moral-Damages-Jurimetrics, CKAN download of 2026-09-07/08; sha256 verified against mirror CHECKSUMS)"
2026-09-12T19:01:05+00:00,stj_integras_decisoes,textos20230308.zip,https://dadosabertos.web.stj.jus.br/dataset/a2cd85cc-1391-4ebc-aeed-a45dd75a7987/resource/f9aec6ab-df89-473a-a601-44871cb932b4/download/20230308.zip,data/raw/stj_integras/texts/textos20230308.zip,30ea2ca2ba04583dda6225b4dafc39082085f2f9655c12b974e13ba6c08bf526,7320208,CC-BY,2022-08-01..2024-08-31,2023-03-09T14:48:12.838070,0,"copied from local mirror (STJ-Moral-Damages-Jurimetrics, CKAN download of 2026-09-07/08; sha256 verified against mirror CHECKSUMS)"
2026-09-12T19:01:05+00:00,stj_integras_decisoes,metadados20230309.json,https://dadosabertos.web.stj.jus.br/dataset/a2cd85cc-1391-4ebc-aeed-a45dd75a7987/resource/13179b74-b07b-4d76-a347-4d629444e27b/download/metadados20230309.json,data/raw/stj_integras/metadata/metadados20230309.json,9a4fe63a215364575ad01dc35b8043aaa243a08a9a2e5315787182cd9a617f7d,1780114,CC-BY,2022-08-01..2024-08-31,2023-03-09T15:06:34.139990,0,"copied from local mirror (STJ-Moral-Damages-Jurimetrics, CKAN download of 2026-09-07/08; sha256 verified against mirror CHECKSUMS)"
2026-09-12T19:01:05+00:00,stj_integras_decisoes,textos20230309.zip,https://dadosabertos.web.stj.jus.br/dataset/a2cd85cc-1391-4ebc-aeed-a45dd75a7987/resource/88712208-65b4-43a7-bcf2-a7f29edb4ce6/download/20230309.zip,data/raw/stj_integras/texts/textos20230309.zip,920aec5b379d28f7570a8570300e975b365293da74dd8c3a9a406d916e8e66e1,14725382,CC-BY,2022-08-01..2024-08-31,2023-03-09T15:06:24.240588,0,"copied from local mirror (STJ-Moral-Damages-Jurimetrics, CKAN download of 2026-09-07/08; sha256 verified against mirror CHECKSUMS)"
2026-09-12T19:01:05+00:00,stj_integras_decisoes,metadados20230310.json,https://dadosabertos.web.stj.jus.br/dataset/a2cd85cc-1391-4ebc-aeed-a45dd75a7987/resource/7b419d0e-a23c-4676-9648-db501e9ad973/download/metadados20230310.json,data/raw/stj_integras/metadata/metadados20230310.json,e60f1f7d0a96ca0f74d3ff5b01f3506f7c5ebde04a42667204576cec648b4d5e,1851448,CC-BY,2022-08-01..2024-08-31,2023-03-10T22:07:45.070521,0,"copied from local mirror (STJ-Moral-Damages-Jurimetrics, CKAN download of 2026-09-07/08; sha256 verified against mirror CHECKSUMS)"
2026-09-12T19:01:05+00:00,stj_integras_decisoes,textos20230310.zip,https://dadosabertos.web.stj.jus.br/dataset/a2cd85cc-1391-4ebc-aeed-a45dd75a7987/resource/25700718-b9ca-4056-8c55-2f14648b6d47/download/20230310.zip,data/raw/stj_integras/texts/textos20230310.zip,00be74279f261d614b8dc1efe39c2ff4249d7a8f807601faaa5ee6c9a4dc30ad,16439160,CC-BY,2022-08-01..2024-08-31,2023-03-10T22:07:33.888370,0,"copied from local mirror (STJ-Moral-Damages-Jurimetrics, CKAN download of 2026-09-07/08; sha256 verified against mirror CHECKSUMS)"
2026-09-12T19:01:05+00:00,stj_integras_decisoes,metadados20230313.json,https://dadosabertos.web.stj.jus.br/dataset/a2cd85cc-1391-4ebc-aeed-a45dd75a7987/resource/e36602c0-b995-4aa9-b70a-0e93b0c1bdec/download/metadados20230313.json,data/raw/stj_integras/metadata/metadados20230313.json,d0a099defb94d8dc32512abc2b4223ac4ee96f5e7e3cb67aa582d56f0c953674,1078685,CC-BY,2022-08-01..2024-08-31,2023-03-13T20:28:52.595823,0,"copied from local mirror (STJ-Moral-Damages-Jurimetrics, CKAN download of 2026-09-07/08; sha256 verified against mirror CHECKSUMS)"
2026-09-12T19:01:05+00:00,stj_integras_decisoes,textos20230313.zip,https://dadosabertos.web.stj.jus.br/dataset/a2cd85cc-1391-4ebc-aeed-a45dd75a7987/resource/8372eae9-dd49-4f41-92ce-7721616ce4df/download/20230313.zip,data/raw/stj_integras/texts/textos20230313.zip,60f29b40759d84e54ad7a60b08c15e0688c4ed91e932298d64cf6ae992eb38a7,9436793,CC-BY,2022-08-01..2024-08-31,2023-03-13T20:28:41.431648,0,"copied from local mirror (STJ-Moral-Damages-Jurimetrics, CKAN download of 2026-09-07/08; sha256 verified against mirror CHECKSUMS)"
2026-09-12T19:01:05+00:00,stj_integras_decisoes,metadados20230314.json,https://dadosabertos.web.stj.jus.br/dataset/a2cd85cc-1391-4ebc-aeed-a45dd75a7987/resource/58fa7239-1e64-4b56-b07c-eb5ba040b626/download/metadados20230314.json,data/raw/stj_integras/metadata/metadados20230314.json,3ddf0ef9cf70f5db0c40abbdab6e185b138187bdc7f615d21c7e28fe2f2e2f56,981319,CC-BY,2022-08-01..2024-08-31,2023-03-14T17:24:41.488374,0,"copied from local mirror (STJ-Moral-Damages-Jurimetrics, CKAN download of 2026-09-07/08; sha256 verified against mirror CHECKSUMS)"
2026-09-12T19:01:05+00:00,stj_integras_decisoes,textos20230314.zip,https://dadosabertos.web.stj.jus.br/dataset/a2cd85cc-1391-4ebc-aeed-a45dd75a7987/resource/ce84ca84-2652-499b-8c88-817953496dea/download/20230314.zip,data/raw/stj_integras/texts/textos20230314.zip,6ef9057ced64995efe2086e32dbce9a8beaaf0bb0850c6a597b84446e371db74,8298057,CC-BY,2022-08-01..2024-08-31,2023-03-14T17:24:30.172064,0,"copied from local mirror (STJ-Moral-Damages-Jurimetrics, CKAN download of 2026-09-07/08; sha256 verified against mirror CHECKSUMS)"
2026-09-12T19:01:05+00:00,stj_integras_decisoes,metadados20230315.json,https://dadosabertos.web.stj.jus.br/dataset/a2cd85cc-1391-4ebc-aeed-a45dd75a7987/resource/fca41181-59d2-47ff-a95f-c37b6704f399/download/metadados20230315.json,data/raw/stj_integras/metadata/metadados20230315.json,aa6164454b327f8a69387eae9b5abc1cc15eed3cd75d62934bd4c5dc3ebb462b,2067539,CC-BY,2022-08-01..2024-08-31,2023-03-15T22:24:54.711751,0,"copied from local mirror (STJ-Moral-Damages-Jurimetrics, CKAN download of 2026-09-07/08; sha256 verified against mirror CHECKSUMS)"
2026-09-12T19:01:05+00:00,stj_integras_decisoes,textos20230315.zip,https://dadosabertos.web.stj.jus.br/dataset/a2cd85cc-1391-4ebc-aeed-a45dd75a7987/resource/bff03ff9-d077-451b-a329-86f4bb2979af/download/20230315.zip,data/raw/stj_integras/texts/textos20230315.zip,9bdbc88a1346185fca57d9efbefc5874c1ca35627864f2ba38d0a0d13ee2cc10,17310475,CC-BY,2022-08-01..2024-08-31,2023-03-15T22:24:43.036636,0,"copied from local mirror (STJ-Moral-Damages-Jurimetrics, CKAN download of 2026-09-07/08; sha256 verified against mirror CHECKSUMS)"
2026-09-12T19:01:05+00:00,stj_integras_decisoes,metadados20230316.json,https://dadosabertos.web.stj.jus.br/dataset/a2cd85cc-1391-4ebc-aeed-a45dd75a7987/resource/040e9cf7-2c3a-4c65-b5cb-1de065cd6780/download/metadados20230316.json,data/raw/stj_integras/metadata/metadados20230316.json,c8c014104f8de3936641129719de50c6b9371faaf1a6af87ccd06e7c975cc4d8,1786362,CC-BY,2022-08-01..2024-08-31,2023-03-18T10:49:20.761956,0,"copied from local mirror (STJ-Moral-Damages-Jurimetrics, CKAN download of 2026-09-07/08; sha256 verified against mirror CHECKSUMS)"
2026-09-12T19:01:05+00:00,stj_integras_decisoes,textos20230316.zip,https://dadosabertos.web.stj.jus.br/dataset/a2cd85cc-1391-4ebc-aeed-a45dd75a7987/resource/d92e03db-60e1-4888-9ec1-48ad4afdb4a3/download/20230316.zip,data/raw/stj_integras/texts/textos20230316.zip,62432dfcc16df782b49c727cc7a2fac450b08aa1bc5a5a07401ea81a81078f89,12655847,CC-BY,2022-08-01..2024-08-31,2023-03-18T10:49:04.714325,0,"copied from local mirror (STJ-Moral-Damages-Jurimetrics, CKAN download of 2026-09-07/08; sha256 verified against mirror CHECKSUMS)"
2026-09-12T19:01:05+00:00,stj_integras_decisoes,metadados20230317.json,https://dadosabertos.web.stj.jus.br/dataset/a2cd85cc-1391-4ebc-aeed-a45dd75a7987/resource/4cf0187f-5971-4d63-94c4-25f721bdb4d4/download/metadados20230317.json,data/raw/stj_integras/metadata/metadados20230317.json,90b79e87879b3979ffbd0dfb0ebd21e54c6e23a1cdd19b28ed26583b4f49d147,943291,CC-BY,2022-08-01..2024-08-31,2023-03-18T10:54:54.727315,0,"copied from local mirror (STJ-Moral-Damages-Jurimetrics, CKAN download of 2026-09-07/08; sha256 verified against mirror CHECKSUMS)"
2026-09-12T19:01:05+00:00,stj_integras_decisoes,textos20230317.zip,https://dadosabertos.web.stj.jus.br/dataset/a2cd85cc-1391-4ebc-aeed-a45dd75a7987/resource/712736c1-91fe-4249-9799-ad76f2bcd17a/download/20230317.zip,data/raw/stj_integras/texts/textos20230317.zip,05ed66010595702471bbd682d1f13d8579a5d3a12428553c9c09db761f30c381,8819156,CC-BY,2022-08-01..2024-08-31,2023-03-18T10:54:39.132624,0,"copied from local mirror (STJ-Moral-Damages-Jurimetrics, CKAN download of 2026-09-07/08; sha256 verified against mirror CHECKSUMS)"
2026-09-12T19:01:05+00:00,stj_integras_decisoes,metadados20230320.json,https://dadosabertos.web.stj.jus.br/dataset/a2cd85cc-1391-4ebc-aeed-a45dd75a7987/resource/b7a80420-648f-462e-8dce-91ff37525d1b/download/metadados20230320.json,data/raw/stj_integras/metadata/metadados20230320.json,2e52108bf436cf8fa6e8bef608fdd8d56227a08cde4b27e7e5bd7d0e9a30afb0,860538,CC-BY,2022-08-01..2024-08-31,2023-03-20T22:42:02.479877,0,"copied from local mirror (STJ-Moral-Damages-Jurimetrics, CKAN download of 2026-09-07/08; sha256 verified against mirror CHECKSUMS)"
2026-09-12T19:01:05+00:00,stj_integras_decisoes,textos20230320.zip,https://dadosabertos.web.stj.jus.br/dataset/a2cd85cc-1391-4ebc-aeed-a45dd75a7987/resource/282e7e53-b9e7-4abf-a40e-7b42e971accf/download/20230320.zip,data/raw/stj_integras/texts/textos20230320.zip,fedd42851611676f577d7ee22f40cb2811aeec37047663bda59993fefe79ad9f,6775704,CC-BY,2022-08-01..2024-08-31,2023-03-20T22:41:49.018182,0,"copied from local mirror (STJ-Moral-Damages-Jurimetrics, CKAN download of 2026-09-07/08; sha256 verified against mirror CHECKSUMS)"
2026-09-12T19:01:05+00:00,stj_integras_decisoes,metadados20230321.json,https://dadosabertos.web.stj.jus.br/dataset/a2cd85cc-1391-4ebc-aeed-a45dd75a7987/resource/1691eae9-70be-4f64-8a0b-9b8c98a11724/download/metadados20230321.json,data/raw/stj_integras/metadata/metadados20230321.json,0b87c0a056bae5710524475901065bc90afb81e0f936af3e5827ed013245ad22,1182510,CC-BY,2022-08-01..2024-08-31,2023-03-22T18:17:35.920396,0,"copied from local mirror (STJ-Moral-Damages-Jurimetrics, CKAN download of 2026-09-07/08; sha256 verified against mirror CHECKSUMS)"
2026-09-12T19:01:05+00:00,stj_integras_decisoes,textos20230321.zip,https://dadosabertos.web.stj.jus.br/dataset/a2cd85cc-1391-4ebc-aeed-a45dd75a7987/resource/951be338-922d-44b9-805c-03b3bc07286a/download/20230321.zip,data/raw/stj_integras/texts/textos20230321.zip,8a5998c2e230eabd3083e5c057f6307018181144ec18813e56ee62e19194cfc9,11085337,CC-BY,2022-08-01..2024-08-31,2023-03-22T18:17:23.610234,0,"copied from local mirror (STJ-Moral-Damages-Jurimetrics, CKAN download of 2026-09-07/08; sha256 verified against mirror CHECKSUMS)"
2026-09-12T19:01:05+00:00,stj_integras_decisoes,metadados20230322.json,https://dadosabertos.web.stj.jus.br/dataset/a2cd85cc-1391-4ebc-aeed-a45dd75a7987/resource/f94f4fea-82be-4e3a-b979-70b1c4c8de11/download/metadados20230322.json,data/raw/stj_integras/metadata/metadados20230322.json,c321bbddbe14cb84e2796c6a4d52855c7efe80dc1a02b606e8b91c29fa91fcc7,1132216,CC-BY,2022-08-01..2024-08-31,2023-03-22T18:29:13.198808,0,"copied from local mirror (STJ-Moral-Damages-Jurimetrics, CKAN download of 2026-09-07/08; sha256 verified against mirror CHECKSUMS)"
2026-09-12T19:01:05+00:00,stj_integras_decisoes,textos20230322.zip,https://dadosabertos.web.stj.jus.br/dataset/a2cd85cc-1391-4ebc-aeed-a45dd75a7987/resource/ccfab272-2f88-4142-a3e2-da04db759f7d/download/20230322.zip,data/raw/stj_integras/texts/textos20230322.zip,cbd8751bb71d261c81f2e06fdc7af29bd46b679ddac1f2292688c7dcc7500941,9168827,CC-BY,2022-08-01..2024-08-31,2023-03-22T18:29:02.409440,0,"copied from local mirror (STJ-Moral-Damages-Jurimetrics, CKAN download of 2026-09-07/08; sha256 verified against mirror CHECKSUMS)"
2026-09-12T19:01:05+00:00,stj_integras_decisoes,metadados20230323.json,https://dadosabertos.web.stj.jus.br/dataset/a2cd85cc-1391-4ebc-aeed-a45dd75a7987/resource/aacd50d7-a937-4fd2-a42c-963261c16dff/download/metadados20230323.json,data/raw/stj_integras/metadata/metadados20230323.json,516b87a9a2b2fd0b28551971746b87706725aff6dd04d7c0c73128bfd06e3740,1544033,CC-BY,2022-08-01..2024-08-31,2023-03-23T20:43:07.027274,0,"copied from local mirror (STJ-Moral-Damages-Jurimetrics, CKAN download of 2026-09-07/08; sha256 verified against mirror CHECKSUMS)"
2026-09-12T19:01:05+00:00,stj_integras_decisoes,textos20230323.zip,https://dadosabertos.web.stj.jus.br/dataset/a2cd85cc-1391-4ebc-aeed-a45dd75a7987/resource/0e7ddb54-6472-456c-a447-1872baa56b75/download/20230323.zip,data/raw/stj_integras/texts/textos20230323.zip,faf70b6f7022293ec965416f0a565fef9ce38a7004270166725cd5ffed100a5a,13793479,CC-BY,2022-08-01..2024-08-31,2023-03-23T20:42:55.097934,0,"copied from local mirror (STJ-Moral-Damages-Jurimetrics, CKAN download of 2026-09-07/08; sha256 verified against mirror CHECKSUMS)"
2026-09-12T19:01:05+00:00,stj_integras_decisoes,metadados20230324.json,https://dadosabertos.web.stj.jus.br/dataset/a2cd85cc-1391-4ebc-aeed-a45dd75a7987/resource/12c87a20-4af1-458f-a7ba-8daf16891a50/download/metadados20230324.json,data/raw/stj_integras/metadata/metadados20230324.json,65fa870d7ee2b476213a9c8a4cd0d8341e0164b40ea44c5c75cff4ff8e6467cd,1481156,CC-BY,2022-08-01..2024-08-31,2023-03-24T18:13:08.849713,0,"copied from local mirror (STJ-Moral-Damages-Jurimetrics, CKAN download of 2026-09-07/08; sha256 verified against mirror CHECKSUMS)"
2026-09-12T19:01:05+00:00,stj_integras_decisoes,textos20230324.zip,https://dadosabertos.web.stj.jus.br/dataset/a2cd85cc-1391-4ebc-aeed-a45dd75a7987/resource/db0f6c21-524f-42c7-8f3d-878edcf564a6/download/20230324.zip,data/raw/stj_integras/texts/textos20230324.zip,fc900e2ceea11d4c9cb2061e4c72d0a8d4926101ea90db7656716fcc65dfbb67,12955527,CC-BY,2022-08-01..2024-08-31,2023-03-24T18:12:58.432025,0,"copied from local mirror (STJ-Moral-Damages-Jurimetrics, CKAN download of 2026-09-07/08; sha256 verified against mirror CHECKSUMS)"
2026-09-12T19:01:05+00:00,stj_integras_decisoes,metadados20230327.json,https://dadosabertos.web.stj.jus.br/dataset/a2cd85cc-1391-4ebc-aeed-a45dd75a7987/resource/68378e05-a5bb-4d17-b233-ee713466a1ee/download/metadados20230327.json,data/raw/stj_integras/metadata/metadados20230327.json,3a16421be2d84dcfc2a208e8e17223b76d5156958d8ec673fe6947c889e47303,1187362,CC-BY,2022-08-01..2024-08-31,2023-03-29T21:35:34.580691,0,"copied from local mirror (STJ-Moral-Damages-Jurimetrics, CKAN download of 2026-09-07/08; sha256 verified against mirror CHECKSUMS)"
2026-09-12T19:01:05+00:00,stj_integras_decisoes,textos20230327.zip,https://dadosabertos.web.stj.jus.br/dataset/a2cd85cc-1391-4ebc-aeed-a45dd75a7987/resource/6a1909d2-519e-42ef-8ae1-a9a6e71fbb74/download/20230327.zip,data/raw/stj_integras/texts/textos20230327.zip,fa6973300893556284b066ac5d67427afc4ce6e0075eb3464b9007a0a7d252b8,10839400,CC-BY,2022-08-01..2024-08-31,2023-03-29T21:35:23.412041,0,"copied from local mirror (STJ-Moral-Damages-Jurimetrics, CKAN download of 2026-09-07/08; sha256 verified against mirror CHECKSUMS)"
2026-09-12T19:01:05+00:00,stj_integras_decisoes,metadados20230328.json,https://dadosabertos.web.stj.jus.br/dataset/a2cd85cc-1391-4ebc-aeed-a45dd75a7987/resource/3eabfeb9-2d36-4025-96c2-b56159f5b419/download/metadados20230328.json,data/raw/stj_integras/metadata/metadados20230328.json,44f00cc01eae25904464cbcbc6995472ae54945fbda767348d25cae86a4f8e03,1219606,CC-BY,2022-08-01..2024-08-31,2023-03-29T21:46:59.459201,0,"copied from local mirror (STJ-Moral-Damages-Jurimetrics, CKAN download of 2026-09-07/08; sha256 verified against mirror CHECKSUMS)"
2026-09-12T19:01:05+00:00,stj_integras_decisoes,textos20230328.zip,https://dadosabertos.web.stj.jus.br/dataset/a2cd85cc-1391-4ebc-aeed-a45dd75a7987/resource/8fc87188-6d9b-4294-8bd0-76df6274723e/download/20230328.zip,data/raw/stj_integras/texts/textos20230328.zip,a3be5f95ec2282eab325b86d1e758d8dce44e8f4d48d65ec16f1ccef5e348c23,10063901,CC-BY,2022-08-01..2024-08-31,2023-03-29T21:46:47.713032,0,"copied from local mirror (STJ-Moral-Damages-Jurimetrics, CKAN download of 2026-09-07/08; sha256 verified against mirror CHECKSUMS)"
2026-09-12T19:01:05+00:00,stj_integras_decisoes,metadados20230329.json,https://dadosabertos.web.stj.jus.br/dataset/a2cd85cc-1391-4ebc-aeed-a45dd75a7987/resource/3bd6c2ed-434f-4e79-8f83-35612c85a3da/download/metadados20230329.json,data/raw/stj_integras/metadata/metadados20230329.json,e8b9840e33cfde35178d23bc3a4d8e2c024dc54b206a1be3d8c78a732a2b6a4e,1290685,CC-BY,2022-08-01..2024-08-31,2023-03-29T22:22:15.529473,0,"copied from local mirror (STJ-Moral-Damages-Jurimetrics, CKAN download of 2026-09-07/08; sha256 verified against mirror CHECKSUMS)"
2026-09-12T19:01:05+00:00,stj_integras_decisoes,textos20230329.zip,https://dadosabertos.web.stj.jus.br/dataset/a2cd85cc-1391-4ebc-aeed-a45dd75a7987/resource/b2aa4dcb-22c4-4cf6-aa75-e2b4f71d8a63/download/20230329.zip,data/raw/stj_integras/texts/textos20230329.zip,fd844d5bee57dba1d9b64056f29f044ae1e1a902feb92864a48fd2d642643213,9585978,CC-BY,2022-08-01..2024-08-31,2023-03-29T22:22:04.175963,0,"copied from local mirror (STJ-Moral-Damages-Jurimetrics, CKAN download of 2026-09-07/08; sha256 verified against mirror CHECKSUMS)"
2026-09-12T19:01:05+00:00,stj_integras_decisoes,metadados20230330.json,https://dadosabertos.web.stj.jus.br/dataset/a2cd85cc-1391-4ebc-aeed-a45dd75a7987/resource/212c7c5f-90d0-41b1-a75b-54f1ea2dc44f/download/metadados20230330.json,data/raw/stj_integras/metadata/metadados20230330.json,c45865912df4af36cdf13fef5f0b25d00df40e29a88b4eef620a3cdc9b1f110f,1262443,CC-BY,2022-08-01..2024-08-31,2023-03-30T19:55:41.688293,0,"copied from local mirror (STJ-Moral-Damages-Jurimetrics, CKAN download of 2026-09-07/08; sha256 verified against mirror CHECKSUMS)"
2026-09-12T19:01:05+00:00,stj_integras_decisoes,textos20230330.zip,https://dadosabertos.web.stj.jus.br/dataset/a2cd85cc-1391-4ebc-aeed-a45dd75a7987/resource/7f4e100f-3d57-4071-b2e5-2f81a5e19369/download/20230330.zip,data/raw/stj_integras/texts/textos20230330.zip,860d09ebbd44bc086d8f325352621b5460c412821a2aff24673950204c42c9db,11105791,CC-BY,2022-08-01..2024-08-31,2023-03-30T19:55:17.955289,0,"copied from local mirror (STJ-Moral-Damages-Jurimetrics, CKAN download of 2026-09-07/08; sha256 verified against mirror CHECKSUMS)"
2026-09-12T19:01:05+00:00,stj_integras_decisoes,metadados20230331.json,https://dadosabertos.web.stj.jus.br/dataset/a2cd85cc-1391-4ebc-aeed-a45dd75a7987/resource/727ba861-7775-48e3-b721-4f7aa9160a12/download/metadados20230331.json,data/raw/stj_integras/metadata/metadados20230331.json,b9639c2a55b5f48d0d4487c548f75cf49651c954a6acf781959a94f72aa2ce56,1955916,CC-BY,2022-08-01..2024-08-31,2023-03-31T17:47:22.969019,0,"copied from local mirror (STJ-Moral-Damages-Jurimetrics, CKAN download of 2026-09-07/08; sha256 verified against mirror CHECKSUMS)"
2026-09-12T19:01:05+00:00,stj_integras_decisoes,textos20230331.zip,https://dadosabertos.web.stj.jus.br/dataset/a2cd85cc-1391-4ebc-aeed-a45dd75a7987/resource/d5b32fc5-69a1-43bc-aa4f-6d7276d4985c/download/20230331.zip,data/raw/stj_integras/texts/textos20230331.zip,6546df74d4968d7d7011fc0b1729be496e703e1e16a87b3272219ba85431117a,13662175,CC-BY,2022-08-01..2024-08-31,2023-03-31T17:47:09.501838,0,"copied from local mirror (STJ-Moral-Damages-Jurimetrics, CKAN download of 2026-09-07/08; sha256 verified against mirror CHECKSUMS)"
2026-09-12T19:01:05+00:00,stj_integras_decisoes,metadados20230403.json,https://dadosabertos.web.stj.jus.br/dataset/a2cd85cc-1391-4ebc-aeed-a45dd75a7987/resource/16492da0-33af-4c98-b3ae-9ff3195dcefb/download/metadados20230403.json,data/raw/stj_integras/metadata/metadados20230403.json,13b71602164c418d6534b51c1b6beccaf24fb800bf51c128fa57408ec713005b,1401748,CC-BY,2022-08-01..2024-08-31,2023-04-03T15:37:27.336534,0,"copied from local mirror (STJ-Moral-Damages-Jurimetrics, CKAN download of 2026-09-07/08; sha256 verified against mirror CHECKSUMS)"
2026-09-12T19:01:05+00:00,stj_integras_decisoes,textos20230403.zip,https://dadosabertos.web.stj.jus.br/dataset/a2cd85cc-1391-4ebc-aeed-a45dd75a7987/resource/acdba00e-aa62-49e4-8057-9676582c8004/download/20230403.zip,data/raw/stj_integras/texts/textos20230403.zip,0bb89147dcbb6acaf81ec18fad791a3f283fdd8a955ae852ecfa87ab0de08134,13381600,CC-BY,2022-08-01..2024-08-31,2023-04-03T15:37:15.621398,0,"copied from local mirror (STJ-Moral-Damages-Jurimetrics, CKAN download of 2026-09-07/08; sha256 verified against mirror CHECKSUMS)"
2026-09-12T19:01:05+00:00,stj_integras_decisoes,metadados20230404.json,https://dadosabertos.web.stj.jus.br/dataset/a2cd85cc-1391-4ebc-aeed-a45dd75a7987/resource/f2b229e1-c474-4047-a161-7c557368bb9d/download/metadados20230404.json,data/raw/stj_integras/metadata/metadados20230404.json,822ac6f7ba8ec8412d3ee189d96dce5a1267198acf138bec4e1d1b8e1165c97f,1841362,CC-BY,2022-08-01..2024-08-31,2023-04-04T20:03:26.983051,0,"copied from local mirror (STJ-Moral-Damages-Jurimetrics, CKAN download of 2026-09-07/08; sha256 verified against mirror CHECKSUMS)"
2026-09-12T19:01:05+00:00,stj_integras_decisoes,textos20230404.zip,https://dadosabertos.web.stj.jus.br/dataset/a2cd85cc-1391-4ebc-aeed-a45dd75a7987/resource/64a8c744-6a99-4f99-a5b3-5006f1f9a61a/download/20230404.zip,data/raw/stj_integras/texts/textos20230404.zip,8f3987e2fcc07cfd1971a284c660ae5c7555dcc79651a164b17bb9343b636d0e,15422351,CC-BY,2022-08-01..2024-08-31,2023-04-04T20:03:13.742446,0,"copied from local mirror (STJ-Moral-Damages-Jurimetrics, CKAN download of 2026-09-07/08; sha256 verified against mirror CHECKSUMS)"
2026-09-12T19:01:05+00:00,stj_integras_decisoes,metadados20230410.json,https://dadosabertos.web.stj.jus.br/dataset/a2cd85cc-1391-4ebc-aeed-a45dd75a7987/resource/98d5bc96-8246-456d-9559-10bc8da8fc3a/download/metadados20230410.json,data/raw/stj_integras/metadata/metadados20230410.json,dc4f0c5d8cf49aeff10c45d2c35bf672177bede3c49e9035bd6a14273bdb7eef,1309548,CC-BY,2022-08-01..2024-08-31,2023-04-10T18:49:58.247078,0,"copied from local mirror (STJ-Moral-Damages-Jurimetrics, CKAN download of 2026-09-07/08; sha256 verified against mirror CHECKSUMS)"
2026-09-12T19:01:05+00:00,stj_integras_decisoes,textos20230410.zip,https://dadosabertos.web.stj.jus.br/dataset/a2cd85cc-1391-4ebc-aeed-a45dd75a7987/resource/05b89dd2-43d8-43aa-b998-1523e526f29e/download/20230410.zip,data/raw/stj_integras/texts/textos20230410.zip,129b51b6e5657b28644e67a94a95e926a7595cff11cb0e874119d2688203e6e7,9415049,CC-BY,2022-08-01..2024-08-31,2023-04-10T18:49:45.906673,0,"copied from local mirror (STJ-Moral-Damages-Jurimetrics, CKAN download of 2026-09-07/08; sha256 verified against mirror CHECKSUMS)"
2026-09-12T19:01:05+00:00,stj_integras_decisoes,metadados20230411.json,https://dadosabertos.web.stj.jus.br/dataset/a2cd85cc-1391-4ebc-aeed-a45dd75a7987/resource/87e231d6-a36c-4b59-a549-086cee18fc23/download/metadados20230411.json,data/raw/stj_integras/metadata/metadados20230411.json,885e58d5b339212fe184d13f848b71c59492c0673e314492367f8acb935fd959,1435317,CC-BY,2022-08-01..2024-08-31,2023-04-12T18:52:48.758217,0,"copied from local mirror (STJ-Moral-Damages-Jurimetrics, CKAN download of 2026-09-07/08; sha256 verified against mirror CHECKSUMS)"
2026-09-12T19:01:05+00:00,stj_integras_decisoes,textos20230411.zip,https://dadosabertos.web.stj.jus.br/dataset/a2cd85cc-1391-4ebc-aeed-a45dd75a7987/resource/bcf2f7f4-43c6-4d36-a586-4dfebbc07711/download/20230411.zip,data/raw/stj_integras/texts/textos20230411.zip,4142540977d54f085d24314a48969bdf42e4b6c78413e486e993e4a5837c2dcc,13240500,CC-BY,2022-08-01..2024-08-31,2023-04-12T18:52:36.058171,0,"copied from local mirror (STJ-Moral-Damages-Jurimetrics, CKAN download of 2026-09-07/08; sha256 verified against mirror CHECKSUMS)"
2026-09-12T19:01:05+00:00,stj_integras_decisoes,metadados20230412.json,https://dadosabertos.web.stj.jus.br/dataset/a2cd85cc-1391-4ebc-aeed-a45dd75a7987/resource/41641875-bb48-4c96-aa3e-c035e56c2cd3/download/metadados20230412.json,data/raw/stj_integras/metadata/metadados20230412.json,95b7742cb65f65c1a2e011548bc35e55b06733d15f45d797581289f5b3a7ba7a,992931,CC-BY,2022-08-01..2024-08-31,2023-04-12T19:00:05.958621,0,"copied from local mirror (STJ-Moral-Damages-Jurimetrics, CKAN download of 2026-09-07/08; sha256 verified against mirror CHECKSUMS)"
2026-09-12T19:01:05+00:00,stj_integras_decisoes,textos20230412.zip,https://dadosabertos.web.stj.jus.br/dataset/a2cd85cc-1391-4ebc-aeed-a45dd75a7987/resource/de78fe8f-bc17-4166-86bd-1a7182a9f358/download/20230412.zip,data/raw/stj_integras/texts/textos20230412.zip,c04e69061aedec31fdca87e7f66eb2a294e6c90c6b730ad7a899e88fe9bba8d9,7041669,CC-BY,2022-08-01..2024-08-31,2023-04-12T18:59:52.260405,0,"copied from local mirror (STJ-Moral-Damages-Jurimetrics, CKAN download of 2026-09-07/08; sha256 verified against mirror CHECKSUMS)"
2026-09-12T19:01:05+00:00,stj_integras_decisoes,metadados20230413.json,https://dadosabertos.web.stj.jus.br/dataset/a2cd85cc-1391-4ebc-aeed-a45dd75a7987/resource/75d01fb0-472f-4040-8ce9-fa543cb1713a/download/metadados20230413.json,data/raw/stj_integras/metadata/metadados20230413.json,f3d4e729107202a2cf4e26405db4b6f0588873655bbc9c85fe34c781fefccf7b,950434,CC-BY,2022-08-01..2024-08-31,2023-04-14T19:26:26.643070,0,"copied from local mirror (STJ-Moral-Damages-Jurimetrics, CKAN download of 2026-09-07/08; sha256 verified against mirror CHECKSUMS)"
2026-09-12T19:01:05+00:00,stj_integras_decisoes,textos20230413.zip,https://dadosabertos.web.stj.jus.br/dataset/a2cd85cc-1391-4ebc-aeed-a45dd75a7987/resource/23486478-1c79-4424-873b-e1eae7763eb5/download/20230413.zip,data/raw/stj_integras/texts/textos20230413.zip,cfbb76d0555c60d1c5a2244120711b3fea6002afa8cccb11d932073c1189255f,7746603,CC-BY,2022-08-01..2024-08-31,2023-04-14T19:26:14.399342,0,"copied from local mirror (STJ-Moral-Damages-Jurimetrics, CKAN download of 2026-09-07/08; sha256 verified against mirror CHECKSUMS)"
2026-09-12T19:01:05+00:00,stj_integras_decisoes,metadados20230414.json,https://dadosabertos.web.stj.jus.br/dataset/a2cd85cc-1391-4ebc-aeed-a45dd75a7987/resource/59ba2e81-d495-40b2-95b3-e8ea1fa7f300/download/metadados20230414.json,data/raw/stj_integras/metadata/metadados20230414.json,add5ba62f6582a7f4f35a3ec3227294115dc6518b5e7b1a1e847386624b9eade,837785,CC-BY,2022-08-01..2024-08-31,2023-04-14T19:40:25.452554,0,"copied from local mirror (STJ-Moral-Damages-Jurimetrics, CKAN download of 2026-09-07/08; sha256 verified against mirror CHECKSUMS)"
2026-09-12T19:01:05+00:00,stj_integras_decisoes,textos20230414.zip,https://dadosabertos.web.stj.jus.br/dataset/a2cd85cc-1391-4ebc-aeed-a45dd75a7987/resource/b5be46b7-93b4-4635-ada7-8d2f21157ea9/download/20230414.zip,data/raw/stj_integras/texts/textos20230414.zip,8be9f751655f916511f2260e5bd152023a75e35b26e05c24aea2d85eeda4d9c9,7201270,CC-BY,2022-08-01..2024-08-31,2023-04-14T19:40:06.001102,0,"copied from local mirror (STJ-Moral-Damages-Jurimetrics, CKAN download of 2026-09-07/08; sha256 verified against mirror CHECKSUMS)"
2026-09-12T19:01:05+00:00,stj_integras_decisoes,metadados20230417.json,https://dadosabertos.web.stj.jus.br/dataset/a2cd85cc-1391-4ebc-aeed-a45dd75a7987/resource/56852f75-ea01-424a-bf57-9f2e551b06af/download/metadados20230417.json,data/raw/stj_integras/metadata/metadados20230417.json,8a9b5a362cba9425c72ed332e1690b058055cda33a28a0b1de8b6b7401444dff,833075,CC-BY,2022-08-01..2024-08-31,2023-04-17T20:56:18.911255,0,"copied from local mirror (STJ-Moral-Damages-Jurimetrics, CKAN download of 2026-09-07/08; sha256 verified against mirror CHECKSUMS)"
2026-09-12T19:01:05+00:00,stj_integras_decisoes,textos20230417.zip,https://dadosabertos.web.stj.jus.br/dataset/a2cd85cc-1391-4ebc-aeed-a45dd75a7987/resource/f2ed30b6-12a8-4bcd-8c8b-a9d213e040ca/download/20230417.zip,data/raw/stj_integras/texts/textos20230417.zip,9348685dbbf4e4a9570f86b7c01d38e9a20285ffb8547a6ab2c4fbe8440cc8d0,904968,CC-BY,2022-08-01..2024-08-31,2023-04-17T20:56:06.405817,0,"copied from local mirror (STJ-Moral-Damages-Jurimetrics, CKAN download of 2026-09-07/08; sha256 verified against mirror CHECKSUMS)"
2026-09-12T19:01:05+00:00,stj_integras_decisoes,metadados20230418.json,https://dadosabertos.web.stj.jus.br/dataset/a2cd85cc-1391-4ebc-aeed-a45dd75a7987/resource/beae01be-c958-45c5-8e63-de5c63214990/download/metadados20230418.json,data/raw/stj_integras/metadata/metadados20230418.json,3242d3d136f36589687cf7eb8b8a273e70bb071344e871f8477a856dcf3757ca,922505,CC-BY,2022-08-01..2024-08-31,2023-04-18T23:03:48.419601,0,"copied from local mirror (STJ-Moral-Damages-Jurimetrics, CKAN download of 2026-09-07/08; sha256 verified against mirror CHECKSUMS)"
2026-09-12T19:01:05+00:00,stj_integras_decisoes,textos20230418.zip,https://dadosabertos.web.stj.jus.br/dataset/a2cd85cc-1391-4ebc-aeed-a45dd75a7987/resource/7e714e0e-a6d7-4901-b5b2-846c1f4dea59/download/20230418.zip,data/raw/stj_integras/texts/textos20230418.zip,6a09fe648481953696f4d98eb7838666ff75311fc9773a7c7c35eefc6d0bf93a,6838616,CC-BY,2022-08-01..2024-08-31,2023-04-18T23:03:38.169227,0,"copied from local mirror (STJ-Moral-Damages-Jurimetrics, CKAN download of 2026-09-07/08; sha256 verified against mirror CHECKSUMS)"
2026-09-12T19:01:05+00:00,stj_integras_decisoes,metadados20230419.json,https://dadosabertos.web.stj.jus.br/dataset/a2cd85cc-1391-4ebc-aeed-a45dd75a7987/resource/9da152a1-e1b9-4cf4-860e-5519c4bad709/download/metadados20230419.json,data/raw/stj_integras/metadata/metadados20230419.json,c6ba904e95cdaa63221b311dc1c49e05a67f7dd501d6015b1d2fbfbb315224a1,1214605,CC-BY,2022-08-01..2024-08-31,2023-04-19T16:56:37.073961,0,"copied from local mirror (STJ-Moral-Damages-Jurimetrics, CKAN download of 2026-09-07/08; sha256 verified against mirror CHECKSUMS)"
2026-09-12T19:01:05+00:00,stj_integras_decisoes,textos20230419.zip,https://dadosabertos.web.stj.jus.br/dataset/a2cd85cc-1391-4ebc-aeed-a45dd75a7987/resource/d7d175cb-dc9f-4b6b-9765-dbf5453125af/download/20230419.zip,data/raw/stj_integras/texts/textos20230419.zip,ba7ecde9112fc215fcc638d2ef6b0a273217c65213b9eaa5e671425156a85504,10452145,CC-BY,2022-08-01..2024-08-31,2023-04-19T16:56:26.162068,0,"copied from local mirror (STJ-Moral-Damages-Jurimetrics, CKAN download of 2026-09-07/08; sha256 verified against mirror CHECKSUMS)"
2026-09-12T19:01:05+00:00,stj_integras_decisoes,metadados20230420.json,https://dadosabertos.web.stj.jus.br/dataset/a2cd85cc-1391-4ebc-aeed-a45dd75a7987/resource/c51c58ec-bd96-441e-b973-f3f8f108d329/download/metadados20230420.json,data/raw/stj_integras/metadata/metadados20230420.json,15fbd9fc1a83dab1901471717fe7d9a3d65ff1a866def3a5c190be5e98f46516,1437326,CC-BY,2022-08-01..2024-08-31,2023-04-23T03:35:05.352427,0,"copied from local mirror (STJ-Moral-Damages-Jurimetrics, CKAN download of 2026-09-07/08; sha256 verified against mirror CHECKSUMS)"
2026-09-12T19:01:05+00:00,stj_integras_decisoes,textos20230420.zip,https://dadosabertos.web.stj.jus.br/dataset/a2cd85cc-1391-4ebc-aeed-a45dd75a7987/resource/15404c7a-55fc-4635-8f3c-72b5a1517601/download/20230420.zip,data/raw/stj_integras/texts/textos20230420.zip,56d7da094df684a3d5718b76833149a36660f2792ea18fec3d8677d9a6e832c4,13215731,CC-BY,2022-08-01..2024-08-31,2023-04-23T03:34:53.875385,0,"copied from local mirror (STJ-Moral-Damages-Jurimetrics, CKAN download of 2026-09-07/08; sha256 verified against mirror CHECKSUMS)"
2026-09-12T19:01:05+00:00,stj_integras_decisoes,metadados20230424.json,https://dadosabertos.web.stj.jus.br/dataset/a2cd85cc-1391-4ebc-aeed-a45dd75a7987/resource/a8c4937c-7395-459b-bfa8-25073212c1f2/download/metadados20230424.json,data/raw/stj_integras/metadata/metadados20230424.json,96285353ba1bf5b044d5d4222bf5d686cd56151eefca329eda89900049fd5cd1,1345368,CC-BY,2022-08-01..2024-08-31,2023-04-24T18:07:54.088990,0,"copied from local mirror (STJ-Moral-Damages-Jurimetrics, CKAN download of 2026-09-07/08; sha256 verified against mirror CHECKSUMS)"
2026-09-12T19:01:05+00:00,stj_integras_decisoes,textos20230424.zip,https://dadosabertos.web.stj.jus.br/dataset/a2cd85cc-1391-4ebc-aeed-a45dd75a7987/resource/de6230e7-b620-4e10-85b4-8256de63f65f/download/20230424.zip,data/raw/stj_integras/texts/textos20230424.zip,ce13cd7ffda774b0700a198ec7c656590f244ee6d760b136aabdcd6fbd274c6a,6312512,CC-BY,2022-08-01..2024-08-31,2023-04-24T18:07:38.570742,0,"copied from local mirror (STJ-Moral-Damages-Jurimetrics, CKAN download of 2026-09-07/08; sha256 verified against mirror CHECKSUMS)"
2026-09-12T19:01:05+00:00,stj_integras_decisoes,metadados20230425.json,https://dadosabertos.web.stj.jus.br/dataset/a2cd85cc-1391-4ebc-aeed-a45dd75a7987/resource/c6322ba7-eba4-4e1b-a07f-41d7faa0fcd7/download/metadados20230425.json,data/raw/stj_integras/metadata/metadados20230425.json,485b684813512f0813f59fecb1820f01b576648ab66ae28cdbc6a9b9110e5502,882595,CC-BY,2022-08-01..2024-08-31,2023-04-25T17:58:14.635555,0,"copied from local mirror (STJ-Moral-Damages-Jurimetrics, CKAN download of 2026-09-07/08; sha256 verified against mirror CHECKSUMS)"
2026-09-12T19:01:05+00:00,stj_integras_decisoes,textos20230425.zip,https://dadosabertos.web.stj.jus.br/dataset/a2cd85cc-1391-4ebc-aeed-a45dd75a7987/resource/5c3d592a-dfbb-4c6f-9aa5-f496de355b77/download/20230425.zip,data/raw/stj_integras/texts/textos20230425.zip,047910a975ed21d807010a4fc10d02c32abafb1da8864c93ee262924db276fcf,969947,CC-BY,2022-08-01..2024-08-31,2023-04-25T17:57:48.394766,0,"copied from local mirror (STJ-Moral-Damages-Jurimetrics, CKAN download of 2026-09-07/08; sha256 verified against mirror CHECKSUMS)"
2026-09-12T19:01:05+00:00,stj_integras_decisoes,metadados20230426.json,https://dadosabertos.web.stj.jus.br/dataset/a2cd85cc-1391-4ebc-aeed-a45dd75a7987/resource/1b63be99-7597-452f-b1fe-c70bf9e100e2/download/metadados20230426.json,data/raw/stj_integras/metadata/metadados20230426.json,c34547eae473354e54f934bb9a167481ccaab15b8d7f1fdbf143954fed00f9af,2105074,CC-BY,2022-08-01..2024-08-31,2023-04-27T18:13:11.286823,0,"copied from local mirror (STJ-Moral-Damages-Jurimetrics, CKAN download of 2026-09-07/08; sha256 verified against mirror CHECKSUMS)"
2026-09-12T19:01:05+00:00,stj_integras_decisoes,textos20230426.zip,https://dadosabertos.web.stj.jus.br/dataset/a2cd85cc-1391-4ebc-aeed-a45dd75a7987/resource/2543e1bc-592a-4e45-9a82-447fa4c02d93/download/20230426.zip,data/raw/stj_integras/texts/textos20230426.zip,37db6c843e6e266ee97d025292d24d829767475ae00c5dd1c3f95256eb109218,18239752,CC-BY,2022-08-01..2024-08-31,2023-04-27T18:12:57.499661,0,"copied from local mirror (STJ-Moral-Damages-Jurimetrics, CKAN download of 2026-09-07/08; sha256 verified against mirror CHECKSUMS)"
2026-09-12T19:01:05+00:00,stj_integras_decisoes,metadados20230427.json,https://dadosabertos.web.stj.jus.br/dataset/a2cd85cc-1391-4ebc-aeed-a45dd75a7987/resource/816962b1-552e-42c1-9b93-1fd0d1ad0fe7/download/metadados20230427.json,data/raw/stj_integras/metadata/metadados20230427.json,abdd92f709704ae2c05dc99f648b0f65d00ae3c4fb8ad18f4393d7ac986722e1,1064667,CC-BY,2022-08-01..2024-08-31,2023-04-27T21:40:35.362314,0,"copied from local mirror (STJ-Moral-Damages-Jurimetrics, CKAN download of 2026-09-07/08; sha256 verified against mirror CHECKSUMS)"
2026-09-12T19:01:05+00:00,stj_integras_decisoes,textos20230427.zip,https://dadosabertos.web.stj.jus.br/dataset/a2cd85cc-1391-4ebc-aeed-a45dd75a7987/resource/1adb4919-af16-4f97-9073-1a37ac3e2991/download/20230427.zip,data/raw/stj_integras/texts/textos20230427.zip,df1a0d9beccf5a555c6145c31f60d68494d79b84733edfdc63f7ca30ceaaf0db,10039826,CC-BY,2022-08-01..2024-08-31,2023-04-27T21:40:13.920835,0,"copied from local mirror (STJ-Moral-Damages-Jurimetrics, CKAN download of 2026-09-07/08; sha256 verified against mirror CHECKSUMS)"
2026-09-12T19:01:05+00:00,stj_integras_decisoes,metadados20230428.json,https://dadosabertos.web.stj.jus.br/dataset/a2cd85cc-1391-4ebc-aeed-a45dd75a7987/resource/b0994033-e445-4ed0-8365-7b2627ed9203/download/metadados20230428.json,data/raw/stj_integras/metadata/metadados20230428.json,83a26ee8370ca70c753ec52b63f600e9ca2249e30af94628b672d173f728a44a,1542185,CC-BY,2022-08-01..2024-08-31,2023-04-28T21:52:39.081078,0,"copied from local mirror (STJ-Moral-Damages-Jurimetrics, CKAN download of 2026-09-07/08; sha256 verified against mirror CHECKSUMS)"
2026-09-12T19:01:05+00:00,stj_integras_decisoes,textos20230428.zip,https://dadosabertos.web.stj.jus.br/dataset/a2cd85cc-1391-4ebc-aeed-a45dd75a7987/resource/c00eb272-c1d8-4ac0-8919-fe572903e425/download/20230428.zip,data/raw/stj_integras/texts/textos20230428.zip,6a3ca7fa4778a1c627d2aab183bd6d3c4f4dc8f9d59f5f7f9495c7338b59a402,13291251,CC-BY,2022-08-01..2024-08-31,2023-04-28T21:52:16.216893,0,"copied from local mirror (STJ-Moral-Damages-Jurimetrics, CKAN download of 2026-09-07/08; sha256 verified against mirror CHECKSUMS)"
2026-09-12T19:01:05+00:00,stj_integras_decisoes,metadados20230502.json,https://dadosabertos.web.stj.jus.br/dataset/a2cd85cc-1391-4ebc-aeed-a45dd75a7987/resource/a0758975-bf44-495d-b2e5-3c397c2ea1c3/download/metadados20230502.json,data/raw/stj_integras/metadata/metadados20230502.json,d8d46c9831734033f6bc5c6e72de842144d69a3f8f9404f237b0925fcc2854c0,1577480,CC-BY,2022-08-01..2024-08-31,2023-05-02T17:57:25.705793,0,"copied from local mirror (STJ-Moral-Damages-Jurimetrics, CKAN download of 2026-09-07/08; sha256 verified against mirror CHECKSUMS)"
2026-09-12T19:01:05+00:00,stj_integras_decisoes,textos20230502.zip,https://dadosabertos.web.stj.jus.br/dataset/a2cd85cc-1391-4ebc-aeed-a45dd75a7987/resource/bd597376-8509-4b4d-82b6-ff6f5ee8fa21/download/20230502.zip,data/raw/stj_integras/texts/textos20230502.zip,c1f52c5558b28a3f85ee0bcc4590c9472fc1f05ec6aa70e467c4d5638c6d5e58,8413950,CC-BY,2022-08-01..2024-08-31,2023-05-02T17:56:53.476883,0,"copied from local mirror (STJ-Moral-Damages-Jurimetrics, CKAN download of 2026-09-07/08; sha256 verified against mirror CHECKSUMS)"
2026-09-12T19:01:05+00:00,stj_integras_decisoes,metadados20230503.json,https://dadosabertos.web.stj.jus.br/dataset/a2cd85cc-1391-4ebc-aeed-a45dd75a7987/resource/eb4c7c56-a542-49e1-9163-29a66874e745/download/metadados20230503.json,data/raw/stj_integras/metadata/metadados20230503.json,76bfb7e554950898fe5d5975d82d7ffd00619f6267d535bd394c4e56548c4811,1860161,CC-BY,2022-08-01..2024-08-31,2023-05-03T20:58:47.778856,0,"copied from local mirror (STJ-Moral-Damages-Jurimetrics, CKAN download of 2026-09-07/08; sha256 verified against mirror CHECKSUMS)"
2026-09-12T19:01:05+00:00,stj_integras_decisoes,textos20230503.zip,https://dadosabertos.web.stj.jus.br/dataset/a2cd85cc-1391-4ebc-aeed-a45dd75a7987/resource/ca4f6161-d7c2-4b78-825c-13246ecc944c/download/20230503.zip,data/raw/stj_integras/texts/textos20230503.zip,8e529ab70ee3eafd1fde785f600e953a4cd9fe18552b63212c5dba649370f3fb,14733276,CC-BY,2022-08-01..2024-08-31,2023-05-03T20:58:35.983874,0,"copied from local mirror (STJ-Moral-Damages-Jurimetrics, CKAN download of 2026-09-07/08; sha256 verified against mirror CHECKSUMS)"
2026-09-12T19:01:05+00:00,stj_integras_decisoes,metadados20230504.json,https://dadosabertos.web.stj.jus.br/dataset/a2cd85cc-1391-4ebc-aeed-a45dd75a7987/resource/21d0dd22-32c4-4d7f-873e-194bd7aa3c5e/download/metadados20230504.json,data/raw/stj_integras/metadata/metadados20230504.json,95cd6cc0e3d38f18d85ace7b1f100172b20cb4f82c647777e9b4ced78c6d3234,851125,CC-BY,2022-08-01..2024-08-31,2023-05-07T22:35:55.184365,0,"copied from local mirror (STJ-Moral-Damages-Jurimetrics, CKAN download of 2026-09-07/08; sha256 verified against mirror CHECKSUMS)"
2026-09-12T19:01:05+00:00,stj_integras_decisoes,textos20230504.zip,https://dadosabertos.web.stj.jus.br/dataset/a2cd85cc-1391-4ebc-aeed-a45dd75a7987/resource/192b5fe3-9e39-4f13-9589-dc57bd5935d1/download/20230504.zip,data/raw/stj_integras/texts/textos20230504.zip,9ae1954941461f9155b66dd605aaba533a926cd69e5e17a7926bb3c025ac19a0,6618288,CC-BY,2022-08-01..2024-08-31,2023-05-07T22:35:43.285548,0,"copied from local mirror (STJ-Moral-Damages-Jurimetrics, CKAN download of 2026-09-07/08; sha256 verified against mirror CHECKSUMS)"
2026-09-12T19:01:05+00:00,stj_integras_decisoes,metadados20230505.json,https://dadosabertos.web.stj.jus.br/dataset/a2cd85cc-1391-4ebc-aeed-a45dd75a7987/resource/0a6645c8-d4fe-4f33-8a66-a223ca7fd260/download/metadados20230505.json,data/raw/stj_integras/metadata/metadados20230505.json,f367b8448ed509fa8cde52566385099ef90dbed9635d492aa141384076429258,1315819,CC-BY,2022-08-01..2024-08-31,2023-05-07T22:49:43.427452,0,"copied from local mirror (STJ-Moral-Damages-Jurimetrics, CKAN download of 2026-09-07/08; sha256 verified against mirror CHECKSUMS)"
2026-09-12T19:01:06+00:00,stj_integras_decisoes,textos20230505.zip,https://dadosabertos.web.stj.jus.br/dataset/a2cd85cc-1391-4ebc-aeed-a45dd75a7987/resource/820d633d-7abd-4505-ae65-107bada1e1e2/download/20230505.zip,data/raw/stj_integras/texts/textos20230505.zip,0ce4a89ed2d614bddfef4ccfea612c6e904ea1d1800f13c853bc487146f2d64c,10456567,CC-BY,2022-08-01..2024-08-31,2023-05-07T22:49:30.804114,0,"copied from local mirror (STJ-Moral-Damages-Jurimetrics, CKAN download of 2026-09-07/08; sha256 verified against mirror CHECKSUMS)"
2026-09-12T19:01:06+00:00,stj_integras_decisoes,metadados20230508.json,https://dadosabertos.web.stj.jus.br/dataset/a2cd85cc-1391-4ebc-aeed-a45dd75a7987/resource/4b449b38-ce50-45fb-bb84-770effd0adcf/download/metadados20230508.json,data/raw/stj_integras/metadata/metadados20230508.json,b2538358fceda5167d4529707b7896463292399409c2edeacd5b2a10848df639,951459,CC-BY,2022-08-01..2024-08-31,2023-05-08T17:26:22.822866,0,"copied from local mirror (STJ-Moral-Damages-Jurimetrics, CKAN download of 2026-09-07/08; sha256 verified against mirror CHECKSUMS)"
2026-09-12T19:01:06+00:00,stj_integras_decisoes,textos20230508.zip,https://dadosabertos.web.stj.jus.br/dataset/a2cd85cc-1391-4ebc-aeed-a45dd75a7987/resource/adc35bbb-cbf1-4c31-9dd3-6ef23fff5e3c/download/20230508.zip,data/raw/stj_integras/texts/textos20230508.zip,903d31650cdaee96dd01da818b846fa01cb574505baff19c8c766fc8b729750d,7353113,CC-BY,2022-08-01..2024-08-31,2023-05-08T17:26:10.643659,0,"copied from local mirror (STJ-Moral-Damages-Jurimetrics, CKAN download of 2026-09-07/08; sha256 verified against mirror CHECKSUMS)"
2026-09-12T19:01:06+00:00,stj_integras_decisoes,metadados20230509.json,https://dadosabertos.web.stj.jus.br/dataset/a2cd85cc-1391-4ebc-aeed-a45dd75a7987/resource/b6d23588-3d73-4443-b9e5-ffd7c1d3acc6/download/metadados20230509.json,data/raw/stj_integras/metadata/metadados20230509.json,aa25fe079c2df1410a9122b8d15ec1b0bffd8ebcb060c88c0abbcc973525a96a,1128906,CC-BY,2022-08-01..2024-08-31,2023-05-11T14:50:51.365880,0,"copied from local mirror (STJ-Moral-Damages-Jurimetrics, CKAN download of 2026-09-07/08; sha256 verified against mirror CHECKSUMS)"
2026-09-12T19:01:06+00:00,stj_integras_decisoes,textos20230509.zip,https://dadosabertos.web.stj.jus.br/dataset/a2cd85cc-1391-4ebc-aeed-a45dd75a7987/resource/dccea0e7-c5bf-4f86-b008-9082f1b61184/download/20230509.zip,data/raw/stj_integras/texts/textos20230509.zip,2e3681c0823b4f08ea169f71277a027173e167031a3aba54a19fb61dd87c8f0c,8264093,CC-BY,2022-08-01..2024-08-31,2023-05-11T14:50:39.811815,0,"copied from local mirror (STJ-Moral-Damages-Jurimetrics, CKAN download of 2026-09-07/08; sha256 verified against mirror CHECKSUMS)"
2026-09-12T19:01:06+00:00,stj_integras_decisoes,metadados20230510.json,https://dadosabertos.web.stj.jus.br/dataset/a2cd85cc-1391-4ebc-aeed-a45dd75a7987/resource/14249871-3659-41fc-9950-cc20c27d330f/download/metadados20230510.json,data/raw/stj_integras/metadata/metadados20230510.json,91678ffc8218c0361ac67a4d4a1c3441a256969724d5726e322b124dc6209025,1228007,CC-BY,2022-08-01..2024-08-31,2023-05-11T14:51:13.433659,0,"copied from local mirror (STJ-Moral-Damages-Jurimetrics, CKAN download of 2026-09-07/08; sha256 verified against mirror CHECKSUMS)"
2026-09-12T19:01:06+00:00,stj_integras_decisoes,textos20230510.zip,https://dadosabertos.web.stj.jus.br/dataset/a2cd85cc-1391-4ebc-aeed-a45dd75a7987/resource/70c8dda2-4072-42e0-a2aa-d052555f5ee9/download/20230510.zip,data/raw/stj_integras/texts/textos20230510.zip,e56753b9a60b5d8e4e3b01fd7b84ad3020be4075cb7b5661a7bbada16e669e16,11028569,CC-BY,2022-08-01..2024-08-31,2023-05-11T14:51:02.541673,0,"copied from local mirror (STJ-Moral-Damages-Jurimetrics, CKAN download of 2026-09-07/08; sha256 verified against mirror CHECKSUMS)"
2026-09-12T19:01:06+00:00,stj_integras_decisoes,metadados20230511.json,https://dadosabertos.web.stj.jus.br/dataset/a2cd85cc-1391-4ebc-aeed-a45dd75a7987/resource/4121ac0a-8687-4e92-b0b8-6387e5494511/download/metadados20230511.json,data/raw/stj_integras/metadata/metadados20230511.json,26b6976e3a026d9bedfc29637a454a3ee6acc7a65960c79689e9b03ced505c60,1222229,CC-BY,2022-08-01..2024-08-31,2023-05-11T17:29:12.704421,0,"copied from local mirror (STJ-Moral-Damages-Jurimetrics, CKAN download of 2026-09-07/08; sha256 verified against mirror CHECKSUMS)"
2026-09-12T19:01:06+00:00,stj_integras_decisoes,textos20230511.zip,https://dadosabertos.web.stj.jus.br/dataset/a2cd85cc-1391-4ebc-aeed-a45dd75a7987/resource/99f9170b-6a91-4c3d-993a-fddd533fd3c6/download/20230511.zip,data/raw/stj_integras/texts/textos20230511.zip,c9e1cb27ff215589d3be27743b0cfcd6bba8337ee6e6d664e80da618c35a118d,9188959,CC-BY,2022-08-01..2024-08-31,2023-05-11T17:29:00.834505,0,"copied from local mirror (STJ-Moral-Damages-Jurimetrics, CKAN download of 2026-09-07/08; sha256 verified against mirror CHECKSUMS)"
2026-09-12T19:01:06+00:00,stj_integras_decisoes,metadados20230512.json,https://dadosabertos.web.stj.jus.br/dataset/a2cd85cc-1391-4ebc-aeed-a45dd75a7987/resource/a8d980be-4f65-4c29-8dba-6b018b12ae66/download/metadados20230512.json,data/raw/stj_integras/metadata/metadados20230512.json,401dd69dcf9508b8a80ec3314b1c23680f5337658d800052d906ced0c98565d7,1127992,CC-BY,2022-08-01..2024-08-31,2023-05-12T18:13:41.054404,0,"copied from local mirror (STJ-Moral-Damages-Jurimetrics, CKAN download of 2026-09-07/08; sha256 verified against mirror CHECKSUMS)"
2026-09-12T19:01:06+00:00,stj_integras_decisoes,textos20230512.zip,https://dadosabertos.web.stj.jus.br/dataset/a2cd85cc-1391-4ebc-aeed-a45dd75a7987/resource/7aef8927-1037-4a16-814b-e2ed68fe751e/download/20230512.zip,data/raw/stj_integras/texts/textos20230512.zip,7beca4e92e6cfd26abed8952f73433928fc5ee8ac435873355d84c5e41f644f4,9548381,CC-BY,2022-08-01..2024-08-31,2023-05-12T18:13:29.053299,0,"copied from local mirror (STJ-Moral-Damages-Jurimetrics, CKAN download of 2026-09-07/08; sha256 verified against mirror CHECKSUMS)"
2026-09-12T19:01:06+00:00,stj_integras_decisoes,metadados20230515.json,https://dadosabertos.web.stj.jus.br/dataset/a2cd85cc-1391-4ebc-aeed-a45dd75a7987/resource/1a8063fe-06f2-4920-8a28-31562f1bd1b9/download/metadados20230515.json,data/raw/stj_integras/metadata/metadados20230515.json,93a7a66fb07476a88deef9778d361142a04e60e1a1805f382b5f4c119fdd1e25,981390,CC-BY,2022-08-01..2024-08-31,2023-05-15T18:54:15.416723,0,"copied from local mirror (STJ-Moral-Damages-Jurimetrics, CKAN download of 2026-09-07/08; sha256 verified against mirror CHECKSUMS)"
2026-09-12T19:01:06+00:00,stj_integras_decisoes,textos20230515.zip,https://dadosabertos.web.stj.jus.br/dataset/a2cd85cc-1391-4ebc-aeed-a45dd75a7987/resource/666891a3-be8f-4a14-b998-9122f6956250/download/20230515.zip,data/raw/stj_integras/texts/textos20230515.zip,6e73b1224a9c2e401475d2f3768e6f0d2382a8d80324e60a241f1964e62f927e,7549613,CC-BY,2022-08-01..2024-08-31,2023-05-15T18:54:01.309470,0,"copied from local mirror (STJ-Moral-Damages-Jurimetrics, CKAN download of 2026-09-07/08; sha256 verified against mirror CHECKSUMS)"
2026-09-12T19:01:06+00:00,stj_integras_decisoes,metadados20230516.json,https://dadosabertos.web.stj.jus.br/dataset/a2cd85cc-1391-4ebc-aeed-a45dd75a7987/resource/1d4d60e1-2cff-4a6a-95a0-2e71686e75d5/download/metadados20230516.json,data/raw/stj_integras/metadata/metadados20230516.json,dd1315497d001d928074d543f16590a475c930bc64f962af12e5b0581b34ee96,1106916,CC-BY,2022-08-01..2024-08-31,2023-05-18T19:00:48.791310,0,"copied from local mirror (STJ-Moral-Damages-Jurimetrics, CKAN download of 2026-09-07/08; sha256 verified against mirror CHECKSUMS)"
2026-09-12T19:01:06+00:00,stj_integras_decisoes,textos20230516.zip,https://dadosabertos.web.stj.jus.br/dataset/a2cd85cc-1391-4ebc-aeed-a45dd75a7987/resource/1fa2b8f5-c87d-4845-bccd-a7069ccb9504/download/20230516.zip,data/raw/stj_integras/texts/textos20230516.zip,12a4f238b7b160d20e7d97d3e440599db6dd84868bcdf38cdce7df1bc5fff65c,709404,CC-BY,2022-08-01..2024-08-31,2023-05-18T19:00:36.971712,0,"copied from local mirror (STJ-Moral-Damages-Jurimetrics, CKAN download of 2026-09-07/08; sha256 verified against mirror CHECKSUMS)"
2026-09-12T19:01:06+00:00,stj_integras_decisoes,metadados20230517.json,https://dadosabertos.web.stj.jus.br/dataset/a2cd85cc-1391-4ebc-aeed-a45dd75a7987/resource/cd7c2aa9-e078-47b3-875b-280633e408ab/download/metadados20230517.json,data/raw/stj_integras/metadata/metadados20230517.json,20be91fce43458e6399371006df64f05c0d3341dd87a84102f17410a94a03674,1524678,CC-BY,2022-08-01..2024-08-31,2023-05-18T19:13:01.622412,0,"copied from local mirror (STJ-Moral-Damages-Jurimetrics, CKAN download of 2026-09-07/08; sha256 verified against mirror CHECKSUMS)"
2026-09-12T19:01:06+00:00,stj_integras_decisoes,textos20230517.zip,https://dadosabertos.web.stj.jus.br/dataset/a2cd85cc-1391-4ebc-aeed-a45dd75a7987/resource/39c8d654-9c2c-46ef-80fe-349369487442/download/20230517.zip,data/raw/stj_integras/texts/textos20230517.zip,74d8ff7cd15579f04c5c59c906b65853c846f978554f92606197b40b80026ab2,14011776,CC-BY,2022-08-01..2024-08-31,2023-05-18T19:12:37.471472,0,"copied from local mirror (STJ-Moral-Damages-Jurimetrics, CKAN download of 2026-09-07/08; sha256 verified against mirror CHECKSUMS)"
2026-09-12T19:01:06+00:00,stj_integras_decisoes,metadados20230518.json,https://dadosabertos.web.stj.jus.br/dataset/a2cd85cc-1391-4ebc-aeed-a45dd75a7987/resource/21882523-bd8a-4d7f-a1ff-451dc9e5274b/download/metadados20230518.json,data/raw/stj_integras/metadata/metadados20230518.json,2d3cbb15881ad083cf4f8093e62c3812b7fb3fbb6382ea7b122e7db68393ba87,1411113,CC-BY,2022-08-01..2024-08-31,2023-05-18T19:27:40.410989,0,"copied from local mirror (STJ-Moral-Damages-Jurimetrics, CKAN download of 2026-09-07/08; sha256 verified against mirror CHECKSUMS)"
2026-09-12T19:01:06+00:00,stj_integras_decisoes,textos20230518.zip,https://dadosabertos.web.stj.jus.br/dataset/a2cd85cc-1391-4ebc-aeed-a45dd75a7987/resource/dd9041b9-9f82-4bd5-b27b-f46ecd4370cb/download/20230518.zip,data/raw/stj_integras/texts/textos20230518.zip,d8e1e0214045c48fe54c1c42370ffa1e807217c1568e16d738112d80a11c25fd,9773079,CC-BY,2022-08-01..2024-08-31,2023-05-18T19:27:29.370716,0,"copied from local mirror (STJ-Moral-Damages-Jurimetrics, CKAN download of 2026-09-07/08; sha256 verified against mirror CHECKSUMS)"
2026-09-12T19:01:06+00:00,stj_integras_decisoes,metadados20230519.json,https://dadosabertos.web.stj.jus.br/dataset/a2cd85cc-1391-4ebc-aeed-a45dd75a7987/resource/ac1b11f6-0fa0-4f18-b32a-a79dcc45b9f1/download/metadados20230519.json,data/raw/stj_integras/metadata/metadados20230519.json,e9da3b9abefc13b89aa61abe570933aea82c7283c09e8ea09a0bf688409e08ed,1458388,CC-BY,2022-08-01..2024-08-31,2023-05-19T18:31:39.751008,0,"copied from local mirror (STJ-Moral-Damages-Jurimetrics, CKAN download of 2026-09-07/08; sha256 verified against mirror CHECKSUMS)"
2026-09-12T19:01:06+00:00,stj_integras_decisoes,textos20230519.zip,https://dadosabertos.web.stj.jus.br/dataset/a2cd85cc-1391-4ebc-aeed-a45dd75a7987/resource/43824577-e5b7-496c-acb6-b2b3c472867b/download/20230519.zip,data/raw/stj_integras/texts/textos20230519.zip,6f935adead20895f7a0b1c7abbffe90b1312dd1902e6c19d4cd504959170c324,5254878,CC-BY,2022-08-01..2024-08-31,2023-05-19T18:31:27.595808,0,"copied from local mirror (STJ-Moral-Damages-Jurimetrics, CKAN download of 2026-09-07/08; sha256 verified against mirror CHECKSUMS)"
2026-09-12T19:01:06+00:00,stj_integras_decisoes,metadados20230522.json,https://dadosabertos.web.stj.jus.br/dataset/a2cd85cc-1391-4ebc-aeed-a45dd75a7987/resource/c2bacec9-fb69-4e5b-aa76-b013148dcc27/download/metadados20230522.json,data/raw/stj_integras/metadata/metadados20230522.json,53eb7aaa467900d7826c5746ef3e3b6dc8a0c5a1bf143e195a816c658994442a,677923,CC-BY,2022-08-01..2024-08-31,2023-05-22T17:41:35.083469,0,"copied from local mirror (STJ-Moral-Damages-Jurimetrics, CKAN download of 2026-09-07/08; sha256 verified against mirror CHECKSUMS)"
2026-09-12T19:01:06+00:00,stj_integras_decisoes,textos20230522.zip,https://dadosabertos.web.stj.jus.br/dataset/a2cd85cc-1391-4ebc-aeed-a45dd75a7987/resource/e7e03701-fd86-4a39-824b-5113a3331197/download/20230522.zip,data/raw/stj_integras/texts/textos20230522.zip,d5bb8320aa73bb3ecebb26abe2f3631e0fdd64d44340b392a1663e1d07ea118c,3401213,CC-BY,2022-08-01..2024-08-31,2023-05-22T17:41:20.848915,0,"copied from local mirror (STJ-Moral-Damages-Jurimetrics, CKAN download of 2026-09-07/08; sha256 verified against mirror CHECKSUMS)"
2026-09-12T19:01:06+00:00,stj_integras_decisoes,metadados20230523.json,https://dadosabertos.web.stj.jus.br/dataset/a2cd85cc-1391-4ebc-aeed-a45dd75a7987/resource/5e5b1a45-da22-456d-9143-7b070dbfb66d/download/metadados20230523.json,data/raw/stj_integras/metadata/metadados20230523.json,e6abe757d09098cb2bc85008f878b589286c97c313c5694d9b5036b220d4f476,1566874,CC-BY,2022-08-01..2024-08-31,2023-05-23T21:44:53.682247,0,"copied from local mirror (STJ-Moral-Damages-Jurimetrics, CKAN download of 2026-09-07/08; sha256 verified against mirror CHECKSUMS)"
2026-09-12T19:01:06+00:00,stj_integras_decisoes,textos20230523.zip,https://dadosabertos.web.stj.jus.br/dataset/a2cd85cc-1391-4ebc-aeed-a45dd75a7987/resource/68deb5fb-c4d3-4061-9529-74850b054626/download/20230523.zip,data/raw/stj_integras/texts/textos20230523.zip,e825a44399d5c2814ad1344c1046ccc9e9e4f60fc3c0d56354435e42545f889f,12704125,CC-BY,2022-08-01..2024-08-31,2023-05-23T21:44:40.904516,0,"copied from local mirror (STJ-Moral-Damages-Jurimetrics, CKAN download of 2026-09-07/08; sha256 verified against mirror CHECKSUMS)"
2026-09-12T19:01:06+00:00,stj_integras_decisoes,metadados20230524.json,https://dadosabertos.web.stj.jus.br/dataset/a2cd85cc-1391-4ebc-aeed-a45dd75a7987/resource/4bdc71e8-c223-4d59-88df-85ce1f770b53/download/metadados20230524.json,data/raw/stj_integras/metadata/metadados20230524.json,7721813d3a6f1ea0035e460d09817e5df54177bb5b306785dd41e4b6475464a9,1455198,CC-BY,2022-08-01..2024-08-31,2023-05-24T17:55:53.715048,0,"copied from local mirror (STJ-Moral-Damages-Jurimetrics, CKAN download of 2026-09-07/08; sha256 verified against mirror CHECKSUMS)"
2026-09-12T19:01:06+00:00,stj_integras_decisoes,textos20230524.zip,https://dadosabertos.web.stj.jus.br/dataset/a2cd85cc-1391-4ebc-aeed-a45dd75a7987/resource/cb00066a-eaf9-4789-8dcd-18c8a689d206/download/20230524.zip,data/raw/stj_integras/texts/textos20230524.zip,b92257ab5549b92f9a561b4af3c27b56ec8c7277b7d7b609a26c1ac21a0683eb,11252344,CC-BY,2022-08-01..2024-08-31,2023-05-24T17:55:40.977186,0,"copied from local mirror (STJ-Moral-Damages-Jurimetrics, CKAN download of 2026-09-07/08; sha256 verified against mirror CHECKSUMS)"
2026-09-12T19:01:06+00:00,stj_integras_decisoes,metadados20230525.json,https://dadosabertos.web.stj.jus.br/dataset/a2cd85cc-1391-4ebc-aeed-a45dd75a7987/resource/99c330ce-51e8-485d-a1f3-d7f643fe4024/download/metadados20230525.json,data/raw/stj_integras/metadata/metadados20230525.json,ce14e06007d6ab0f20222d5bc74246a2ff32c4b4f21feb645b6fdc263a2861ea,1528977,CC-BY,2022-08-01..2024-08-31,2023-05-26T19:28:51.085429,0,"copied from local mirror (STJ-Moral-Damages-Jurimetrics, CKAN download of 2026-09-07/08; sha256 verified against mirror CHECKSUMS)"
2026-09-12T19:01:06+00:00,stj_integras_decisoes,textos20230525.zip,https://dadosabertos.web.stj.jus.br/dataset/a2cd85cc-1391-4ebc-aeed-a45dd75a7987/resource/18d3b1e1-0fc2-488e-bb53-d19acba301e6/download/20230525.zip,data/raw/stj_integras/texts/textos20230525.zip,53417e2d44429b9b0ea5ed4a1ecd80c642ce8b00fe9e64f09730a6a44b087720,12873671,CC-BY,2022-08-01..2024-08-31,2023-05-26T19:28:34.561538,0,"copied from local mirror (STJ-Moral-Damages-Jurimetrics, CKAN download of 2026-09-07/08; sha256 verified against mirror CHECKSUMS)"
2026-09-12T19:01:06+00:00,stj_integras_decisoes,metadados20230526.json,https://dadosabertos.web.stj.jus.br/dataset/a2cd85cc-1391-4ebc-aeed-a45dd75a7987/resource/32cc6d55-f018-4c3a-9f7f-d40fef76f348/download/metadados20230526.json,data/raw/stj_integras/metadata/metadados20230526.json,157159841d753d0740ac219bd8c275ec2d909e5264b08ff5d11842a7600c7b3c,885607,CC-BY,2022-08-01..2024-08-31,2023-05-30T10:53:42.652647,0,"copied from local mirror (STJ-Moral-Damages-Jurimetrics, CKAN download of 2026-09-07/08; sha256 verified against mirror CHECKSUMS)"
2026-09-12T19:01:06+00:00,stj_integras_decisoes,textos20230526.zip,https://dadosabertos.web.stj.jus.br/dataset/a2cd85cc-1391-4ebc-aeed-a45dd75a7987/resource/8861a5c0-5ed8-4133-8a24-c88c687f9681/download/20230526.zip,data/raw/stj_integras/texts/textos20230526.zip,a1665fbda14012342c2d2655ed210eb4d432fd96a872b40654253c9994488345,9369853,CC-BY,2022-08-01..2024-08-31,2023-05-30T10:53:25.573465,0,"copied from local mirror (STJ-Moral-Damages-Jurimetrics, CKAN download of 2026-09-07/08; sha256 verified against mirror CHECKSUMS)"
2026-09-12T19:01:06+00:00,stj_integras_decisoes,metadados20230529.json,https://dadosabertos.web.stj.jus.br/dataset/a2cd85cc-1391-4ebc-aeed-a45dd75a7987/resource/51be977f-3b85-420b-8394-4dc662e2370d/download/metadados20230529.json,data/raw/stj_integras/metadata/metadados20230529.json,27d031441e1ba7c596a1b6b52c20716dc159c42d29e619bda0aa9b8b6f03ffec,1072119,CC-BY,2022-08-01..2024-08-31,2023-05-30T17:07:58.957159,0,"copied from local mirror (STJ-Moral-Damages-Jurimetrics, CKAN download of 2026-09-07/08; sha256 verified against mirror CHECKSUMS)"
2026-09-12T19:01:06+00:00,stj_integras_decisoes,textos20230529.zip,https://dadosabertos.web.stj.jus.br/dataset/a2cd85cc-1391-4ebc-aeed-a45dd75a7987/resource/b727a1b9-ad50-41ba-94a3-d01681b68555/download/20230529.zip,data/raw/stj_integras/texts/textos20230529.zip,87104c77ab81c6ae00721eed664d28eb65b8bb372eda5fcf6a8495400f556590,9556922,CC-BY,2022-08-01..2024-08-31,2023-05-30T17:07:35.487777,0,"copied from local mirror (STJ-Moral-Damages-Jurimetrics, CKAN download of 2026-09-07/08; sha256 verified against mirror CHECKSUMS)"
2026-09-12T19:01:06+00:00,stj_integras_decisoes,metadados20230530.json,https://dadosabertos.web.stj.jus.br/dataset/a2cd85cc-1391-4ebc-aeed-a45dd75a7987/resource/775044f3-c886-4f63-b3a8-adb40b8a7174/download/metadados20230530.json,data/raw/stj_integras/metadata/metadados20230530.json,6f9bcab3036418869f44230a14905a99b7015914a61bd169325d9546cee1069d,1304190,CC-BY,2022-08-01..2024-08-31,2023-05-30T17:58:56.385769,0,"copied from local mirror (STJ-Moral-Damages-Jurimetrics, CKAN download of 2026-09-07/08; sha256 verified against mirror CHECKSUMS)"
2026-09-12T19:01:06+00:00,stj_integras_decisoes,textos20230530.zip,https://dadosabertos.web.stj.jus.br/dataset/a2cd85cc-1391-4ebc-aeed-a45dd75a7987/resource/90d84214-0d31-46a7-8dfc-d26286bd9a99/download/20230530.zip,data/raw/stj_integras/texts/textos20230530.zip,fccb9adf4a1be6e522bcb9da324987d7d0d2e5293825ed4caeff519bcd25f98a,10337994,CC-BY,2022-08-01..2024-08-31,2023-05-30T17:58:43.250180,0,"copied from local mirror (STJ-Moral-Damages-Jurimetrics, CKAN download of 2026-09-07/08; sha256 verified against mirror CHECKSUMS)"
2026-09-12T19:01:06+00:00,stj_integras_decisoes,metadados20230531.json,https://dadosabertos.web.stj.jus.br/dataset/a2cd85cc-1391-4ebc-aeed-a45dd75a7987/resource/f805ab4a-4531-4a45-a681-903bb4625f3f/download/metadados20230531.json,data/raw/stj_integras/metadata/metadados20230531.json,ef56858863016d629eb40e363e4f29da7004af9f831fcc04be1b6e02b3b57340,1467393,CC-BY,2022-08-01..2024-08-31,2023-05-31T19:10:50.669317,0,"copied from local mirror (STJ-Moral-Damages-Jurimetrics, CKAN download of 2026-09-07/08; sha256 verified against mirror CHECKSUMS)"
2026-09-12T19:01:06+00:00,stj_integras_decisoes,textos20230531.zip,https://dadosabertos.web.stj.jus.br/dataset/a2cd85cc-1391-4ebc-aeed-a45dd75a7987/resource/a29c3140-5d06-4892-8fd0-d88eabfdb42a/download/20230531.zip,data/raw/stj_integras/texts/textos20230531.zip,7c3a565c7be4e59a5b09235cc24a72c2dd1f48d79a4484bcb4b0c88d1e3dfcc7,13274709,CC-BY,2022-08-01..2024-08-31,2023-05-31T19:10:38.820290,0,"copied from local mirror (STJ-Moral-Damages-Jurimetrics, CKAN download of 2026-09-07/08; sha256 verified against mirror CHECKSUMS)"
2026-09-12T19:01:06+00:00,stj_integras_decisoes,metadados20230601.json,https://dadosabertos.web.stj.jus.br/dataset/a2cd85cc-1391-4ebc-aeed-a45dd75a7987/resource/c1b5754e-a1a6-4e0c-8556-a9ad4fbb9e77/download/metadados20230601.json,data/raw/stj_integras/metadata/metadados20230601.json,44bb8dfec90c0a7524f8ec0df633aa3aa3cc00a5d03694bd30d95ebbcf7ed960,2154373,CC-BY,2022-08-01..2024-08-31,2023-06-01T17:29:25.165117,0,"copied from local mirror (STJ-Moral-Damages-Jurimetrics, CKAN download of 2026-09-07/08; sha256 verified against mirror CHECKSUMS)"
2026-09-12T19:01:06+00:00,stj_integras_decisoes,textos20230601.zip,https://dadosabertos.web.stj.jus.br/dataset/a2cd85cc-1391-4ebc-aeed-a45dd75a7987/resource/dfebfe47-9d68-4c65-be96-3f6eb3c10ae4/download/20230601.zip,data/raw/stj_integras/texts/textos20230601.zip,4ae7d054b3b6c9cffcbb38f31b08d54e1e90e0c763ad90fd64a93d0d035c2fc1,20086114,CC-BY,2022-08-01..2024-08-31,2023-06-01T17:29:12.942807,0,"copied from local mirror (STJ-Moral-Damages-Jurimetrics, CKAN download of 2026-09-07/08; sha256 verified against mirror CHECKSUMS)"
2026-09-12T19:01:06+00:00,stj_integras_decisoes,metadados20230602.json,https://dadosabertos.web.stj.jus.br/dataset/a2cd85cc-1391-4ebc-aeed-a45dd75a7987/resource/4a1d0434-a2c1-4918-ad52-ae88545d48e7/download/metadados20230602.json,data/raw/stj_integras/metadata/metadados20230602.json,08d7fe06a5d0dea1ccfe4cbe1e8e5467c9ad19e87f93bc84a02643eed630117c,1426767,CC-BY,2022-08-01..2024-08-31,2023-06-02T20:18:36.465553,0,"copied from local mirror (STJ-Moral-Damages-Jurimetrics, CKAN download of 2026-09-07/08; sha256 verified against mirror CHECKSUMS)"
2026-09-12T19:01:06+00:00,stj_integras_decisoes,textos20230602.zip,https://dadosabertos.web.stj.jus.br/dataset/a2cd85cc-1391-4ebc-aeed-a45dd75a7987/resource/8861392a-a1ec-4684-a362-4648830498e1/download/20230602.zip,data/raw/stj_integras/texts/textos20230602.zip,bc639d27fc1d323444e847dc6942c50656332e3a3bdd05d84f7f0fcbd5f6a6a1,12229021,CC-BY,2022-08-01..2024-08-31,2023-06-02T20:18:18.057002,0,"copied from local mirror (STJ-Moral-Damages-Jurimetrics, CKAN download of 2026-09-07/08; sha256 verified against mirror CHECKSUMS)"
2026-09-12T19:01:06+00:00,stj_integras_decisoes,metadados20230605.json,https://dadosabertos.web.stj.jus.br/dataset/a2cd85cc-1391-4ebc-aeed-a45dd75a7987/resource/e69fc0d8-48c2-468d-ad04-57902ec97c16/download/metadados20230605.json,data/raw/stj_integras/metadata/metadados20230605.json,7e9af7b0a6016cc45b7a1d08e8c491d13ce2dff8517ba627d4a785f7d2c5952a,432481,CC-BY,2022-08-01..2024-08-31,2023-06-07T18:06:04.097375,0,"copied from local mirror (STJ-Moral-Damages-Jurimetrics, CKAN download of 2026-09-07/08; sha256 verified against mirror CHECKSUMS)"
2026-09-12T19:01:06+00:00,stj_integras_decisoes,textos20230605.zip,https://dadosabertos.web.stj.jus.br/dataset/a2cd85cc-1391-4ebc-aeed-a45dd75a7987/resource/239c32e1-b8f9-4743-89e8-62c81f480617/download/20230605.zip,data/raw/stj_integras/texts/textos20230605.zip,b403aa9a63f9137e366873d2f60e4404deaaa37cd4b0059dbac3540ba3565ed7,4506584,CC-BY,2022-08-01..2024-08-31,2023-06-07T18:05:48.615430,0,"copied from local mirror (STJ-Moral-Damages-Jurimetrics, CKAN download of 2026-09-07/08; sha256 verified against mirror CHECKSUMS)"
2026-09-12T19:01:06+00:00,stj_integras_decisoes,metadados20230606.json,https://dadosabertos.web.stj.jus.br/dataset/a2cd85cc-1391-4ebc-aeed-a45dd75a7987/resource/61f33ae2-92a5-45a3-b881-612a63eec1c8/download/metadados20230606.json,data/raw/stj_integras/metadata/metadados20230606.json,d1addee111d913e42513ace4fbad6e6ad3ad2dadde6b4babca978586d91d794f,1337611,CC-BY,2022-08-01..2024-08-31,2023-06-07T18:07:52.831130,0,"copied from local mirror (STJ-Moral-Damages-Jurimetrics, CKAN download of 2026-09-07/08; sha256 verified against mirror CHECKSUMS)"
2026-09-12T19:01:06+00:00,stj_integras_decisoes,textos20230606.zip,https://dadosabertos.web.stj.jus.br/dataset/a2cd85cc-1391-4ebc-aeed-a45dd75a7987/resource/e821b5be-9092-4175-a8de-0ed3d36cc9fb/download/20230606.zip,data/raw/stj_integras/texts/textos20230606.zip,9a70efe0b375aa0fb9485e2be6bb533aa6788bba21310191eb5c158886ec4ae6,8963837,CC-BY,2022-08-01..2024-08-31,2023-06-07T18:07:37.430571,0,"copied from local mirror (STJ-Moral-Damages-Jurimetrics, CKAN download of 2026-09-07/08; sha256 verified against mirror CHECKSUMS)"
2026-09-12T19:01:06+00:00,stj_integras_decisoes,metadados20230607.json,https://dadosabertos.web.stj.jus.br/dataset/a2cd85cc-1391-4ebc-aeed-a45dd75a7987/resource/e5368fa0-712a-4e96-bdd3-40982a5cc3d0/download/metadados20230607.json,data/raw/stj_integras/metadata/metadados20230607.json,f33ac50d9c9c80652d4283e58e6be528834006b23463b7bac080de9d14497758,1004370,CC-BY,2022-08-01..2024-08-31,2023-06-07T18:39:14.340905,0,"copied from local mirror (STJ-Moral-Damages-Jurimetrics, CKAN download of 2026-09-07/08; sha256 verified against mirror CHECKSUMS)"
2026-09-12T19:01:06+00:00,stj_integras_decisoes,textos20230607.zip,https://dadosabertos.web.stj.jus.br/dataset/a2cd85cc-1391-4ebc-aeed-a45dd75a7987/resource/0a41ab17-c570-4ddb-956d-08193df7b822/download/20230607.zip,data/raw/stj_integras/texts/textos20230607.zip,708cfc3f21f50607120c2355d623db0c731dc718137a9ddda720e2a7655b3767,9001515,CC-BY,2022-08-01..2024-08-31,2023-06-07T18:39:01.305023,0,"copied from local mirror (STJ-Moral-Damages-Jurimetrics, CKAN download of 2026-09-07/08; sha256 verified against mirror CHECKSUMS)"
2026-09-12T19:01:06+00:00,stj_integras_decisoes,metadados20230609.json,https://dadosabertos.web.stj.jus.br/dataset/a2cd85cc-1391-4ebc-aeed-a45dd75a7987/resource/91c5948a-6577-47bd-88d9-a9f5006eda56/download/metadados20230609.json,data/raw/stj_integras/metadata/metadados20230609.json,c65c43373f100577444a5f6c97ea040088d99894049b64c9f3fb76b68a374145,1216232,CC-BY,2022-08-01..2024-08-31,2023-06-12T20:45:27.257005,0,"copied from local mirror (STJ-Moral-Damages-Jurimetrics, CKAN download of 2026-09-07/08; sha256 verified against mirror CHECKSUMS)"
2026-09-12T19:01:06+00:00,stj_integras_decisoes,textos20230609.zip,https://dadosabertos.web.stj.jus.br/dataset/a2cd85cc-1391-4ebc-aeed-a45dd75a7987/resource/656dd820-94da-44b7-b6de-e4765098d79e/download/20230609.zip,data/raw/stj_integras/texts/textos20230609.zip,62f600315dc59f9b5035d0d468d1fbccbb0b7c64d7bdd4f6a5d044b2b6e9a216,10154343,CC-BY,2022-08-01..2024-08-31,2023-06-12T20:44:02.519774,0,"copied from local mirror (STJ-Moral-Damages-Jurimetrics, CKAN download of 2026-09-07/08; sha256 verified against mirror CHECKSUMS)"
2026-09-12T19:01:06+00:00,stj_integras_decisoes,metadados20230612.json,https://dadosabertos.web.stj.jus.br/dataset/a2cd85cc-1391-4ebc-aeed-a45dd75a7987/resource/079f1c2c-e997-469a-97bd-58372536b631/download/metadados20230612.json,data/raw/stj_integras/metadata/metadados20230612.json,3e14f09eaba5fe5505b4220f4f02d378cd34e552bc464b55472680f53010b999,1133506,CC-BY,2022-08-01..2024-08-31,2023-06-12T20:44:21.513798,0,"copied from local mirror (STJ-Moral-Damages-Jurimetrics, CKAN download of 2026-09-07/08; sha256 verified against mirror CHECKSUMS)"
2026-09-12T19:01:06+00:00,stj_integras_decisoes,textos20230612.zip,https://dadosabertos.web.stj.jus.br/dataset/a2cd85cc-1391-4ebc-aeed-a45dd75a7987/resource/ec3dbcfa-c513-4bef-b619-3c795b86de8a/download/20230612.zip,data/raw/stj_integras/texts/textos20230612.zip,0b3bffbbd75eca0b1c3f736f9b692a5b2781d2c8933d566c2b360d492765c96e,8877109,CC-BY,2022-08-01..2024-08-31,2023-06-12T20:53:31.857190,0,"copied from local mirror (STJ-Moral-Damages-Jurimetrics, CKAN download of 2026-09-07/08; sha256 verified against mirror CHECKSUMS)"
2026-09-12T19:01:06+00:00,stj_integras_decisoes,metadados20230613.json,https://dadosabertos.web.stj.jus.br/dataset/a2cd85cc-1391-4ebc-aeed-a45dd75a7987/resource/626c9547-2e30-48be-ba9c-0190fcabd42c/download/metadados20230613.json,data/raw/stj_integras/metadata/metadados20230613.json,90fba544271a3eba890093bb2720246dc05ee6699ed4db8a0c5630dd512553b4,965559,CC-BY,2022-08-01..2024-08-31,2023-06-13T16:31:00.948358,0,"copied from local mirror (STJ-Moral-Damages-Jurimetrics, CKAN download of 2026-09-07/08; sha256 verified against mirror CHECKSUMS)"
2026-09-12T19:01:06+00:00,stj_integras_decisoes,textos20230613.zip,https://dadosabertos.web.stj.jus.br/dataset/a2cd85cc-1391-4ebc-aeed-a45dd75a7987/resource/9799ec15-8ce9-4077-81eb-c0daeecc394f/download/20230613.zip,data/raw/stj_integras/texts/textos20230613.zip,642d8915364830a37c38ded7e8a8b633d3cfc0d1c9612a28c53fe6807a556915,4097610,CC-BY,2022-08-01..2024-08-31,2023-06-13T16:30:46.962029,0,"copied from local mirror (STJ-Moral-Damages-Jurimetrics, CKAN download of 2026-09-07/08; sha256 verified against mirror CHECKSUMS)"
2026-09-12T19:01:06+00:00,stj_integras_decisoes,metadados20230614.json,https://dadosabertos.web.stj.jus.br/dataset/a2cd85cc-1391-4ebc-aeed-a45dd75a7987/resource/3384e847-55a1-4233-9183-f1ae690ff901/download/metadados20230614.json,data/raw/stj_integras/metadata/metadados20230614.json,59bcd687235b24f9b15b8cda9ea4f727c5e867647749ef4dd4cbc2665c6dd814,1074302,CC-BY,2022-08-01..2024-08-31,2023-06-14T21:49:49.369754,0,"copied from local mirror (STJ-Moral-Damages-Jurimetrics, CKAN download of 2026-09-07/08; sha256 verified against mirror CHECKSUMS)"
2026-09-12T19:01:06+00:00,stj_integras_decisoes,textos20230614.zip,https://dadosabertos.web.stj.jus.br/dataset/a2cd85cc-1391-4ebc-aeed-a45dd75a7987/resource/81eb857e-bc11-4133-9960-60e76987c40c/download/20230614.zip,data/raw/stj_integras/texts/textos20230614.zip,c327d1ac98d866a7c3b07279272accfacab4e2b5a9b99d21eb4bcc46afd518b8,8829028,CC-BY,2022-08-01..2024-08-31,2023-06-14T21:49:36.765015,0,"copied from local mirror (STJ-Moral-Damages-Jurimetrics, CKAN download of 2026-09-07/08; sha256 verified against mirror CHECKSUMS)"
2026-09-12T19:01:06+00:00,stj_integras_decisoes,metadados20230615.json,https://dadosabertos.web.stj.jus.br/dataset/a2cd85cc-1391-4ebc-aeed-a45dd75a7987/resource/ff804f2f-9410-441e-b676-b8436ceb3282/download/metadados20230615.json,data/raw/stj_integras/metadata/metadados20230615.json,395c874715d201777235982429223d31e81ece798c3b010244f5889ae708c292,1516143,CC-BY,2022-08-01..2024-08-31,2023-06-15T21:19:41.767213,0,"copied from local mirror (STJ-Moral-Damages-Jurimetrics, CKAN download of 2026-09-07/08; sha256 verified against mirror CHECKSUMS)"
2026-09-12T19:01:06+00:00,stj_integras_decisoes,textos20230615.zip,https://dadosabertos.web.stj.jus.br/dataset/a2cd85cc-1391-4ebc-aeed-a45dd75a7987/resource/707989e4-ba1d-48fb-90a6-3f9579a5c057/download/20230615.zip,data/raw/stj_integras/texts/textos20230615.zip,b2e8209abd61e030168d13947ed8d31d564f58b5d86f58ad94d36578c6623f89,13232250,CC-BY,2022-08-01..2024-08-31,2023-06-15T21:19:24.286436,0,"copied from local mirror (STJ-Moral-Damages-Jurimetrics, CKAN download of 2026-09-07/08; sha256 verified against mirror CHECKSUMS)"
2026-09-12T19:01:06+00:00,stj_integras_decisoes,metadados20230616.json,https://dadosabertos.web.stj.jus.br/dataset/a2cd85cc-1391-4ebc-aeed-a45dd75a7987/resource/91c98204-7983-4363-bcb4-2766e429bbba/download/metadados20230616.json,data/raw/stj_integras/metadata/metadados20230616.json,ac918e99c5875dccd1c0187b6dbef540a9ddd372bba9c04d672c400b6d03d1a6,1197069,CC-BY,2022-08-01..2024-08-31,2023-06-16T21:00:30.360921,0,"copied from local mirror (STJ-Moral-Damages-Jurimetrics, CKAN download of 2026-09-07/08; sha256 verified against mirror CHECKSUMS)"
2026-09-12T19:01:06+00:00,stj_integras_decisoes,textos20230616.zip,https://dadosabertos.web.stj.jus.br/dataset/a2cd85cc-1391-4ebc-aeed-a45dd75a7987/resource/7cfc3867-797b-4ef7-b9c7-562df1f366f5/download/20230616.zip,data/raw/stj_integras/texts/textos20230616.zip,a5cf182a0577908c603d12107a9079b727b34d9e961b9fa2bc800eaeaab4eda2,9485062,CC-BY,2022-08-01..2024-08-31,2023-06-16T21:00:19.383566,0,"copied from local mirror (STJ-Moral-Damages-Jurimetrics, CKAN download of 2026-09-07/08; sha256 verified against mirror CHECKSUMS)"
2026-09-12T19:01:06+00:00,stj_integras_decisoes,metadados20230619.json,https://dadosabertos.web.stj.jus.br/dataset/a2cd85cc-1391-4ebc-aeed-a45dd75a7987/resource/4eb726d1-fe96-4658-9ead-46e85be69ec7/download/metadados20230619.json,data/raw/stj_integras/metadata/metadados20230619.json,77e83701efbdc9863dd92bf22937c7edd7e93ea2c7fd541791708a3b528154cb,1398583,CC-BY,2022-08-01..2024-08-31,2023-06-19T22:38:48.321529,0,"copied from local mirror (STJ-Moral-Damages-Jurimetrics, CKAN download of 2026-09-07/08; sha256 verified against mirror CHECKSUMS)"
2026-09-12T19:01:06+00:00,stj_integras_decisoes,textos20230619.zip,https://dadosabertos.web.stj.jus.br/dataset/a2cd85cc-1391-4ebc-aeed-a45dd75a7987/resource/27aefffe-b591-4086-8515-431ed2442199/download/20230619.zip,data/raw/stj_integras/texts/textos20230619.zip,8e5e9bfe3b0152ae2dd8839e25e404563a1185eb6cb78d970ad0eabfdc8bb0a8,4396083,CC-BY,2022-08-01..2024-08-31,2023-06-19T22:38:31.553039,0,"copied from local mirror (STJ-Moral-Damages-Jurimetrics, CKAN download of 2026-09-07/08; sha256 verified against mirror CHECKSUMS)"
2026-09-12T19:01:06+00:00,stj_integras_decisoes,metadados20230620.json,https://dadosabertos.web.stj.jus.br/dataset/a2cd85cc-1391-4ebc-aeed-a45dd75a7987/resource/4a890f7e-b6f2-45b9-b24b-caee2f56d0ac/download/metadados20230620.json,data/raw/stj_integras/metadata/metadados20230620.json,f2d0c48ec26e9d9ad3c8384a56efc8ad628ad3709c7395d1d075e135166dcff2,984520,CC-BY,2022-08-01..2024-08-31,2023-06-20T18:24:11.800695,0,"copied from local mirror (STJ-Moral-Damages-Jurimetrics, CKAN download of 2026-09-07/08; sha256 verified against mirror CHECKSUMS)"
2026-09-12T19:01:06+00:00,stj_integras_decisoes,textos20230620.zip,https://dadosabertos.web.stj.jus.br/dataset/a2cd85cc-1391-4ebc-aeed-a45dd75a7987/resource/13b9a9a6-4079-4a4c-9ea1-ef38fe17bc80/download/20230620.zip,data/raw/stj_integras/texts/textos20230620.zip,de6eaffcbbd9d51169f4ae0311d36af6541808f81250d966ff35b88c313aa3a9,7458171,CC-BY,2022-08-01..2024-08-31,2023-06-20T18:23:58.388166,0,"copied from local mirror (STJ-Moral-Damages-Jurimetrics, CKAN download of 2026-09-07/08; sha256 verified against mirror CHECKSUMS)"
2026-09-12T19:01:06+00:00,stj_integras_decisoes,metadados20230621.json,https://dadosabertos.web.stj.jus.br/dataset/a2cd85cc-1391-4ebc-aeed-a45dd75a7987/resource/ff06aca4-70fd-4003-8189-353424294df6/download/metadados20230621.json,data/raw/stj_integras/metadata/metadados20230621.json,842d45d4d6edba6e98149fb52db7a97d092240d37a3a75adfdedd7103ce449ee,753400,CC-BY,2022-08-01..2024-08-31,2023-06-21T22:04:01.090774,0,"copied from local mirror (STJ-Moral-Damages-Jurimetrics, CKAN download of 2026-09-07/08; sha256 verified against mirror CHECKSUMS)"
2026-09-12T19:01:06+00:00,stj_integras_decisoes,textos20230621.zip,https://dadosabertos.web.stj.jus.br/dataset/a2cd85cc-1391-4ebc-aeed-a45dd75a7987/resource/a1bff8bc-a0f6-4fba-ba8f-f199959fa4ae/download/20230621.zip,data/raw/stj_integras/texts/textos20230621.zip,00d1e04fb31b7fecb7b36fd8a705adcd22367da1a726f82bf362631fcef0c9c2,7768272,CC-BY,2022-08-01..2024-08-31,2023-06-21T22:03:17.310062,0,"copied from local mirror (STJ-Moral-Damages-Jurimetrics, CKAN download of 2026-09-07/08; sha256 verified against mirror CHECKSUMS)"
2026-09-12T19:01:06+00:00,stj_integras_decisoes,metadados20230622.json,https://dadosabertos.web.stj.jus.br/dataset/a2cd85cc-1391-4ebc-aeed-a45dd75a7987/resource/40887a88-e513-4d0e-933d-6ac48f5db85d/download/metadados20230622.json,data/raw/stj_integras/metadata/metadados20230622.json,cf673223bd55ec6bbfe263e4a87651c2582d994159cd6f4b18800d1b5af3456a,1975935,CC-BY,2022-08-01..2024-08-31,2023-06-22T18:54:06.781888,0,"copied from local mirror (STJ-Moral-Damages-Jurimetrics, CKAN download of 2026-09-07/08; sha256 verified against mirror CHECKSUMS)"
2026-09-12T19:01:06+00:00,stj_integras_decisoes,textos20230622.zip,https://dadosabertos.web.stj.jus.br/dataset/a2cd85cc-1391-4ebc-aeed-a45dd75a7987/resource/3715c722-a2f7-4bf9-8e01-e027400c5734/download/20230622.zip,data/raw/stj_integras/texts/textos20230622.zip,bb1d38f409cf94129b09cc8b15947f9a6c2b9c60f2edb477c10c9e35f5f875af,15983499,CC-BY,2022-08-01..2024-08-31,2023-06-22T18:53:54.121683,0,"copied from local mirror (STJ-Moral-Damages-Jurimetrics, CKAN download of 2026-09-07/08; sha256 verified against mirror CHECKSUMS)"
2026-09-12T19:01:06+00:00,stj_integras_decisoes,metadados20230623.json,https://dadosabertos.web.stj.jus.br/dataset/a2cd85cc-1391-4ebc-aeed-a45dd75a7987/resource/e0454942-09e7-4f54-9d7e-2a44a25c8ea8/download/metadados20230623.json,data/raw/stj_integras/metadata/metadados20230623.json,c32bacba5562bd05adea02a776020cf2cb456eb0f36d689b27deb60580d9c161,1158716,CC-BY,2022-08-01..2024-08-31,2023-06-23T16:27:17.735547,0,"copied from local mirror (STJ-Moral-Damages-Jurimetrics, CKAN download of 2026-09-07/08; sha256 verified against mirror CHECKSUMS)"
2026-09-12T19:01:06+00:00,stj_integras_decisoes,textos20230623.zip,https://dadosabertos.web.stj.jus.br/dataset/a2cd85cc-1391-4ebc-aeed-a45dd75a7987/resource/b73cee50-dbcc-4873-8368-cb261acd442e/download/20230623.zip,data/raw/stj_integras/texts/textos20230623.zip,eae9ff7ad2b49600ef8299dbf7ca784cae38e297bb089fa0b85fccc5092167e5,9894245,CC-BY,2022-08-01..2024-08-31,2023-06-23T16:27:02.482519,0,"copied from local mirror (STJ-Moral-Damages-Jurimetrics, CKAN download of 2026-09-07/08; sha256 verified against mirror CHECKSUMS)"
2026-09-12T19:01:06+00:00,stj_integras_decisoes,metadados20230626.json,https://dadosabertos.web.stj.jus.br/dataset/a2cd85cc-1391-4ebc-aeed-a45dd75a7987/resource/d0706223-b0a2-4f1c-9465-e73d1056dc4b/download/metadados20230626.json,data/raw/stj_integras/metadata/metadados20230626.json,160638445a042d94fe01b62bb88a923da108ba015025c58d9240c0461a277b91,1430123,CC-BY,2022-08-01..2024-08-31,2023-06-26T21:56:07.565971,0,"copied from local mirror (STJ-Moral-Damages-Jurimetrics, CKAN download of 2026-09-07/08; sha256 verified against mirror CHECKSUMS)"
2026-09-12T19:01:06+00:00,stj_integras_decisoes,textos20230626.zip,https://dadosabertos.web.stj.jus.br/dataset/a2cd85cc-1391-4ebc-aeed-a45dd75a7987/resource/47c0f3ed-50b3-49f2-9cdc-e9ca2a92a102/download/20230626.zip,data/raw/stj_integras/texts/textos20230626.zip,2ee71f10b905f3c1034f3dc6890015f08814e866002052c95dda787e246c7b19,12346462,CC-BY,2022-08-01..2024-08-31,2023-06-26T21:55:53.803326,0,"copied from local mirror (STJ-Moral-Damages-Jurimetrics, CKAN download of 2026-09-07/08; sha256 verified against mirror CHECKSUMS)"
2026-09-12T19:01:06+00:00,stj_integras_decisoes,metadados20230627.json,https://dadosabertos.web.stj.jus.br/dataset/a2cd85cc-1391-4ebc-aeed-a45dd75a7987/resource/a73ef7d7-3bb5-4715-8c61-cfd365ea020a/download/metadados20230627.json,data/raw/stj_integras/metadata/metadados20230627.json,e24eb6847c5ca188f8927cfee979a27e9c5e860304a8f4ed186493734a157230,1381967,CC-BY,2022-08-01..2024-08-31,2023-06-27T17:51:58.080971,0,"copied from local mirror (STJ-Moral-Damages-Jurimetrics, CKAN download of 2026-09-07/08; sha256 verified against mirror CHECKSUMS)"
2026-09-12T19:01:06+00:00,stj_integras_decisoes,textos20230627.zip,https://dadosabertos.web.stj.jus.br/dataset/a2cd85cc-1391-4ebc-aeed-a45dd75a7987/resource/eb5f754d-e69f-4944-8472-f45bff9d8668/download/20230627.zip,data/raw/stj_integras/texts/textos20230627.zip,dc67cdc88763f9d4ae8e4107987cfed0c4cc08e6b672b65fb2ffb0b54db5f49b,10695901,CC-BY,2022-08-01..2024-08-31,2023-06-27T17:51:46.197318,0,"copied from local mirror (STJ-Moral-Damages-Jurimetrics, CKAN download of 2026-09-07/08; sha256 verified against mirror CHECKSUMS)"
2026-09-12T19:01:06+00:00,stj_integras_decisoes,metadados20230628.json,https://dadosabertos.web.stj.jus.br/dataset/a2cd85cc-1391-4ebc-aeed-a45dd75a7987/resource/ba526fcb-1135-4867-b523-031cf027ae1e/download/metadados20230628.json,data/raw/stj_integras/metadata/metadados20230628.json,826fc260d19a775824af099d6d13d16254ddf0cddfe91bc7b42498e12e1314c8,1611335,CC-BY,2022-08-01..2024-08-31,2023-06-28T17:53:11.911310,0,"copied from local mirror (STJ-Moral-Damages-Jurimetrics, CKAN download of 2026-09-07/08; sha256 verified against mirror CHECKSUMS)"
2026-09-12T19:01:06+00:00,stj_integras_decisoes,textos20230628.zip,https://dadosabertos.web.stj.jus.br/dataset/a2cd85cc-1391-4ebc-aeed-a45dd75a7987/resource/9456f6d3-d5f4-4cdb-9741-ea4ed8fefa13/download/20230628.zip,data/raw/stj_integras/texts/textos20230628.zip,ae31a99d2148f61da1cb3e9096cc048b065631b585aa61b80093ac27edcf3d65,14993352,CC-BY,2022-08-01..2024-08-31,2023-06-28T17:52:59.753858,0,"copied from local mirror (STJ-Moral-Damages-Jurimetrics, CKAN download of 2026-09-07/08; sha256 verified against mirror CHECKSUMS)"
2026-09-12T19:01:06+00:00,stj_integras_decisoes,metadados20230629.json,https://dadosabertos.web.stj.jus.br/dataset/a2cd85cc-1391-4ebc-aeed-a45dd75a7987/resource/f72b96c9-a852-465f-8e11-48bff24757fb/download/metadados20230629.json,data/raw/stj_integras/metadata/metadados20230629.json,469af8fee016bb5b48de84d776f5bdc375a7ead36100fee50ab99b05505cf8a6,1520127,CC-BY,2022-08-01..2024-08-31,2023-06-29T18:40:40.877919,0,"copied from local mirror (STJ-Moral-Damages-Jurimetrics, CKAN download of 2026-09-07/08; sha256 verified against mirror CHECKSUMS)"
2026-09-12T19:01:06+00:00,stj_integras_decisoes,textos20230629.zip,https://dadosabertos.web.stj.jus.br/dataset/a2cd85cc-1391-4ebc-aeed-a45dd75a7987/resource/213b0edc-e003-4ceb-84cc-356d590ef086/download/20230629.zip,data/raw/stj_integras/texts/textos20230629.zip,0c4dd6fb9d46a38f4fc83552784df2f31ea5d258eea93375d2e3c1532ed47f07,11255826,CC-BY,2022-08-01..2024-08-31,2023-06-29T18:40:22.761536,0,"copied from local mirror (STJ-Moral-Damages-Jurimetrics, CKAN download of 2026-09-07/08; sha256 verified against mirror CHECKSUMS)"
2026-09-12T19:01:06+00:00,stj_integras_decisoes,metadados20230630.json,https://dadosabertos.web.stj.jus.br/dataset/a2cd85cc-1391-4ebc-aeed-a45dd75a7987/resource/dca21752-da41-479c-baa9-244089c0af54/download/metadados20230630.json,data/raw/stj_integras/metadata/metadados20230630.json,d65ebd5030ca7d4b14a3e52ea302f65e515068423a142665047981f3a17f9707,1542894,CC-BY,2022-08-01..2024-08-31,2023-06-30T20:17:43.327006,0,"copied from local mirror (STJ-Moral-Damages-Jurimetrics, CKAN download of 2026-09-07/08; sha256 verified against mirror CHECKSUMS)"
2026-09-12T19:01:06+00:00,stj_integras_decisoes,textos20230630.zip,https://dadosabertos.web.stj.jus.br/dataset/a2cd85cc-1391-4ebc-aeed-a45dd75a7987/resource/294c7a39-ca22-4ce7-bec8-0113a853fa02/download/20230630.zip,data/raw/stj_integras/texts/textos20230630.zip,993df07f44ab6867b92b9ba8ab00ea09dd5f2018791431075c7734f86a3e4c3f,15654911,CC-BY,2022-08-01..2024-08-31,2023-06-30T20:17:31.016773,0,"copied from local mirror (STJ-Moral-Damages-Jurimetrics, CKAN download of 2026-09-07/08; sha256 verified against mirror CHECKSUMS)"
2026-09-12T19:01:06+00:00,stj_integras_decisoes,metadados20230703.json,https://dadosabertos.web.stj.jus.br/dataset/a2cd85cc-1391-4ebc-aeed-a45dd75a7987/resource/a36d065f-9458-456e-bf58-1372ed2194fb/download/metadados20230703.json,data/raw/stj_integras/metadata/metadados20230703.json,8080484fb879be987a68522522ac961fbcb818361d0a20b2f568fdc9d9ffc494,2063359,CC-BY,2022-08-01..2024-08-31,2023-07-04T12:09:50.260828,0,"copied from local mirror (STJ-Moral-Damages-Jurimetrics, CKAN download of 2026-09-07/08; sha256 verified against mirror CHECKSUMS)"
2026-09-12T19:01:06+00:00,stj_integras_decisoes,textos20230703.zip,https://dadosabertos.web.stj.jus.br/dataset/a2cd85cc-1391-4ebc-aeed-a45dd75a7987/resource/f360a995-fa42-4403-a519-71d60472f79a/download/20230703.zip,data/raw/stj_integras/texts/textos20230703.zip,5ae586e99452b1afd7371848be4a22124ebbaf16edfa2429531001d23dcc5d71,17405713,CC-BY,2022-08-01..2024-08-31,2023-07-04T12:09:30.495013,0,"copied from local mirror (STJ-Moral-Damages-Jurimetrics, CKAN download of 2026-09-07/08; sha256 verified against mirror CHECKSUMS)"
2026-09-12T19:01:06+00:00,stj_integras_decisoes,metadados20230704.json,https://dadosabertos.web.stj.jus.br/dataset/a2cd85cc-1391-4ebc-aeed-a45dd75a7987/resource/fd18a64a-a9c5-4f68-bc6e-f268da6b8057/download/metadados20230704.json,data/raw/stj_integras/metadata/metadados20230704.json,1c0a48106636fb57f5446760e9c36855442c1923a2ff41e08c587fcc58b5c1b5,813924,CC-BY,2022-08-01..2024-08-31,2023-07-06T01:39:18.242159,0,"copied from local mirror (STJ-Moral-Damages-Jurimetrics, CKAN download of 2026-09-07/08; sha256 verified against mirror CHECKSUMS)"
2026-09-12T19:01:06+00:00,stj_integras_decisoes,textos20230704.zip,https://dadosabertos.web.stj.jus.br/dataset/a2cd85cc-1391-4ebc-aeed-a45dd75a7987/resource/f6fd01de-e728-40f7-87b2-84365101d5fb/download/20230704.zip,data/raw/stj_integras/texts/textos20230704.zip,e850f6ce4a35e94b5cb446363ff9ae49b87c4a507a4873df8efe19bdde417d0c,6661039,CC-BY,2022-08-01..2024-08-31,2023-07-06T01:39:04.222072,0,"copied from local mirror (STJ-Moral-Damages-Jurimetrics, CKAN download of 2026-09-07/08; sha256 verified against mirror CHECKSUMS)"
2026-09-12T19:01:06+00:00,stj_integras_decisoes,metadados20230705.json,https://dadosabertos.web.stj.jus.br/dataset/a2cd85cc-1391-4ebc-aeed-a45dd75a7987/resource/51e23173-512d-4d38-b647-20008cbf11e5/download/metadados20230705.json,data/raw/stj_integras/metadata/metadados20230705.json,ab63d3e22238c18762c8a21cdfe1b8c4736a5577c9d37de3a4c046306bcaa844,27734,CC-BY,2022-08-01..2024-08-31,2023-07-06T02:03:25.318971,0,"copied from local mirror (STJ-Moral-Damages-Jurimetrics, CKAN download of 2026-09-07/08; sha256 verified against mirror CHECKSUMS)"
2026-09-12T19:01:06+00:00,stj_integras_decisoes,textos20230705.zip,https://dadosabertos.web.stj.jus.br/dataset/a2cd85cc-1391-4ebc-aeed-a45dd75a7987/resource/f684282c-97d4-4af5-ac9f-278be3052853/download/20230705.zip,data/raw/stj_integras/texts/textos20230705.zip,d54638199344a9d3d354f05b9dd931581e8b5c2933ce88a83641f4a09842e3d0,165641,CC-BY,2022-08-01..2024-08-31,2023-07-06T02:03:08.940569,0,"copied from local mirror (STJ-Moral-Damages-Jurimetrics, CKAN download of 2026-09-07/08; sha256 verified against mirror CHECKSUMS)"
2026-09-12T19:01:06+00:00,stj_integras_decisoes,metadados20230706.json,https://dadosabertos.web.stj.jus.br/dataset/a2cd85cc-1391-4ebc-aeed-a45dd75a7987/resource/1a1175d3-a0a3-4477-916a-8c237e994978/download/metadados20230706.json,data/raw/stj_integras/metadata/metadados20230706.json,822604bdb49511ea52e1c93bb838a1bde03867d7f03101d051cdc70e753cbb41,53500,CC-BY,2022-08-01..2024-08-31,2023-07-06T16:38:43.897355,0,"copied from local mirror (STJ-Moral-Damages-Jurimetrics, CKAN download of 2026-09-07/08; sha256 verified against mirror CHECKSUMS)"
2026-09-12T19:01:06+00:00,stj_integras_decisoes,textos20230706.zip,https://dadosabertos.web.stj.jus.br/dataset/a2cd85cc-1391-4ebc-aeed-a45dd75a7987/resource/06f42135-2993-44b2-84e0-6d087ad6fd58/download/20230706.zip,data/raw/stj_integras/texts/textos20230706.zip,21060214cfc47b04177286c267e0729bd2e9290d2bd29fa82afde5caa6bf43f5,383803,CC-BY,2022-08-01..2024-08-31,2023-07-06T16:38:21.459814,0,"copied from local mirror (STJ-Moral-Damages-Jurimetrics, CKAN download of 2026-09-07/08; sha256 verified against mirror CHECKSUMS)"
2026-09-12T19:01:06+00:00,stj_integras_decisoes,metadados20230710.json,https://dadosabertos.web.stj.jus.br/dataset/a2cd85cc-1391-4ebc-aeed-a45dd75a7987/resource/270b4220-7eb7-4f27-a1ae-aea7fcc6b248/download/metadados20230710.json,data/raw/stj_integras/metadata/metadados20230710.json,f1e26e05da1b4a263d9bc7ef4933a1804b872a4e6d13b9d011c62ff63651cf9d,70460,CC-BY,2022-08-01..2024-08-31,2023-07-10T18:48:53.844454,0,"copied from local mirror (STJ-Moral-Damages-Jurimetrics, CKAN download of 2026-09-07/08; sha256 verified against mirror CHECKSUMS)"
2026-09-12T19:01:06+00:00,stj_integras_decisoes,textos20230710.zip,https://dadosabertos.web.stj.jus.br/dataset/a2cd85cc-1391-4ebc-aeed-a45dd75a7987/resource/8bd8a698-3b24-454e-af87-45867ca3fa7b/download/20230710.zip,data/raw/stj_integras/texts/textos20230710.zip,5ed09f84aa6a5058ff81edd802c1865cb784044f4c262897640ad1b1315b1046,100367,CC-BY,2022-08-01..2024-08-31,2023-07-10T18:48:34.980435,0,"copied from local mirror (STJ-Moral-Damages-Jurimetrics, CKAN download of 2026-09-07/08; sha256 verified against mirror CHECKSUMS)"
2026-09-12T19:01:06+00:00,stj_integras_decisoes,metadados20230711.json,https://dadosabertos.web.stj.jus.br/dataset/a2cd85cc-1391-4ebc-aeed-a45dd75a7987/resource/3d60b401-d876-40a0-8f73-b8176161a883/download/metadados20230711.json,data/raw/stj_integras/metadata/metadados20230711.json,f0374a6baf02eb5c587822a1a0c1f3781ec8586e63e33852c8708c01b8fbf03f,54226,CC-BY,2022-08-01..2024-08-31,2023-07-11T18:05:20.328826,0,"copied from local mirror (STJ-Moral-Damages-Jurimetrics, CKAN download of 2026-09-07/08; sha256 verified against mirror CHECKSUMS)"
2026-09-12T19:01:06+00:00,stj_integras_decisoes,textos20230711.zip,https://dadosabertos.web.stj.jus.br/dataset/a2cd85cc-1391-4ebc-aeed-a45dd75a7987/resource/5155b13a-020b-405f-960d-cf2056115f0d/download/20230711.zip,data/raw/stj_integras/texts/textos20230711.zip,e02c58e35f73b5449a06ffa9d2e6cde38c2b206b3ac495cbd5fca043c5373fde,31495,CC-BY,2022-08-01..2024-08-31,2023-07-11T18:05:08.147382,0,"copied from local mirror (STJ-Moral-Damages-Jurimetrics, CKAN download of 2026-09-07/08; sha256 verified against mirror CHECKSUMS)"
2026-09-12T19:01:06+00:00,stj_integras_decisoes,metadados20230712.json,https://dadosabertos.web.stj.jus.br/dataset/a2cd85cc-1391-4ebc-aeed-a45dd75a7987/resource/d27dfcf7-9aa4-49f1-a074-a671bb1dc60d/download/metadados20230712.json,data/raw/stj_integras/metadata/metadados20230712.json,f860773a55697c15506e3ed45a863e58bd6c810ff6a8f5055e2b59d6a4e9b723,65957,CC-BY,2022-08-01..2024-08-31,2023-07-14T20:51:01.055763,0,"copied from local mirror (STJ-Moral-Damages-Jurimetrics, CKAN download of 2026-09-07/08; sha256 verified against mirror CHECKSUMS)"
2026-09-12T19:01:06+00:00,stj_integras_decisoes,textos20230712.zip,https://dadosabertos.web.stj.jus.br/dataset/a2cd85cc-1391-4ebc-aeed-a45dd75a7987/resource/af901a60-11fb-49aa-8249-523e0e65a176/download/20230712.zip,data/raw/stj_integras/texts/textos20230712.zip,a2fcbd2a707834f6cd4792c952e4fc1bdf3b0c3534a257b560d9137981dbc305,573864,CC-BY,2022-08-01..2024-08-31,2023-07-14T20:50:45.748961,0,"copied from local mirror (STJ-Moral-Damages-Jurimetrics, CKAN download of 2026-09-07/08; sha256 verified against mirror CHECKSUMS)"
2026-09-12T19:01:06+00:00,stj_integras_decisoes,metadados20230713.json,https://dadosabertos.web.stj.jus.br/dataset/a2cd85cc-1391-4ebc-aeed-a45dd75a7987/resource/8fa4cf21-3eaa-4408-a524-e5c7c9e61591/download/metadados20230713.json,data/raw/stj_integras/metadata/metadados20230713.json,a1fdbcf6d4a97bd8cc946169852ff0b4e51d049a1fcc1981c2c6309d497aa2b7,55901,CC-BY,2022-08-01..2024-08-31,2023-07-14T20:51:18.865581,0,"copied from local mirror (STJ-Moral-Damages-Jurimetrics, CKAN download of 2026-09-07/08; sha256 verified against mirror CHECKSUMS)"
2026-09-12T19:01:06+00:00,stj_integras_decisoes,textos20230713.zip,https://dadosabertos.web.stj.jus.br/dataset/a2cd85cc-1391-4ebc-aeed-a45dd75a7987/resource/0c0fed90-058d-4235-b109-86c8ffd174f9/download/20230713.zip,data/raw/stj_integras/texts/textos20230713.zip,c1c488e170de8ac2aa2a788166654242d19c5e63c7b69116469dfe62a59aa33b,434911,CC-BY,2022-08-01..2024-08-31,2023-07-14T20:51:58.026793,0,"copied from local mirror (STJ-Moral-Damages-Jurimetrics, CKAN download of 2026-09-07/08; sha256 verified against mirror CHECKSUMS)"
2026-09-12T19:01:06+00:00,stj_integras_decisoes,metadados20230714.json,https://dadosabertos.web.stj.jus.br/dataset/a2cd85cc-1391-4ebc-aeed-a45dd75a7987/resource/ffd877e3-bb89-4e35-abfe-a818d2710503/download/metadados20230714.json,data/raw/stj_integras/metadata/metadados20230714.json,924ff3decd4f387d61de581a15c8f809efaa84d1287d6890542c0da0222b986c,45367,CC-BY,2022-08-01..2024-08-31,2023-07-14T20:55:02.159005,0,"copied from local mirror (STJ-Moral-Damages-Jurimetrics, CKAN download of 2026-09-07/08; sha256 verified against mirror CHECKSUMS)"
2026-09-12T19:01:06+00:00,stj_integras_decisoes,textos20230714.zip,https://dadosabertos.web.stj.jus.br/dataset/a2cd85cc-1391-4ebc-aeed-a45dd75a7987/resource/dbcc8d47-7fe9-4f81-8feb-f9f6b870cc0f/download/20230714.zip,data/raw/stj_integras/texts/textos20230714.zip,4b2bb78fa98deccc6298ce8dd6ba83b5a5699a083c1fdb88a9f18dbfbc6aa93b,279049,CC-BY,2022-08-01..2024-08-31,2023-07-14T20:54:50.115080,0,"copied from local mirror (STJ-Moral-Damages-Jurimetrics, CKAN download of 2026-09-07/08; sha256 verified against mirror CHECKSUMS)"
2026-09-12T19:01:06+00:00,stj_integras_decisoes,metadados20230717.json,https://dadosabertos.web.stj.jus.br/dataset/a2cd85cc-1391-4ebc-aeed-a45dd75a7987/resource/8c9e255f-d18f-4064-b164-b40dd392db70/download/metadados20230717.json,data/raw/stj_integras/metadata/metadados20230717.json,a8366e5cf2a76bbe38fea3f292ac2147435f71849ed81ab20b7a70c141b46e7b,142637,CC-BY,2022-08-01..2024-08-31,2023-07-17T17:40:57.815604,0,"copied from local mirror (STJ-Moral-Damages-Jurimetrics, CKAN download of 2026-09-07/08; sha256 verified against mirror CHECKSUMS)"
2026-09-12T19:01:06+00:00,stj_integras_decisoes,textos20230717.zip,https://dadosabertos.web.stj.jus.br/dataset/a2cd85cc-1391-4ebc-aeed-a45dd75a7987/resource/069a5983-9976-4de8-8693-6d645cbf8a92/download/20230717.zip,data/raw/stj_integras/texts/textos20230717.zip,e45f9d9287e6a5ea5088cbaa54558d7e6684385a06c7da60ca719fac75bd743c,1350372,CC-BY,2022-08-01..2024-08-31,2023-07-17T17:40:38.787746,0,"copied from local mirror (STJ-Moral-Damages-Jurimetrics, CKAN download of 2026-09-07/08; sha256 verified against mirror CHECKSUMS)"
2026-09-12T19:01:06+00:00,stj_integras_decisoes,metadados20230718.json,https://dadosabertos.web.stj.jus.br/dataset/a2cd85cc-1391-4ebc-aeed-a45dd75a7987/resource/d4817d4e-8aaf-40bd-8c45-d7c9db553b13/download/metadados20230718.json,data/raw/stj_integras/metadata/metadados20230718.json,57c678a8770d84196956deb5ceb96b27ea4f45201049b5f595b3548eeb57905c,34910,CC-BY,2022-08-01..2024-08-31,2023-07-18T21:17:08.140866,0,"copied from local mirror (STJ-Moral-Damages-Jurimetrics, CKAN download of 2026-09-07/08; sha256 verified against mirror CHECKSUMS)"
2026-09-12T19:01:06+00:00,stj_integras_decisoes,textos20230718.zip,https://dadosabertos.web.stj.jus.br/dataset/a2cd85cc-1391-4ebc-aeed-a45dd75a7987/resource/0a5d3e09-24dc-44e3-8118-b3e74c4a6d98/download/20230718.zip,data/raw/stj_integras/texts/textos20230718.zip,947a7eebecfe5fcc41701470532cdada4d8b82f3dbb3fab20b7e567c86d38050,393456,CC-BY,2022-08-01..2024-08-31,2023-07-18T21:16:56.022681,0,"copied from local mirror (STJ-Moral-Damages-Jurimetrics, CKAN download of 2026-09-07/08; sha256 verified against mirror CHECKSUMS)"
2026-09-12T19:01:06+00:00,stj_integras_decisoes,metadados20230719.json,https://dadosabertos.web.stj.jus.br/dataset/a2cd85cc-1391-4ebc-aeed-a45dd75a7987/resource/fe63d2ed-676f-4513-b7c6-a1f964cab669/download/metadados20230719.json,data/raw/stj_integras/metadata/metadados20230719.json,bea3915e7e9bd98759b39e0971b007042351143c935e8b0e8e802281dcbfc04f,642555,CC-BY,2022-08-01..2024-08-31,2023-07-20T18:23:26.815551,0,"copied from local mirror (STJ-Moral-Damages-Jurimetrics, CKAN download of 2026-09-07/08; sha256 verified against mirror CHECKSUMS)"
2026-09-12T19:01:06+00:00,stj_integras_decisoes,textos20230719.zip,https://dadosabertos.web.stj.jus.br/dataset/a2cd85cc-1391-4ebc-aeed-a45dd75a7987/resource/41f0568b-13ca-4b7d-9fc4-e8239f9c4ccb/download/20230719.zip,data/raw/stj_integras/texts/textos20230719.zip,bc937c9c8046bcb257b7754292e4f09783148d26c0989c819517a9d354ed7eb0,3876490,CC-BY,2022-08-01..2024-08-31,2023-07-20T18:23:12.839300,0,"copied from local mirror (STJ-Moral-Damages-Jurimetrics, CKAN download of 2026-09-07/08; sha256 verified against mirror CHECKSUMS)"
2026-09-12T19:01:06+00:00,stj_integras_decisoes,metadados20230720.json,https://dadosabertos.web.stj.jus.br/dataset/a2cd85cc-1391-4ebc-aeed-a45dd75a7987/resource/1b478854-a5a0-4995-a739-0f9d5b35af28/download/metadados20230720.json,data/raw/stj_integras/metadata/metadados20230720.json,0b7ca264fd793236dc4d9152a796721f6ae2b8cc16cfb5f57ddac14e7b91ee1c,764132,CC-BY,2022-08-01..2024-08-31,2023-07-20T18:44:57.010546,0,"copied from local mirror (STJ-Moral-Damages-Jurimetrics, CKAN download of 2026-09-07/08; sha256 verified against mirror CHECKSUMS)"
2026-09-12T19:01:06+00:00,stj_integras_decisoes,textos20230720.zip,https://dadosabertos.web.stj.jus.br/dataset/a2cd85cc-1391-4ebc-aeed-a45dd75a7987/resource/c65e6dbd-059c-44a3-891d-96f9d9007260/download/20230720.zip,data/raw/stj_integras/texts/textos20230720.zip,c7916b6fd880d29224db6bfff9e5726b7af3ac7e5b5c9f70c5dca5d82dcca7af,3508641,CC-BY,2022-08-01..2024-08-31,2023-07-20T18:44:42.925593,0,"copied from local mirror (STJ-Moral-Damages-Jurimetrics, CKAN download of 2026-09-07/08; sha256 verified against mirror CHECKSUMS)"
2026-09-12T19:01:06+00:00,stj_integras_decisoes,metadados20230724.json,https://dadosabertos.web.stj.jus.br/dataset/a2cd85cc-1391-4ebc-aeed-a45dd75a7987/resource/5accdcc7-3ad7-4217-8035-f03aa580ccb1/download/metadados20230724.json,data/raw/stj_integras/metadata/metadados20230724.json,3057f4dd8a7356eea3d2d28f10acd42c179d20e686baed0c203b80223a606f03,322837,CC-BY,2022-08-01..2024-08-31,2023-07-24T16:40:35.964298,0,"copied from local mirror (STJ-Moral-Damages-Jurimetrics, CKAN download of 2026-09-07/08; sha256 verified against mirror CHECKSUMS)"
2026-09-12T19:01:06+00:00,stj_integras_decisoes,textos20230724.zip,https://dadosabertos.web.stj.jus.br/dataset/a2cd85cc-1391-4ebc-aeed-a45dd75a7987/resource/cac10d9b-dc42-4d97-8682-a3ce3535130f/download/20230724.zip,data/raw/stj_integras/texts/textos20230724.zip,f3c6e9857401d06b9a42f631bda3f649719e95b94439685f8714d86031cd1c72,1491000,CC-BY,2022-08-01..2024-08-31,2023-07-24T16:40:06.533301,0,"copied from local mirror (STJ-Moral-Damages-Jurimetrics, CKAN download of 2026-09-07/08; sha256 verified against mirror CHECKSUMS)"
2026-09-12T19:01:06+00:00,stj_integras_decisoes,metadados20230725.json,https://dadosabertos.web.stj.jus.br/dataset/a2cd85cc-1391-4ebc-aeed-a45dd75a7987/resource/81f9f8f9-7e16-49db-969c-c6401ed11ae8/download/metadados20230725.json,data/raw/stj_integras/metadata/metadados20230725.json,fb5655238627c88064deaced0271fa79f78372d6c1572f2b748828f3888ced8a,376476,CC-BY,2022-08-01..2024-08-31,2023-07-25T18:46:20.649963,0,"copied from local mirror (STJ-Moral-Damages-Jurimetrics, CKAN download of 2026-09-07/08; sha256 verified against mirror CHECKSUMS)"
2026-09-12T19:01:06+00:00,stj_integras_decisoes,textos20230725.zip,https://dadosabertos.web.stj.jus.br/dataset/a2cd85cc-1391-4ebc-aeed-a45dd75a7987/resource/307ce2d4-159c-4842-bb1a-4162648d0d16/download/20230725.zip,data/raw/stj_integras/texts/textos20230725.zip,4501b131a99abca968817e76384b34419dc546c291b5a5d4d7877957b7f710cf,1369748,CC-BY,2022-08-01..2024-08-31,2023-07-25T18:46:08.367669,0,"copied from local mirror (STJ-Moral-Damages-Jurimetrics, CKAN download of 2026-09-07/08; sha256 verified against mirror CHECKSUMS)"
2026-09-12T19:01:06+00:00,stj_integras_decisoes,metadados20230726.json,https://dadosabertos.web.stj.jus.br/dataset/a2cd85cc-1391-4ebc-aeed-a45dd75a7987/resource/f926c7e4-a09a-412c-89fa-235e5f04b12b/download/metadados20230726.json,data/raw/stj_integras/metadata/metadados20230726.json,af7686872513d82137f4f2d16f3d42f8097e608e3936b102bbc1a115b9401fe2,616932,CC-BY,2022-08-01..2024-08-31,2023-07-31T16:32:21.170320,0,"copied from local mirror (STJ-Moral-Damages-Jurimetrics, CKAN download of 2026-09-07/08; sha256 verified against mirror CHECKSUMS)"
2026-09-12T19:01:06+00:00,stj_integras_decisoes,textos20230726.zip,https://dadosabertos.web.stj.jus.br/dataset/a2cd85cc-1391-4ebc-aeed-a45dd75a7987/resource/b42cc898-31b9-452d-b2a5-56ac8811f997/download/20230726.zip,data/raw/stj_integras/texts/textos20230726.zip,c1958f565e1dca838fbf62b524bfeae5b201274eb4e738d137ab20cbac00bd2b,67971,CC-BY,2022-08-01..2024-08-31,2023-07-31T16:32:07.258127,0,"copied from local mirror (STJ-Moral-Damages-Jurimetrics, CKAN download of 2026-09-07/08; sha256 verified against mirror CHECKSUMS)"
2026-09-12T19:01:06+00:00,stj_integras_decisoes,metadados20230727.json,https://dadosabertos.web.stj.jus.br/dataset/a2cd85cc-1391-4ebc-aeed-a45dd75a7987/resource/e1b174e7-5901-4ce6-a425-9fb4b195a13d/download/metadados20230727.json,data/raw/stj_integras/metadata/metadados20230727.json,b91b7cac087cb88d8a3646a6d51e8c3a6b604473f99091d1d34ea3fb12ee5633,173792,CC-BY,2022-08-01..2024-08-31,2023-07-31T16:55:26.722089,0,"copied from local mirror (STJ-Moral-Damages-Jurimetrics, CKAN download of 2026-09-07/08; sha256 verified against mirror CHECKSUMS)"
2026-09-12T19:01:06+00:00,stj_integras_decisoes,textos20230727.zip,https://dadosabertos.web.stj.jus.br/dataset/a2cd85cc-1391-4ebc-aeed-a45dd75a7987/resource/a379a86a-29b7-4700-ae03-0908dc45f28c/download/20230727.zip,data/raw/stj_integras/texts/textos20230727.zip,2656e822de582df45ee3d481d097863a7ee901fde0b611cad21d9800da09444e,1227075,CC-BY,2022-08-01..2024-08-31,2023-07-31T16:55:13.638852,0,"copied from local mirror (STJ-Moral-Damages-Jurimetrics, CKAN download of 2026-09-07/08; sha256 verified against mirror CHECKSUMS)"
2026-09-12T19:01:06+00:00,stj_integras_decisoes,metadados20230728.json,https://dadosabertos.web.stj.jus.br/dataset/a2cd85cc-1391-4ebc-aeed-a45dd75a7987/resource/275912d7-4402-436c-8182-b60bb047b454/download/metadados20230728.json,data/raw/stj_integras/metadata/metadados20230728.json,f5eb394d708043646e12912cd8be5762a0a0f372edc318890b8ac92b1e14a327,611071,CC-BY,2022-08-01..2024-08-31,2023-07-31T17:03:27.003820,0,"copied from local mirror (STJ-Moral-Damages-Jurimetrics, CKAN download of 2026-09-07/08; sha256 verified against mirror CHECKSUMS)"
2026-09-12T19:01:07+00:00,stj_integras_decisoes,textos20230728.zip,https://dadosabertos.web.stj.jus.br/dataset/a2cd85cc-1391-4ebc-aeed-a45dd75a7987/resource/4a0bd53a-6d16-47fe-a247-500202e0fcc9/download/20230728.zip,data/raw/stj_integras/texts/textos20230728.zip,59c82b3e119ac42405651171cf2fd1755135a2e994417972fe0dae9d6994c7ac,4118252,CC-BY,2022-08-01..2024-08-31,2023-07-31T17:03:13.146069,0,"copied from local mirror (STJ-Moral-Damages-Jurimetrics, CKAN download of 2026-09-07/08; sha256 verified against mirror CHECKSUMS)"
2026-09-12T19:01:07+00:00,stj_integras_decisoes,metadados20230731.json,https://dadosabertos.web.stj.jus.br/dataset/a2cd85cc-1391-4ebc-aeed-a45dd75a7987/resource/f1be7c42-edfe-4168-b669-a37b224f8a07/download/metadados20230731.json,data/raw/stj_integras/metadata/metadados20230731.json,1d27df7305627fd3c970093b89e4705de49b02cc8d22ac73c1979a20219cb39c,623806,CC-BY,2022-08-01..2024-08-31,2023-07-31T17:09:14.127543,0,"copied from local mirror (STJ-Moral-Damages-Jurimetrics, CKAN download of 2026-09-07/08; sha256 verified against mirror CHECKSUMS)"
2026-09-12T19:01:07+00:00,stj_integras_decisoes,textos20230731.zip,https://dadosabertos.web.stj.jus.br/dataset/a2cd85cc-1391-4ebc-aeed-a45dd75a7987/resource/d6f7c709-dce1-4cb9-b07e-0e4adcdcd7f4/download/20230731.zip,data/raw/stj_integras/texts/textos20230731.zip,74472c1704be03c2abcc25bb3f926a4c5ccbabfeb5c84752028b22745e72891c,2390178,CC-BY,2022-08-01..2024-08-31,2023-07-31T17:08:55.757979,0,"copied from local mirror (STJ-Moral-Damages-Jurimetrics, CKAN download of 2026-09-07/08; sha256 verified against mirror CHECKSUMS)"
2026-09-12T19:01:07+00:00,stj_integras_decisoes,metadados20230809.json,https://dadosabertos.web.stj.jus.br/dataset/a2cd85cc-1391-4ebc-aeed-a45dd75a7987/resource/ff8fa010-855d-49c1-8011-c5e8c88d0b89/download/metadados20230809.json,data/raw/stj_integras/metadata/metadados20230809.json,acf1bad83814dcb20d8fc1db4637dffafe2665dfb5405a9cf8ba32de46948357,812270,CC-BY,2022-08-01..2024-08-31,2023-08-09T18:48:36.623237,0,"copied from local mirror (STJ-Moral-Damages-Jurimetrics, CKAN download of 2026-09-07/08; sha256 verified against mirror CHECKSUMS)"
2026-09-12T19:01:07+00:00,stj_integras_decisoes,textos20230809.zip,https://dadosabertos.web.stj.jus.br/dataset/a2cd85cc-1391-4ebc-aeed-a45dd75a7987/resource/91c65d4e-3d0f-4934-b47f-37a059ce5a97/download/20230809.zip,data/raw/stj_integras/texts/textos20230809.zip,bd920aff483d07324cead7d87de364e4c25017b12930b867e88ac8fe57fa062e,5986754,CC-BY,2022-08-01..2024-08-31,2023-08-09T18:48:24.347835,0,"copied from local mirror (STJ-Moral-Damages-Jurimetrics, CKAN download of 2026-09-07/08; sha256 verified against mirror CHECKSUMS)"
2026-09-12T19:01:07+00:00,stj_integras_decisoes,metadados20230810.json,https://dadosabertos.web.stj.jus.br/dataset/a2cd85cc-1391-4ebc-aeed-a45dd75a7987/resource/d042701e-e26c-43d0-a5b6-b07a33178fc8/download/metadados20230810.json,data/raw/stj_integras/metadata/metadados20230810.json,0ee35f46c4b51a80bf5a585e14eade8b1482e88e0b9baed2e83de77715be205e,929972,CC-BY,2022-08-01..2024-08-31,2023-08-10T18:00:50.708024,0,"copied from local mirror (STJ-Moral-Damages-Jurimetrics, CKAN download of 2026-09-07/08; sha256 verified against mirror CHECKSUMS)"
2026-09-12T19:01:07+00:00,stj_integras_decisoes,textos20230810.zip,https://dadosabertos.web.stj.jus.br/dataset/a2cd85cc-1391-4ebc-aeed-a45dd75a7987/resource/9d6be932-a642-49e7-a911-565cb3a0f519/download/20230810.zip,data/raw/stj_integras/texts/textos20230810.zip,8335f4e734e17e92daf57687a15345b0b3ed7c8f69f7b1a6cfdb0a53a55e97f9,7752222,CC-BY,2022-08-01..2024-08-31,2023-08-10T18:00:39.197130,0,"copied from local mirror (STJ-Moral-Damages-Jurimetrics, CKAN download of 2026-09-07/08; sha256 verified against mirror CHECKSUMS)"
2026-09-12T19:01:07+00:00,stj_integras_decisoes,metadados20230814.json,https://dadosabertos.web.stj.jus.br/dataset/a2cd85cc-1391-4ebc-aeed-a45dd75a7987/resource/d32ed815-3ff0-4e42-95ab-84e06044f850/download/metadados20230814.json,data/raw/stj_integras/metadata/metadados20230814.json,0f253db0c3db122be84818b0634d8cf4c1da30885c69de8395089d30a0cfc6e7,1184085,CC-BY,2022-08-01..2024-08-31,2023-08-15T16:44:48.870534,0,"copied from local mirror (STJ-Moral-Damages-Jurimetrics, CKAN download of 2026-09-07/08; sha256 verified against mirror CHECKSUMS)"
2026-09-12T19:01:07+00:00,stj_integras_decisoes,textos20230814.zip,https://dadosabertos.web.stj.jus.br/dataset/a2cd85cc-1391-4ebc-aeed-a45dd75a7987/resource/e78bc036-686e-454c-a8f6-6812e8efee35/download/20230814.zip,data/raw/stj_integras/texts/textos20230814.zip,73826246ac222dcfbaa4ef97fcbcba5fa8e4ce05180531f2fd1d67e4ec8f1c6e,8085704,CC-BY,2022-08-01..2024-08-31,2023-08-15T16:44:28.838261,0,"copied from local mirror (STJ-Moral-Damages-Jurimetrics, CKAN download of 2026-09-07/08; sha256 verified against mirror CHECKSUMS)"
2026-09-12T19:01:07+00:00,stj_integras_decisoes,metadados20230815.json,https://dadosabertos.web.stj.jus.br/dataset/a2cd85cc-1391-4ebc-aeed-a45dd75a7987/resource/955335a7-b386-4322-9127-07c6230761ad/download/metadados20230815.json,data/raw/stj_integras/metadata/metadados20230815.json,a6b7cc12b914f8a14411749fbad231fd3402a9f24e30104e1cdb606e805db6d9,1089076,CC-BY,2022-08-01..2024-08-31,2023-08-15T16:54:40.745137,0,"copied from local mirror (STJ-Moral-Damages-Jurimetrics, CKAN download of 2026-09-07/08; sha256 verified against mirror CHECKSUMS)"
2026-09-12T19:01:07+00:00,stj_integras_decisoes,textos20230815.zip,https://dadosabertos.web.stj.jus.br/dataset/a2cd85cc-1391-4ebc-aeed-a45dd75a7987/resource/fc617c8f-6a8c-4f00-a576-41791df1996a/download/20230815.zip,data/raw/stj_integras/texts/textos20230815.zip,2137da44d7ef22967cc5f6378a62cff7675333ee835aa8b7fd5f7f3919f49128,9972499,CC-BY,2022-08-01..2024-08-31,2023-08-15T16:54:25.153537,0,"copied from local mirror (STJ-Moral-Damages-Jurimetrics, CKAN download of 2026-09-07/08; sha256 verified against mirror CHECKSUMS)"
2026-09-12T19:01:07+00:00,stj_integras_decisoes,metadados20230816.json,https://dadosabertos.web.stj.jus.br/dataset/a2cd85cc-1391-4ebc-aeed-a45dd75a7987/resource/5099e54a-fd07-4406-8236-f528777e9a10/download/metadados20230816.json,data/raw/stj_integras/metadata/metadados20230816.json,266f5180732b3dd353b7942e98497f88f6b6beb02a9c49c05aa29f0c31ee53b0,2183720,CC-BY,2022-08-01..2024-08-31,2023-08-17T18:19:48.481079,0,"copied from local mirror (STJ-Moral-Damages-Jurimetrics, CKAN download of 2026-09-07/08; sha256 verified against mirror CHECKSUMS)"
2026-09-12T19:01:07+00:00,stj_integras_decisoes,textos20230816.zip,https://dadosabertos.web.stj.jus.br/dataset/a2cd85cc-1391-4ebc-aeed-a45dd75a7987/resource/f2793bd3-d4a9-41c6-a08e-bbb6411c8a4c/download/20230816.zip,data/raw/stj_integras/texts/textos20230816.zip,41c8cfad992ee17aa0514e30e38f973f31d1aa1c1f276cf945c479ce86b8fc02,18930898,CC-BY,2022-08-01..2024-08-31,2023-08-17T18:19:34.573914,0,"copied from local mirror (STJ-Moral-Damages-Jurimetrics, CKAN download of 2026-09-07/08; sha256 verified against mirror CHECKSUMS)"
2026-09-12T19:01:07+00:00,stj_integras_decisoes,metadados20230817.json,https://dadosabertos.web.stj.jus.br/dataset/a2cd85cc-1391-4ebc-aeed-a45dd75a7987/resource/fbccca0f-5509-4957-8f4c-d8ca402590d3/download/metadados20230817.json,data/raw/stj_integras/metadata/metadados20230817.json,8cc95468dc8f59fe0f860ea7a26e55feb6cd8167bfd70e734fea97f33a53d3bd,1309612,CC-BY,2022-08-01..2024-08-31,2023-08-17T18:20:15.450493,0,"copied from local mirror (STJ-Moral-Damages-Jurimetrics, CKAN download of 2026-09-07/08; sha256 verified against mirror CHECKSUMS)"
2026-09-12T19:01:07+00:00,stj_integras_decisoes,textos20230817.zip,https://dadosabertos.web.stj.jus.br/dataset/a2cd85cc-1391-4ebc-aeed-a45dd75a7987/resource/b1983d4e-3916-4e75-8083-0a95cdf7291e/download/20230817.zip,data/raw/stj_integras/texts/textos20230817.zip,2ff5409c62dfebb4da084212bc65b15c8e19a0b4b4cfcf86aa95f63759b48f68,10961185,CC-BY,2022-08-01..2024-08-31,2023-08-17T18:20:00.595897,0,"copied from local mirror (STJ-Moral-Damages-Jurimetrics, CKAN download of 2026-09-07/08; sha256 verified against mirror CHECKSUMS)"
2026-09-12T19:01:07+00:00,stj_integras_decisoes,metadados20230818.json,https://dadosabertos.web.stj.jus.br/dataset/a2cd85cc-1391-4ebc-aeed-a45dd75a7987/resource/0ad71d98-0358-4b3d-bef1-0efb5e531457/download/metadados20230818.json,data/raw/stj_integras/metadata/metadados20230818.json,b750196fdffce6a3a17d2a616b81a7025e7449ffd7115a6db864af2dde91832e,1168218,CC-BY,2022-08-01..2024-08-31,2023-08-18T14:52:55.351502,0,"copied from local mirror (STJ-Moral-Damages-Jurimetrics, CKAN download of 2026-09-07/08; sha256 verified against mirror CHECKSUMS)"
2026-09-12T19:01:07+00:00,stj_integras_decisoes,textos20230818.zip,https://dadosabertos.web.stj.jus.br/dataset/a2cd85cc-1391-4ebc-aeed-a45dd75a7987/resource/6ba02124-d71d-480e-b983-b1d0052a1ac0/download/20230818.zip,data/raw/stj_integras/texts/textos20230818.zip,21d73ac73bac7456b936bf651a955ce0e58ed2846b5c9eef1432eb622ae78c0e,10993823,CC-BY,2022-08-01..2024-08-31,2023-08-18T14:52:41.700313,0,"copied from local mirror (STJ-Moral-Damages-Jurimetrics, CKAN download of 2026-09-07/08; sha256 verified against mirror CHECKSUMS)"
2026-09-12T19:01:07+00:00,stj_integras_decisoes,metadados20230821.json,https://dadosabertos.web.stj.jus.br/dataset/a2cd85cc-1391-4ebc-aeed-a45dd75a7987/resource/8432c82a-d48c-447c-968c-cb09a1a63b6a/download/metadados20230821.json,data/raw/stj_integras/metadata/metadados20230821.json,7f3a8f4ea7c7b27d6fcbaafdb512cd0ecbbb0329b2b4e84d924c3cd9d3312692,1649340,CC-BY,2022-08-01..2024-08-31,2023-08-24T17:46:25.629026,0,"copied from local mirror (STJ-Moral-Damages-Jurimetrics, CKAN download of 2026-09-07/08; sha256 verified against mirror CHECKSUMS)"
2026-09-12T19:01:07+00:00,stj_integras_decisoes,textos20230821.zip,https://dadosabertos.web.stj.jus.br/dataset/a2cd85cc-1391-4ebc-aeed-a45dd75a7987/resource/b1d89582-fd9d-414b-979a-11d95240894f/download/20230821.zip,data/raw/stj_integras/texts/textos20230821.zip,c9e7a4ed2d648ecfbf6f16e0d78295594548b31fd45ad4f9342f7d575de724f5,13882427,CC-BY,2022-08-01..2024-08-31,2023-08-24T17:46:07.887273,0,"copied from local mirror (STJ-Moral-Damages-Jurimetrics, CKAN download of 2026-09-07/08; sha256 verified against mirror CHECKSUMS)"
2026-09-12T19:01:07+00:00,stj_integras_decisoes,metadados20230822.json,https://dadosabertos.web.stj.jus.br/dataset/a2cd85cc-1391-4ebc-aeed-a45dd75a7987/resource/51908170-c7d3-4684-8f70-d13d086bc742/download/metadados20230822.json,data/raw/stj_integras/metadata/metadados20230822.json,0491984a37677a3925de2ffb10e46afb0d64829f379c17b179299b91bcc22698,731198,CC-BY,2022-08-01..2024-08-31,2023-08-24T18:09:40.148153,0,"copied from local mirror (STJ-Moral-Damages-Jurimetrics, CKAN download of 2026-09-07/08; sha256 verified against mirror CHECKSUMS)"
2026-09-12T19:01:07+00:00,stj_integras_decisoes,textos20230822.zip,https://dadosabertos.web.stj.jus.br/dataset/a2cd85cc-1391-4ebc-aeed-a45dd75a7987/resource/ead87c29-b205-44fc-b7a7-10101a3a84f7/download/20230822.zip,data/raw/stj_integras/texts/textos20230822.zip,a35c94ceaf515f2054cb12e01825b6f6f8a7da80d68dd07bfe277822b22de832,6575646,CC-BY,2022-08-01..2024-08-31,2023-08-24T18:08:59.864592,0,"copied from local mirror (STJ-Moral-Damages-Jurimetrics, CKAN download of 2026-09-07/08; sha256 verified against mirror CHECKSUMS)"
2026-09-12T19:01:07+00:00,stj_integras_decisoes,metadados20230823.json,https://dadosabertos.web.stj.jus.br/dataset/a2cd85cc-1391-4ebc-aeed-a45dd75a7987/resource/3c1bcdc7-fe64-415a-a6fb-380a43db7bc6/download/metadados20230823.json,data/raw/stj_integras/metadata/metadados20230823.json,a143ec96b1bf623c69835bfcf1342fff499ea8e92ca3c90707ecbc77ec4dfdc2,1904838,CC-BY,2022-08-01..2024-08-31,2023-08-24T18:11:28.861591,0,"copied from local mirror (STJ-Moral-Damages-Jurimetrics, CKAN download of 2026-09-07/08; sha256 verified against mirror CHECKSUMS)"
2026-09-12T19:01:07+00:00,stj_integras_decisoes,textos20230823.zip,https://dadosabertos.web.stj.jus.br/dataset/a2cd85cc-1391-4ebc-aeed-a45dd75a7987/resource/f10d3b43-358c-42b2-8cdc-a059a4c2b11c/download/20230823.zip,data/raw/stj_integras/texts/textos20230823.zip,c82752344d8dd35a00f72b31a933666c0883fdd3a6c953f503727c4613e0cbc8,15992201,CC-BY,2022-08-01..2024-08-31,2023-08-24T18:11:15.083425,0,"copied from local mirror (STJ-Moral-Damages-Jurimetrics, CKAN download of 2026-09-07/08; sha256 verified against mirror CHECKSUMS)"
2026-09-12T19:01:07+00:00,stj_integras_decisoes,metadados20230824.json,https://dadosabertos.web.stj.jus.br/dataset/a2cd85cc-1391-4ebc-aeed-a45dd75a7987/resource/f974e894-0923-4384-9acc-78a2f0315e75/download/metadados20230824.json,data/raw/stj_integras/metadata/metadados20230824.json,4577f7611be9355c5d7da29c0ffe9ae088c784ff75c15000f5f62b5381f1fcc9,1455755,CC-BY,2022-08-01..2024-08-31,2023-08-24T18:20:15.824262,0,"copied from local mirror (STJ-Moral-Damages-Jurimetrics, CKAN download of 2026-09-07/08; sha256 verified against mirror CHECKSUMS)"
2026-09-12T19:01:07+00:00,stj_integras_decisoes,textos20230824.zip,https://dadosabertos.web.stj.jus.br/dataset/a2cd85cc-1391-4ebc-aeed-a45dd75a7987/resource/3bedd0da-7e4b-47b6-b38e-b3eea8eca0a0/download/20230824.zip,data/raw/stj_integras/texts/textos20230824.zip,74bd4fa5186a549ad7b0e461f90ab2546fed012307ec37de78023d09ac6e89b9,13870694,CC-BY,2022-08-01..2024-08-31,2023-08-24T18:17:20.811409,0,"copied from local mirror (STJ-Moral-Damages-Jurimetrics, CKAN download of 2026-09-07/08; sha256 verified against mirror CHECKSUMS)"
2026-09-12T19:01:07+00:00,stj_integras_decisoes,metadados20230825.json,https://dadosabertos.web.stj.jus.br/dataset/a2cd85cc-1391-4ebc-aeed-a45dd75a7987/resource/195bcefc-8a7c-4c1d-9109-b0579c8f6740/download/metadados20230825.json,data/raw/stj_integras/metadata/metadados20230825.json,3b4d9ae5f398336e856a29640facb4698317ffffeb1d2ad542f825eeeed29f6e,1285841,CC-BY,2022-08-01..2024-08-31,2023-08-25T18:24:18.686647,0,"copied from local mirror (STJ-Moral-Damages-Jurimetrics, CKAN download of 2026-09-07/08; sha256 verified against mirror CHECKSUMS)"
2026-09-12T19:01:07+00:00,stj_integras_decisoes,textos20230825.zip,https://dadosabertos.web.stj.jus.br/dataset/a2cd85cc-1391-4ebc-aeed-a45dd75a7987/resource/9726aeb9-565c-4f26-af2c-a829c9b7bd83/download/20230825.zip,data/raw/stj_integras/texts/textos20230825.zip,a939cc90f9029d0448aec901c4988a266c1d59be09e12157b8b1c57867e2d007,9780791,CC-BY,2022-08-01..2024-08-31,2023-08-25T18:24:05.718989,0,"copied from local mirror (STJ-Moral-Damages-Jurimetrics, CKAN download of 2026-09-07/08; sha256 verified against mirror CHECKSUMS)"
2026-09-12T19:01:07+00:00,stj_integras_decisoes,metadados20230828.json,https://dadosabertos.web.stj.jus.br/dataset/a2cd85cc-1391-4ebc-aeed-a45dd75a7987/resource/774c9fd6-19fb-423e-8baf-a63bfbf8081a/download/metadados20230828.json,data/raw/stj_integras/metadata/metadados20230828.json,cb322b807e84d379287e3effdb00b8e0c2afa133bb42d72ba91559010ed18a52,1003381,CC-BY,2022-08-01..2024-08-31,2023-08-29T16:15:37.668628,0,"copied from local mirror (STJ-Moral-Damages-Jurimetrics, CKAN download of 2026-09-07/08; sha256 verified against mirror CHECKSUMS)"
2026-09-12T19:01:07+00:00,stj_integras_decisoes,textos20230828.zip,https://dadosabertos.web.stj.jus.br/dataset/a2cd85cc-1391-4ebc-aeed-a45dd75a7987/resource/6d1d6717-b34a-4387-a6f6-6cac19e2731b/download/20230828.zip,data/raw/stj_integras/texts/textos20230828.zip,e1526fad5d8471cbbb7ae21587d1883d903e3850cf7bf546498f73b28d0e353a,8904528,CC-BY,2022-08-01..2024-08-31,2023-08-29T16:15:23.217043,0,"copied from local mirror (STJ-Moral-Damages-Jurimetrics, CKAN download of 2026-09-07/08; sha256 verified against mirror CHECKSUMS)"
2026-09-12T19:01:07+00:00,stj_integras_decisoes,metadados20230829.json,https://dadosabertos.web.stj.jus.br/dataset/a2cd85cc-1391-4ebc-aeed-a45dd75a7987/resource/b3ce6305-a6c6-496b-9935-477bf71feeb2/download/metadados20230829.json,data/raw/stj_integras/metadata/metadados20230829.json,879cbc405898816cb299fa6d1193c7c87dc2c3c8f1c3f2a31904611201292839,1389490,CC-BY,2022-08-01..2024-08-31,2023-08-30T11:37:31.124527,0,"copied from local mirror (STJ-Moral-Damages-Jurimetrics, CKAN download of 2026-09-07/08; sha256 verified against mirror CHECKSUMS)"
2026-09-12T19:01:07+00:00,stj_integras_decisoes,textos20230829.zip,https://dadosabertos.web.stj.jus.br/dataset/a2cd85cc-1391-4ebc-aeed-a45dd75a7987/resource/df06e923-fb86-4cc5-b316-c3d4d34a0dd4/download/20230829.zip,data/raw/stj_integras/texts/textos20230829.zip,015deb3fbceef2e37145d64976040ca2e55a7b2e5bbaaf350c4b20ffab0e6cf4,13758652,CC-BY,2022-08-01..2024-08-31,2023-08-30T11:37:14.587843,0,"copied from local mirror (STJ-Moral-Damages-Jurimetrics, CKAN download of 2026-09-07/08; sha256 verified against mirror CHECKSUMS)"
2026-09-12T19:01:07+00:00,stj_integras_decisoes,metadados20230830.json,https://dadosabertos.web.stj.jus.br/dataset/a2cd85cc-1391-4ebc-aeed-a45dd75a7987/resource/ca5b7f15-9af1-4890-8e21-fa34d19ebd4a/download/metadados20230830.json,data/raw/stj_integras/metadata/metadados20230830.json,a0ce49ee504aad3bd2371bc8036f74e123081b070feeffa596709c417245d34f,1720710,CC-BY,2022-08-01..2024-08-31,2023-08-30T17:58:15.894991,0,"copied from local mirror (STJ-Moral-Damages-Jurimetrics, CKAN download of 2026-09-07/08; sha256 verified against mirror CHECKSUMS)"
2026-09-12T19:01:07+00:00,stj_integras_decisoes,textos20230830.zip,https://dadosabertos.web.stj.jus.br/dataset/a2cd85cc-1391-4ebc-aeed-a45dd75a7987/resource/5986573f-0c78-41fb-a61c-2ba60eeac3cd/download/20230830.zip,data/raw/stj_integras/texts/textos20230830.zip,538a7bdda9ec3b6551a37d1b02b32005005b8c250ee6f67cbba2c8d7ecfad2ef,16284184,CC-BY,2022-08-01..2024-08-31,2023-08-30T17:58:02.252175,0,"copied from local mirror (STJ-Moral-Damages-Jurimetrics, CKAN download of 2026-09-07/08; sha256 verified against mirror CHECKSUMS)"
2026-09-12T19:01:07+00:00,stj_integras_decisoes,metadados20230831.json,https://dadosabertos.web.stj.jus.br/dataset/a2cd85cc-1391-4ebc-aeed-a45dd75a7987/resource/66924644-7d18-4142-b1b2-1738620ac5bf/download/metadados20230831.json,data/raw/stj_integras/metadata/metadados20230831.json,f4e188a6922b7c2f01e0fcfec18e3fa931ebf6465281cc964c4b5e7716286ba5,1780486,CC-BY,2022-08-01..2024-08-31,2023-09-05T13:47:52.648935,0,"copied from local mirror (STJ-Moral-Damages-Jurimetrics, CKAN download of 2026-09-07/08; sha256 verified against mirror CHECKSUMS)"
2026-09-12T19:01:07+00:00,stj_integras_decisoes,textos20230831.zip,https://dadosabertos.web.stj.jus.br/dataset/a2cd85cc-1391-4ebc-aeed-a45dd75a7987/resource/7f4c394d-ec9c-425c-a7db-beb0e5ff4fac/download/20230831.zip,data/raw/stj_integras/texts/textos20230831.zip,c82a3e706a304bc1dffef48ac5bc3a18fb669e177c1c206c60063040f892815e,18398605,CC-BY,2022-08-01..2024-08-31,2023-09-05T13:47:39.087449,0,"copied from local mirror (STJ-Moral-Damages-Jurimetrics, CKAN download of 2026-09-07/08; sha256 verified against mirror CHECKSUMS)"
2026-09-12T19:01:07+00:00,stj_integras_decisoes,metadados20230901.json,https://dadosabertos.web.stj.jus.br/dataset/a2cd85cc-1391-4ebc-aeed-a45dd75a7987/resource/323c8b1e-ad7c-4803-977e-124a5d23dc7d/download/metadados20230901.json,data/raw/stj_integras/metadata/metadados20230901.json,aa83ca1ddc2747aaa6b36c37188aef45b643fcbe790d5f335d04764973638aeb,1460535,CC-BY,2022-08-01..2024-08-31,2023-09-05T14:14:38.566034,0,"copied from local mirror (STJ-Moral-Damages-Jurimetrics, CKAN download of 2026-09-07/08; sha256 verified against mirror CHECKSUMS)"
2026-09-12T19:01:07+00:00,stj_integras_decisoes,textos20230901.zip,https://dadosabertos.web.stj.jus.br/dataset/a2cd85cc-1391-4ebc-aeed-a45dd75a7987/resource/1d257866-b3c0-41b4-8acc-ef0cea4146d1/download/20230901.zip,data/raw/stj_integras/texts/textos20230901.zip,5c869e2e115892f197cf32c214b908f161460e8442a287704064d3edab5d2012,13648371,CC-BY,2022-08-01..2024-08-31,2023-09-05T14:14:15.920440,0,"copied from local mirror (STJ-Moral-Damages-Jurimetrics, CKAN download of 2026-09-07/08; sha256 verified against mirror CHECKSUMS)"
2026-09-12T19:01:07+00:00,stj_integras_decisoes,metadados20230904.json,https://dadosabertos.web.stj.jus.br/dataset/a2cd85cc-1391-4ebc-aeed-a45dd75a7987/resource/2b2ffae8-07b1-49a2-a1f8-014345f85c60/download/metadados20230904.json,data/raw/stj_integras/metadata/metadados20230904.json,f90fadb5b3d407994d316c0559b16ee088cee3f9bc531f9dd4b1b03a53311cb7,1312117,CC-BY,2022-08-01..2024-08-31,2023-09-05T15:53:14.897390,0,"copied from local mirror (STJ-Moral-Damages-Jurimetrics, CKAN download of 2026-09-07/08; sha256 verified against mirror CHECKSUMS)"
2026-09-12T19:01:07+00:00,stj_integras_decisoes,textos20230904.zip,https://dadosabertos.web.stj.jus.br/dataset/a2cd85cc-1391-4ebc-aeed-a45dd75a7987/resource/05e59056-6b6c-44bb-8dad-6905ba0b9884/download/20230904.zip,data/raw/stj_integras/texts/textos20230904.zip,7fb57895804ce2677f89f6bad5a52bdf7273228acd06f07906e8737a8c1fecdd,7693264,CC-BY,2022-08-01..2024-08-31,2023-09-05T15:52:58.118703,0,"copied from local mirror (STJ-Moral-Damages-Jurimetrics, CKAN download of 2026-09-07/08; sha256 verified against mirror CHECKSUMS)"
2026-09-12T19:01:07+00:00,stj_integras_decisoes,metadados20230905.json,https://dadosabertos.web.stj.jus.br/dataset/a2cd85cc-1391-4ebc-aeed-a45dd75a7987/resource/e1d82533-ab6e-422a-92d2-acdad834f041/download/metadados20230905.json,data/raw/stj_integras/metadata/metadados20230905.json,7b5987a4dac5f51070183bebc35fd8c4dd708f329165f2ef5b15c165f4f1abc1,419094,CC-BY,2022-08-01..2024-08-31,2023-09-05T15:54:25.473009,0,"copied from local mirror (STJ-Moral-Damages-Jurimetrics, CKAN download of 2026-09-07/08; sha256 verified against mirror CHECKSUMS)"
2026-09-12T19:01:07+00:00,stj_integras_decisoes,textos20230905.zip,https://dadosabertos.web.stj.jus.br/dataset/a2cd85cc-1391-4ebc-aeed-a45dd75a7987/resource/b94e0418-2cec-414d-b25c-6fd7d0c8b647/download/20230905.zip,data/raw/stj_integras/texts/textos20230905.zip,b46a3dab43f830a2f530dc0bac009c5d415e5b8f6dda27350307727e47ec99cb,1782253,CC-BY,2022-08-01..2024-08-31,2023-09-05T15:54:11.620348,0,"copied from local mirror (STJ-Moral-Damages-Jurimetrics, CKAN download of 2026-09-07/08; sha256 verified against mirror CHECKSUMS)"
2026-09-12T19:01:07+00:00,stj_integras_decisoes,metadados20230906.json,https://dadosabertos.web.stj.jus.br/dataset/a2cd85cc-1391-4ebc-aeed-a45dd75a7987/resource/8e6cebb0-ba04-4243-9df4-bd91cc2fa604/download/metadados20230906.json,data/raw/stj_integras/metadata/metadados20230906.json,c3e9e22d5ff488d06b0da066ac778b942012d9af1e38fb31622c1c5b8854db6c,1366554,CC-BY,2022-08-01..2024-08-31,2023-09-06T16:58:36.299564,0,"copied from local mirror (STJ-Moral-Damages-Jurimetrics, CKAN download of 2026-09-07/08; sha256 verified against mirror CHECKSUMS)"
2026-09-12T19:01:07+00:00,stj_integras_decisoes,textos20230906.zip,https://dadosabertos.web.stj.jus.br/dataset/a2cd85cc-1391-4ebc-aeed-a45dd75a7987/resource/fd983249-eabe-4174-9e86-842063adca89/download/20230906.zip,data/raw/stj_integras/texts/textos20230906.zip,d0b222eea631d0ead721f1efe5d35694485617a50e0ccd430cbdee752bc7f870,10394221,CC-BY,2022-08-01..2024-08-31,2023-09-06T16:58:21.921605,0,"copied from local mirror (STJ-Moral-Damages-Jurimetrics, CKAN download of 2026-09-07/08; sha256 verified against mirror CHECKSUMS)"
2026-09-12T19:01:07+00:00,stj_integras_decisoes,metadados20230908.json,https://dadosabertos.web.stj.jus.br/dataset/a2cd85cc-1391-4ebc-aeed-a45dd75a7987/resource/56461215-7891-42f3-b352-06430082ffba/download/metadados20230908.json,data/raw/stj_integras/metadata/metadados20230908.json,48db0312d7dd8f4debafc9e1d0578eb5fe757c72820f727125e0316e44f253cd,1269059,CC-BY,2022-08-01..2024-08-31,2023-09-12T18:06:16.319389,0,"copied from local mirror (STJ-Moral-Damages-Jurimetrics, CKAN download of 2026-09-07/08; sha256 verified against mirror CHECKSUMS)"
2026-09-12T19:01:07+00:00,stj_integras_decisoes,textos20230908.zip,https://dadosabertos.web.stj.jus.br/dataset/a2cd85cc-1391-4ebc-aeed-a45dd75a7987/resource/9c3a1e62-39e7-4360-aaba-00a82ae3606d/download/20230908.zip,data/raw/stj_integras/texts/textos20230908.zip,4bb8d8155eb5749b0645a8fdf3f9e043481f6dd771e6229974d669bdd11fdd42,12434236,CC-BY,2022-08-01..2024-08-31,2023-09-12T18:06:04.148299,0,"copied from local mirror (STJ-Moral-Damages-Jurimetrics, CKAN download of 2026-09-07/08; sha256 verified against mirror CHECKSUMS)"
2026-09-12T19:01:07+00:00,stj_integras_decisoes,metadados20230911.json,https://dadosabertos.web.stj.jus.br/dataset/a2cd85cc-1391-4ebc-aeed-a45dd75a7987/resource/2e3649e4-fc0d-4f2d-8e83-cc3b3424c203/download/metadados20230911.json,data/raw/stj_integras/metadata/metadados20230911.json,c3c9e3907b20675034cff859bde55ae469c96733404d1c9709f89955d61df307,615861,CC-BY,2022-08-01..2024-08-31,2023-09-12T18:09:11.138627,0,"copied from local mirror (STJ-Moral-Damages-Jurimetrics, CKAN download of 2026-09-07/08; sha256 verified against mirror CHECKSUMS)"
2026-09-12T19:01:07+00:00,stj_integras_decisoes,textos20230911.zip,https://dadosabertos.web.stj.jus.br/dataset/a2cd85cc-1391-4ebc-aeed-a45dd75a7987/resource/14623832-edd2-4f64-91f7-9acdd9c1394f/download/20230911.zip,data/raw/stj_integras/texts/textos20230911.zip,f465e5fda015c631af8118cb0b4d176dca1414c4b01549f26381e77d2bf554d7,5319025,CC-BY,2022-08-01..2024-08-31,2023-09-12T18:08:58.050764,0,"copied from local mirror (STJ-Moral-Damages-Jurimetrics, CKAN download of 2026-09-07/08; sha256 verified against mirror CHECKSUMS)"
2026-09-12T19:01:07+00:00,stj_integras_decisoes,metadados20230912.json,https://dadosabertos.web.stj.jus.br/dataset/a2cd85cc-1391-4ebc-aeed-a45dd75a7987/resource/391ba750-24bf-4d8c-897f-39ff76df93f6/download/metadados20230912.json,data/raw/stj_integras/metadata/metadados20230912.json,655d2d75bbc75ccc0d00d216cc943cecfcb07a6845307e4b799660562acd860f,1244511,CC-BY,2022-08-01..2024-08-31,2023-09-12T18:25:06.498946,0,"copied from local mirror (STJ-Moral-Damages-Jurimetrics, CKAN download of 2026-09-07/08; sha256 verified against mirror CHECKSUMS)"
2026-09-12T19:01:07+00:00,stj_integras_decisoes,textos20230912.zip,https://dadosabertos.web.stj.jus.br/dataset/a2cd85cc-1391-4ebc-aeed-a45dd75a7987/resource/8cb50d5b-75a5-4cb7-b7d7-ee7cc2a37ee8/download/20230912.zip,data/raw/stj_integras/texts/textos20230912.zip,5563dbf1d7ad61f11ac9c91f739f44c2c5fcd1bb4266c9fb7ef1cfb60442f525,10266067,CC-BY,2022-08-01..2024-08-31,2023-09-12T18:24:46.799683,0,"copied from local mirror (STJ-Moral-Damages-Jurimetrics, CKAN download of 2026-09-07/08; sha256 verified against mirror CHECKSUMS)"
2026-09-12T19:01:07+00:00,stj_integras_decisoes,metadados20230913.json,https://dadosabertos.web.stj.jus.br/dataset/a2cd85cc-1391-4ebc-aeed-a45dd75a7987/resource/f0b9f4a4-a7b8-44b7-b7c4-2aa3ebe9920c/download/metadados20230913.json,data/raw/stj_integras/metadata/metadados20230913.json,6dcccd65f65c917d4a08bf6073a7c6da8394cf419dcdb83bd077bb849c7148ad,1298443,CC-BY,2022-08-01..2024-08-31,2023-09-13T17:00:45.614513,0,"copied from local mirror (STJ-Moral-Damages-Jurimetrics, CKAN download of 2026-09-07/08; sha256 verified against mirror CHECKSUMS)"
2026-09-12T19:01:07+00:00,stj_integras_decisoes,textos20230913.zip,https://dadosabertos.web.stj.jus.br/dataset/a2cd85cc-1391-4ebc-aeed-a45dd75a7987/resource/9afa2ef4-fd1a-41a5-b78c-85b3affeaa94/download/20230913.zip,data/raw/stj_integras/texts/textos20230913.zip,b77a98869acda8e4a84076a762d7699a7343ab51655a4eee71581deb3b1db590,10062734,CC-BY,2022-08-01..2024-08-31,2023-09-13T17:00:30.912575,0,"copied from local mirror (STJ-Moral-Damages-Jurimetrics, CKAN download of 2026-09-07/08; sha256 verified against mirror CHECKSUMS)"
2026-09-12T19:01:07+00:00,stj_integras_decisoes,metadados20230914.json,https://dadosabertos.web.stj.jus.br/dataset/a2cd85cc-1391-4ebc-aeed-a45dd75a7987/resource/5f8dbaf8-cd24-45a3-9aca-c12ae018cc2d/download/metadados20230914.json,data/raw/stj_integras/metadata/metadados20230914.json,0fb190b0446134e003de64b48884c6549a492ec4c64dc0b5a27ade72c97d4242,1252493,CC-BY,2022-08-01..2024-08-31,2023-09-14T17:52:40.704460,0,"copied from local mirror (STJ-Moral-Damages-Jurimetrics, CKAN download of 2026-09-07/08; sha256 verified against mirror CHECKSUMS)"
2026-09-12T19:01:07+00:00,stj_integras_decisoes,textos20230914.zip,https://dadosabertos.web.stj.jus.br/dataset/a2cd85cc-1391-4ebc-aeed-a45dd75a7987/resource/d4ab940d-d021-4f96-8d16-907341cb7489/download/20230914.zip,data/raw/stj_integras/texts/textos20230914.zip,a4ee83531c16373e0b855423ce48fb41618b15171feffd788af6dd15dca028d9,12960518,CC-BY,2022-08-01..2024-08-31,2023-09-14T17:52:25.699827,0,"copied from local mirror (STJ-Moral-Damages-Jurimetrics, CKAN download of 2026-09-07/08; sha256 verified against mirror CHECKSUMS)"
2026-09-12T19:01:07+00:00,stj_integras_decisoes,metadados20230915.json,https://dadosabertos.web.stj.jus.br/dataset/a2cd85cc-1391-4ebc-aeed-a45dd75a7987/resource/83d12fd8-8f03-4c84-b681-0dbc429feae6/download/metadados20230915.json,data/raw/stj_integras/metadata/metadados20230915.json,4c35ac70a25782fc3176729671e0a59a1bd2a90538c073c705a64b6a47afa17b,1174057,CC-BY,2022-08-01..2024-08-31,2023-09-19T20:19:49.165280,0,"copied from local mirror (STJ-Moral-Damages-Jurimetrics, CKAN download of 2026-09-07/08; sha256 verified against mirror CHECKSUMS)"
2026-09-12T19:01:07+00:00,stj_integras_decisoes,textos20230915.zip,https://dadosabertos.web.stj.jus.br/dataset/a2cd85cc-1391-4ebc-aeed-a45dd75a7987/resource/237ca37a-2786-461b-ad9d-3b6e55a0e23e/download/20230915.zip,data/raw/stj_integras/texts/textos20230915.zip,754b8dcbab0967bc8f5660a10a73c26a9087480cae34d76fe732949bfb0af815,9763337,CC-BY,2022-08-01..2024-08-31,2023-09-19T20:19:35.191160,0,"copied from local mirror (STJ-Moral-Damages-Jurimetrics, CKAN download of 2026-09-07/08; sha256 verified against mirror CHECKSUMS)"
2026-09-12T19:01:07+00:00,stj_integras_decisoes,metadados20230918.json,https://dadosabertos.web.stj.jus.br/dataset/a2cd85cc-1391-4ebc-aeed-a45dd75a7987/resource/e7d43626-9918-4a68-94bc-1a2d90b18e89/download/metadados20230918.json,data/raw/stj_integras/metadata/metadados20230918.json,8a1e7e4208cc21dbc869307f9d4d9f58533ea2c9e4f655d1ac6fc19488a4af8e,1247823,CC-BY,2022-08-01..2024-08-31,2023-09-19T20:37:31.534299,0,"copied from local mirror (STJ-Moral-Damages-Jurimetrics, CKAN download of 2026-09-07/08; sha256 verified against mirror CHECKSUMS)"
2026-09-12T19:01:07+00:00,stj_integras_decisoes,textos20230918.zip,https://dadosabertos.web.stj.jus.br/dataset/a2cd85cc-1391-4ebc-aeed-a45dd75a7987/resource/909b84f8-7dd6-443a-b68a-e65b687ac4a1/download/20230918.zip,data/raw/stj_integras/texts/textos20230918.zip,f0c3944c95b5c48d2cbb2187338db790ebc0745fd357228ea56eb081221adbf0,9416220,CC-BY,2022-08-01..2024-08-31,2023-09-19T20:37:19.503530,0,"copied from local mirror (STJ-Moral-Damages-Jurimetrics, CKAN download of 2026-09-07/08; sha256 verified against mirror CHECKSUMS)"
2026-09-12T19:01:07+00:00,stj_integras_decisoes,metadados20230919.json,https://dadosabertos.web.stj.jus.br/dataset/a2cd85cc-1391-4ebc-aeed-a45dd75a7987/resource/601c0118-68e3-4adc-b9f4-eeff6bf63d5a/download/metadados20230919.json,data/raw/stj_integras/metadata/metadados20230919.json,27a86c98bc7cba62f6dc0ee226349242a62807fcc9e5a8cd9e5279809e377dfb,665719,CC-BY,2022-08-01..2024-08-31,2023-09-19T20:39:14.625600,0,"copied from local mirror (STJ-Moral-Damages-Jurimetrics, CKAN download of 2026-09-07/08; sha256 verified against mirror CHECKSUMS)"
2026-09-12T19:01:07+00:00,stj_integras_decisoes,textos20230919.zip,https://dadosabertos.web.stj.jus.br/dataset/a2cd85cc-1391-4ebc-aeed-a45dd75a7987/resource/6843179e-ee8c-4077-8a08-6df6a99ea636/download/20230919.zip,data/raw/stj_integras/texts/textos20230919.zip,20f304c417b504db167db9b1860540fda1f360cce69698895db486244917f8b0,5841902,CC-BY,2022-08-01..2024-08-31,2023-09-19T20:39:01.438937,0,"copied from local mirror (STJ-Moral-Damages-Jurimetrics, CKAN download of 2026-09-07/08; sha256 verified against mirror CHECKSUMS)"
2026-09-12T19:01:07+00:00,stj_integras_decisoes,metadados20230920.json,https://dadosabertos.web.stj.jus.br/dataset/a2cd85cc-1391-4ebc-aeed-a45dd75a7987/resource/46dd668e-2d52-4897-9322-8fbb0ebf2db3/download/metadados20230920.json,data/raw/stj_integras/metadata/metadados20230920.json,e201ff26a505ce0f161d573551b40f12a595c63ce9f5edba6c846f10e9a60bc1,1254867,CC-BY,2022-08-01..2024-08-31,2023-09-20T20:14:48.822610,0,"copied from local mirror (STJ-Moral-Damages-Jurimetrics, CKAN download of 2026-09-07/08; sha256 verified against mirror CHECKSUMS)"
2026-09-12T19:01:07+00:00,stj_integras_decisoes,textos20230920.zip,https://dadosabertos.web.stj.jus.br/dataset/a2cd85cc-1391-4ebc-aeed-a45dd75a7987/resource/e22ad640-8e6d-4b7e-b7fd-afdfae10ce05/download/20230920.zip,data/raw/stj_integras/texts/textos20230920.zip,07c987e9fe0828239cf98073630154c32f319e9b72043f915a7a1dba295d58b4,10890695,CC-BY,2022-08-01..2024-08-31,2023-09-20T20:14:35.065830,0,"copied from local mirror (STJ-Moral-Damages-Jurimetrics, CKAN download of 2026-09-07/08; sha256 verified against mirror CHECKSUMS)"
2026-09-12T19:01:07+00:00,stj_integras_decisoes,metadados20230921.json,https://dadosabertos.web.stj.jus.br/dataset/a2cd85cc-1391-4ebc-aeed-a45dd75a7987/resource/866d9cc0-4213-4fd5-b2c3-01d6c49ec866/download/metadados20230921.json,data/raw/stj_integras/metadata/metadados20230921.json,3c2c6397233ca345d72b7a79ac1bc5e57cadd495d4b9ae3b2e24a1bd8b9f052a,1927640,CC-BY,2022-08-01..2024-08-31,2023-09-21T22:34:41.471762,0,"copied from local mirror (STJ-Moral-Damages-Jurimetrics, CKAN download of 2026-09-07/08; sha256 verified against mirror CHECKSUMS)"
2026-09-12T19:01:07+00:00,stj_integras_decisoes,textos20230921.zip,https://dadosabertos.web.stj.jus.br/dataset/a2cd85cc-1391-4ebc-aeed-a45dd75a7987/resource/8511d86d-403a-4fb9-88b5-8c14fcf0e02c/download/20230921.zip,data/raw/stj_integras/texts/textos20230921.zip,c6fa6335ab8458118949451d2a0c252e96869654180c6d0d8806a243ce62912d,17926315,CC-BY,2022-08-01..2024-08-31,2023-09-21T22:34:29.843031,0,"copied from local mirror (STJ-Moral-Damages-Jurimetrics, CKAN download of 2026-09-07/08; sha256 verified against mirror CHECKSUMS)"
2026-09-12T19:01:07+00:00,stj_integras_decisoes,metadados20230922.json,https://dadosabertos.web.stj.jus.br/dataset/a2cd85cc-1391-4ebc-aeed-a45dd75a7987/resource/45de302e-1c09-4544-b2e7-7bb9aa02d161/download/metadados20230922.json,data/raw/stj_integras/metadata/metadados20230922.json,8860c879bb14507701d2374e4f82661785ffff913c98c405a1b4edc2bc6cfd3b,818183,CC-BY,2022-08-01..2024-08-31,2023-09-26T17:51:46.053781,0,"copied from local mirror (STJ-Moral-Damages-Jurimetrics, CKAN download of 2026-09-07/08; sha256 verified against mirror CHECKSUMS)"
2026-09-12T19:01:07+00:00,stj_integras_decisoes,textos20230922.zip,https://dadosabertos.web.stj.jus.br/dataset/a2cd85cc-1391-4ebc-aeed-a45dd75a7987/resource/a9fd9a7d-6200-454c-916c-59408533a97c/download/20230922.zip,data/raw/stj_integras/texts/textos20230922.zip,521c3b5176fd9e3466f02b13811a47f25bb3c5b2d592c4df52046c15067ff353,8851279,CC-BY,2022-08-01..2024-08-31,2023-09-26T17:51:00.515054,0,"copied from local mirror (STJ-Moral-Damages-Jurimetrics, CKAN download of 2026-09-07/08; sha256 verified against mirror CHECKSUMS)"
2026-09-12T19:01:07+00:00,stj_integras_decisoes,metadados20230925.json,https://dadosabertos.web.stj.jus.br/dataset/a2cd85cc-1391-4ebc-aeed-a45dd75a7987/resource/689e0d23-33e6-4c1b-92cc-c75588077f9a/download/metadados20230925.json,data/raw/stj_integras/metadata/metadados20230925.json,6d9518f4e5e842a1efada314dac98453ef923a8b7462151a9e1d4c728e2ee456,1085883,CC-BY,2022-08-01..2024-08-31,2023-09-26T17:54:28.453555,0,"copied from local mirror (STJ-Moral-Damages-Jurimetrics, CKAN download of 2026-09-07/08; sha256 verified against mirror CHECKSUMS)"
2026-09-12T19:01:07+00:00,stj_integras_decisoes,textos20230925.zip,https://dadosabertos.web.stj.jus.br/dataset/a2cd85cc-1391-4ebc-aeed-a45dd75a7987/resource/73c6d434-a0ba-43c2-8710-981b11b3a04d/download/20230925.zip,data/raw/stj_integras/texts/textos20230925.zip,23cfd3804be300d8f2938aee94635c5d4c9862f38347493b8d07d110409cdeef,7694862,CC-BY,2022-08-01..2024-08-31,2023-09-26T17:54:15.656672,0,"copied from local mirror (STJ-Moral-Damages-Jurimetrics, CKAN download of 2026-09-07/08; sha256 verified against mirror CHECKSUMS)"
2026-09-12T19:01:07+00:00,stj_integras_decisoes,metadados20230926.json,https://dadosabertos.web.stj.jus.br/dataset/a2cd85cc-1391-4ebc-aeed-a45dd75a7987/resource/b8b8e161-c8f9-4052-9a09-64fffdab7b37/download/metadados20230926.json,data/raw/stj_integras/metadata/metadados20230926.json,2330e986bd6e7b2e6b503eae2986f6a623be05d71e2d49d04952400b08b7219a,991315,CC-BY,2022-08-01..2024-08-31,2023-09-26T17:54:57.448139,0,"copied from local mirror (STJ-Moral-Damages-Jurimetrics, CKAN download of 2026-09-07/08; sha256 verified against mirror CHECKSUMS)"
2026-09-12T19:01:07+00:00,stj_integras_decisoes,textos20230926.zip,https://dadosabertos.web.stj.jus.br/dataset/a2cd85cc-1391-4ebc-aeed-a45dd75a7987/resource/8cc6aa78-81a3-43d3-8313-2aff280474ac/download/20230926.zip,data/raw/stj_integras/texts/textos20230926.zip,f77a547cd892841d2567ee5fdf27544300b10859c35baec46cef50060b91cbb8,7515831,CC-BY,2022-08-01..2024-08-31,2023-09-26T17:54:44.839791,0,"copied from local mirror (STJ-Moral-Damages-Jurimetrics, CKAN download of 2026-09-07/08; sha256 verified against mirror CHECKSUMS)"
2026-09-12T19:01:07+00:00,stj_integras_decisoes,metadados20230927.json,https://dadosabertos.web.stj.jus.br/dataset/a2cd85cc-1391-4ebc-aeed-a45dd75a7987/resource/3a3db6c1-43b6-4ce3-aca6-a0d92ee8cf6e/download/metadados20230927.json,data/raw/stj_integras/metadata/metadados20230927.json,b876a66d6b90392b3dd8a7a524f2c0921c88431e268f62b86b3e1668596d2443,978957,CC-BY,2022-08-01..2024-08-31,2023-09-27T18:35:54.970437,0,"copied from local mirror (STJ-Moral-Damages-Jurimetrics, CKAN download of 2026-09-07/08; sha256 verified against mirror CHECKSUMS)"
2026-09-12T19:01:07+00:00,stj_integras_decisoes,textos20230927.zip,https://dadosabertos.web.stj.jus.br/dataset/a2cd85cc-1391-4ebc-aeed-a45dd75a7987/resource/f1517bcf-e293-495b-96eb-26d3a82c44e1/download/20230927.zip,data/raw/stj_integras/texts/textos20230927.zip,11bc75a898d8dffd89e4387822b6d6927413668b5884de12f3f2b5426acef245,9197335,CC-BY,2022-08-01..2024-08-31,2023-09-27T18:35:39.760227,0,"copied from local mirror (STJ-Moral-Damages-Jurimetrics, CKAN download of 2026-09-07/08; sha256 verified against mirror CHECKSUMS)"
2026-09-12T19:01:07+00:00,stj_integras_decisoes,metadados20230928.json,https://dadosabertos.web.stj.jus.br/dataset/a2cd85cc-1391-4ebc-aeed-a45dd75a7987/resource/9a700c4e-3913-498a-9dbf-d29af6b5bc7d/download/metadados20230928.json,data/raw/stj_integras/metadata/metadados20230928.json,8129b4abdf596168d04dc98a198aaa597f36c5319931cfc1f652fa960545f26e,1467471,CC-BY,2022-08-01..2024-08-31,2023-09-29T17:18:22.411365,0,"copied from local mirror (STJ-Moral-Damages-Jurimetrics, CKAN download of 2026-09-07/08; sha256 verified against mirror CHECKSUMS)"
2026-09-12T19:01:07+00:00,stj_integras_decisoes,textos20230928.zip,https://dadosabertos.web.stj.jus.br/dataset/a2cd85cc-1391-4ebc-aeed-a45dd75a7987/resource/6afc9ae8-450c-4380-b09e-b27b6b461d52/download/20230928.zip,data/raw/stj_integras/texts/textos20230928.zip,85c0de3dcd19268d06c01533ce4145b1dad04cb52f7a5b3ea322d6c703884e90,13497668,CC-BY,2022-08-01..2024-08-31,2023-09-29T17:18:04.216246,0,"copied from local mirror (STJ-Moral-Damages-Jurimetrics, CKAN download of 2026-09-07/08; sha256 verified against mirror CHECKSUMS)"
2026-09-12T19:01:07+00:00,stj_integras_decisoes,metadados20230929.json,https://dadosabertos.web.stj.jus.br/dataset/a2cd85cc-1391-4ebc-aeed-a45dd75a7987/resource/94e77dc0-f8f1-4016-9efa-fd8ff19ad566/download/metadados20230929.json,data/raw/stj_integras/metadata/metadados20230929.json,6b21ff6ddc7aa746e4e45cc898d2e76cf78b78bbdd3376f538198adee41b6c3a,908124,CC-BY,2022-08-01..2024-08-31,2023-09-29T17:57:34.805352,0,"copied from local mirror (STJ-Moral-Damages-Jurimetrics, CKAN download of 2026-09-07/08; sha256 verified against mirror CHECKSUMS)"
2026-09-12T19:01:07+00:00,stj_integras_decisoes,textos20230929.zip,https://dadosabertos.web.stj.jus.br/dataset/a2cd85cc-1391-4ebc-aeed-a45dd75a7987/resource/877cbfa1-74bd-4af8-ab63-ad7330723dcf/download/20230929.zip,data/raw/stj_integras/texts/textos20230929.zip,cba9e55d3514a18a6aca987a1ffc74c2d724921e312f52a187858fe92186c84a,7943910,CC-BY,2022-08-01..2024-08-31,2023-09-29T17:57:15.394027,0,"copied from local mirror (STJ-Moral-Damages-Jurimetrics, CKAN download of 2026-09-07/08; sha256 verified against mirror CHECKSUMS)"
2026-09-12T19:01:07+00:00,stj_integras_decisoes,metadados20231003.json,https://dadosabertos.web.stj.jus.br/dataset/a2cd85cc-1391-4ebc-aeed-a45dd75a7987/resource/3cc929ca-928a-4c1c-9267-d2614f122b57/download/metadados20231003.json,data/raw/stj_integras/metadata/metadados20231003.json,c649a7d2aa36f91597724c98213ef22e186302ea59c4f5c9c5e546f4d190efb7,1770342,CC-BY,2022-08-01..2024-08-31,2023-10-03T22:06:18.892071,0,"copied from local mirror (STJ-Moral-Damages-Jurimetrics, CKAN download of 2026-09-07/08; sha256 verified against mirror CHECKSUMS)"
2026-09-12T19:01:07+00:00,stj_integras_decisoes,textos20231003.zip,https://dadosabertos.web.stj.jus.br/dataset/a2cd85cc-1391-4ebc-aeed-a45dd75a7987/resource/007580e8-8861-4d4d-afd1-3eb8be9e043f/download/20231003.zip,data/raw/stj_integras/texts/textos20231003.zip,27485aa732c0f0c4aecbacb9a0c426d8bfdba55c983627834715bc3516f96472,15938738,CC-BY,2022-08-01..2024-08-31,2023-10-03T22:06:06.294416,0,"copied from local mirror (STJ-Moral-Damages-Jurimetrics, CKAN download of 2026-09-07/08; sha256 verified against mirror CHECKSUMS)"
2026-09-12T19:01:07+00:00,stj_integras_decisoes,metadados20231004.json,https://dadosabertos.web.stj.jus.br/dataset/a2cd85cc-1391-4ebc-aeed-a45dd75a7987/resource/33c0df5b-6e88-4633-b5f5-b5e6d1375c92/download/metadados20231004.json,data/raw/stj_integras/metadata/metadados20231004.json,8c03eca6252d118555fb64f12d6840d354f39dc0e0bb9fe618225719377d9170,737940,CC-BY,2022-08-01..2024-08-31,2023-10-04T21:52:00.616852,0,"copied from local mirror (STJ-Moral-Damages-Jurimetrics, CKAN download of 2026-09-07/08; sha256 verified against mirror CHECKSUMS)"
2026-09-12T19:01:07+00:00,stj_integras_decisoes,textos20231004.zip,https://dadosabertos.web.stj.jus.br/dataset/a2cd85cc-1391-4ebc-aeed-a45dd75a7987/resource/5375f9b2-910f-407b-a95a-9d028966b7d8/download/20231004.zip,data/raw/stj_integras/texts/textos20231004.zip,1aa1cfa9044cb986f1c928663ad948d5c6558bff38b332d4d95a0fa3c10b2bf1,6781222,CC-BY,2022-08-01..2024-08-31,2023-10-04T21:51:48.962083,0,"copied from local mirror (STJ-Moral-Damages-Jurimetrics, CKAN download of 2026-09-07/08; sha256 verified against mirror CHECKSUMS)"
2026-09-12T19:01:07+00:00,stj_integras_decisoes,metadados20231005.json,https://dadosabertos.web.stj.jus.br/dataset/a2cd85cc-1391-4ebc-aeed-a45dd75a7987/resource/f17a5a21-086d-4469-9d7d-564130bb15e2/download/metadados20231005.json,data/raw/stj_integras/metadata/metadados20231005.json,1969477f454d0411057bf5d61d18d687924a1a12433c4e8e2918144cfc4a4e65,1537062,CC-BY,2022-08-01..2024-08-31,2023-10-05T20:11:30.237451,0,"copied from local mirror (STJ-Moral-Damages-Jurimetrics, CKAN download of 2026-09-07/08; sha256 verified against mirror CHECKSUMS)"
2026-09-12T19:01:07+00:00,stj_integras_decisoes,textos20231005.zip,https://dadosabertos.web.stj.jus.br/dataset/a2cd85cc-1391-4ebc-aeed-a45dd75a7987/resource/810d34ba-36f3-422a-a738-40c978e4df22/download/20231005.zip,data/raw/stj_integras/texts/textos20231005.zip,3c9f50266d60032ef36ac4a1a2b19aa93e49aeeb86b7c4e9857f99afc8ccc44b,14865668,CC-BY,2022-08-01..2024-08-31,2023-10-05T20:11:17.772933,0,"copied from local mirror (STJ-Moral-Damages-Jurimetrics, CKAN download of 2026-09-07/08; sha256 verified against mirror CHECKSUMS)"
2026-09-12T19:01:07+00:00,stj_integras_decisoes,metadados20231006.json,https://dadosabertos.web.stj.jus.br/dataset/a2cd85cc-1391-4ebc-aeed-a45dd75a7987/resource/8909d553-6ebd-4135-b92a-79ee97dba19c/download/metadados20231006.json,data/raw/stj_integras/metadata/metadados20231006.json,7d4184fcec6bcbc203708745d1a272911169b2276b1f988a014fc5fe7656b0c4,1535850,CC-BY,2022-08-01..2024-08-31,2023-10-10T09:20:50.708015,0,"copied from local mirror (STJ-Moral-Damages-Jurimetrics, CKAN download of 2026-09-07/08; sha256 verified against mirror CHECKSUMS)"
2026-09-12T19:01:07+00:00,stj_integras_decisoes,textos20231006.zip,https://dadosabertos.web.stj.jus.br/dataset/a2cd85cc-1391-4ebc-aeed-a45dd75a7987/resource/ef46efb4-88be-4ce2-8cae-59d629eec8b3/download/20231006.zip,data/raw/stj_integras/texts/textos20231006.zip,20390ee139a806bf88f8e7c24008c3075733c4252fd67438d98859eddeddeeff,3754804,CC-BY,2022-08-01..2024-08-31,2023-10-10T09:20:35.600006,0,"copied from local mirror (STJ-Moral-Damages-Jurimetrics, CKAN download of 2026-09-07/08; sha256 verified against mirror CHECKSUMS)"
2026-09-12T19:01:07+00:00,stj_integras_decisoes,metadados20231009.json,https://dadosabertos.web.stj.jus.br/dataset/a2cd85cc-1391-4ebc-aeed-a45dd75a7987/resource/4004aaa9-2c13-48cf-8da5-269bd34cee0e/download/metadados20231009.json,data/raw/stj_integras/metadata/metadados20231009.json,8276c1ab25ad7fcc9bf52df532c18934217b2ec5857d44ed291c2a5e3cac30d5,642758,CC-BY,2022-08-01..2024-08-31,2023-10-10T09:22:22.011622,0,"copied from local mirror (STJ-Moral-Damages-Jurimetrics, CKAN download of 2026-09-07/08; sha256 verified against mirror CHECKSUMS)"
2026-09-12T19:01:07+00:00,stj_integras_decisoes,textos20231009.zip,https://dadosabertos.web.stj.jus.br/dataset/a2cd85cc-1391-4ebc-aeed-a45dd75a7987/resource/60250ddb-29f0-429b-9bed-5fb8c84a3057/download/20231009.zip,data/raw/stj_integras/texts/textos20231009.zip,06e04d0b2c93b5889f0c7243862b740256d0f54e9a783f70bddee1990055dcf1,916574,CC-BY,2022-08-01..2024-08-31,2023-10-10T09:22:06.204486,0,"copied from local mirror (STJ-Moral-Damages-Jurimetrics, CKAN download of 2026-09-07/08; sha256 verified against mirror CHECKSUMS)"
2026-09-12T19:01:07+00:00,stj_integras_decisoes,metadados20231010.json,https://dadosabertos.web.stj.jus.br/dataset/a2cd85cc-1391-4ebc-aeed-a45dd75a7987/resource/f73993b1-12b5-4b84-9ff8-5a432e251226/download/metadados20231010.json,data/raw/stj_integras/metadata/metadados20231010.json,4e369779a9a27b4fda3f8f86b3c6fcbb3b89183028ef08a3fa40b7ed380dbc31,979898,CC-BY,2022-08-01..2024-08-31,2023-10-17T10:03:39.936092,0,"copied from local mirror (STJ-Moral-Damages-Jurimetrics, CKAN download of 2026-09-07/08; sha256 verified against mirror CHECKSUMS)"
2026-09-12T19:01:07+00:00,stj_integras_decisoes,textos20231010.zip,https://dadosabertos.web.stj.jus.br/dataset/a2cd85cc-1391-4ebc-aeed-a45dd75a7987/resource/1ff47fbc-0f20-4be1-9d39-6c95775ebce8/download/20231010.zip,data/raw/stj_integras/texts/textos20231010.zip,ed2b40fb8ec627821b9e99fd21a6f8e9e59ebdc84b5a0992bea29048b39008b3,6376257,CC-BY,2022-08-01..2024-08-31,2023-10-17T10:03:26.194902,0,"copied from local mirror (STJ-Moral-Damages-Jurimetrics, CKAN download of 2026-09-07/08; sha256 verified against mirror CHECKSUMS)"
2026-09-12T19:01:07+00:00,stj_integras_decisoes,metadados20231011.json,https://dadosabertos.web.stj.jus.br/dataset/a2cd85cc-1391-4ebc-aeed-a45dd75a7987/resource/fc7c3d05-d14b-451c-97d4-75b7aa5d9fc8/download/metadados20231011.json,data/raw/stj_integras/metadata/metadados20231011.json,83b13dbc4c42966e855b11cc18ba06421f14351299095c17849ed0c3b5cc06cc,1219576,CC-BY,2022-08-01..2024-08-31,2023-10-17T10:04:48.371329,0,"copied from local mirror (STJ-Moral-Damages-Jurimetrics, CKAN download of 2026-09-07/08; sha256 verified against mirror CHECKSUMS)"
2026-09-12T19:01:08+00:00,stj_integras_decisoes,textos20231011.zip,https://dadosabertos.web.stj.jus.br/dataset/a2cd85cc-1391-4ebc-aeed-a45dd75a7987/resource/d1d8d18f-3343-4acd-a169-bd11a48adc3f/download/20231011.zip,data/raw/stj_integras/texts/textos20231011.zip,a3bd5b61363bf01ed59a6f8402271a72c51b60456e62c90bc949d535a65e0382,11031643,CC-BY,2022-08-01..2024-08-31,2023-10-17T10:04:33.074545,0,"copied from local mirror (STJ-Moral-Damages-Jurimetrics, CKAN download of 2026-09-07/08; sha256 verified against mirror CHECKSUMS)"
2026-09-12T19:01:08+00:00,stj_integras_decisoes,metadados20231016.json,https://dadosabertos.web.stj.jus.br/dataset/a2cd85cc-1391-4ebc-aeed-a45dd75a7987/resource/dba82244-318f-4d0c-b1e7-a1751c14243d/download/metadados20231016.json,data/raw/stj_integras/metadata/metadados20231016.json,c8005d66a28c9c07e529b8a776e3c35997e7a98164d7102bee9e675f1f4bb20b,1369109,CC-BY,2022-08-01..2024-08-31,2023-10-18T01:11:34.824233,0,"copied from local mirror (STJ-Moral-Damages-Jurimetrics, CKAN download of 2026-09-07/08; sha256 verified against mirror CHECKSUMS)"
2026-09-12T19:01:08+00:00,stj_integras_decisoes,textos20231016.zip,https://dadosabertos.web.stj.jus.br/dataset/a2cd85cc-1391-4ebc-aeed-a45dd75a7987/resource/d3569b62-7fa5-4132-972c-d4f6c317181b/download/20231016.zip,data/raw/stj_integras/texts/textos20231016.zip,964819b1b772b1b90cc989c7711f492d2a26681684d28219089aad307b6f24e0,14428447,CC-BY,2022-08-01..2024-08-31,2023-10-18T01:11:20.873323,0,"copied from local mirror (STJ-Moral-Damages-Jurimetrics, CKAN download of 2026-09-07/08; sha256 verified against mirror CHECKSUMS)"
2026-09-12T19:01:08+00:00,stj_integras_decisoes,metadados20231017.json,https://dadosabertos.web.stj.jus.br/dataset/a2cd85cc-1391-4ebc-aeed-a45dd75a7987/resource/ab0f4c4a-f661-46b1-ba19-fdb139523a8f/download/metadados20231017.json,data/raw/stj_integras/metadata/metadados20231017.json,249663fad120b12d4b5dfaf53d3b4a5e6f3dc164dae388f4081c78a6ff32d899,1261791,CC-BY,2022-08-01..2024-08-31,2023-10-18T01:12:01.995565,0,"copied from local mirror (STJ-Moral-Damages-Jurimetrics, CKAN download of 2026-09-07/08; sha256 verified against mirror CHECKSUMS)"
2026-09-12T19:01:08+00:00,stj_integras_decisoes,textos20231017.zip,https://dadosabertos.web.stj.jus.br/dataset/a2cd85cc-1391-4ebc-aeed-a45dd75a7987/resource/dcebbb65-e2a7-406d-bc49-5f2f522cce84/download/20231017.zip,data/raw/stj_integras/texts/textos20231017.zip,1112f39f3177f264c2d5bd383e318df2cf9882d6a2213fb7a45d7f8d68abed93,9588592,CC-BY,2022-08-01..2024-08-31,2023-10-18T01:11:48.436099,0,"copied from local mirror (STJ-Moral-Damages-Jurimetrics, CKAN download of 2026-09-07/08; sha256 verified against mirror CHECKSUMS)"
2026-09-12T19:01:08+00:00,stj_integras_decisoes,metadados20231018.json,https://dadosabertos.web.stj.jus.br/dataset/a2cd85cc-1391-4ebc-aeed-a45dd75a7987/resource/4a5d94f1-92a1-4f79-addb-326e36587135/download/metadados20231018.json,data/raw/stj_integras/metadata/metadados20231018.json,e9ad0e26ac0193132fe62bdaccf20bdaf245c2031e00432cdc44d5c6f12adec8,1559644,CC-BY,2022-08-01..2024-08-31,2023-10-20T00:51:26.664517,0,"copied from local mirror (STJ-Moral-Damages-Jurimetrics, CKAN download of 2026-09-07/08; sha256 verified against mirror CHECKSUMS)"
2026-09-12T19:01:08+00:00,stj_integras_decisoes,textos20231018.zip,https://dadosabertos.web.stj.jus.br/dataset/a2cd85cc-1391-4ebc-aeed-a45dd75a7987/resource/770dd287-c830-4edc-979d-55cf11f55831/download/20231018.zip,data/raw/stj_integras/texts/textos20231018.zip,95e4b09dc4fed92350ce8afbf5ff2d6e1929d9bd5671fa50ca8affc1bbaf40d5,12392955,CC-BY,2022-08-01..2024-08-31,2023-10-20T00:51:12.187775,0,"copied from local mirror (STJ-Moral-Damages-Jurimetrics, CKAN download of 2026-09-07/08; sha256 verified against mirror CHECKSUMS)"
2026-09-12T19:01:08+00:00,stj_integras_decisoes,metadados20231019.json,https://dadosabertos.web.stj.jus.br/dataset/a2cd85cc-1391-4ebc-aeed-a45dd75a7987/resource/10ff916c-21b4-429e-abd8-92307b0faa65/download/metadados20231019.json,data/raw/stj_integras/metadata/metadados20231019.json,0cd178325a0142fdb5e8b679309c7fc156e900e93b7ee511463a64965e41fd69,976168,CC-BY,2022-08-01..2024-08-31,2023-10-20T00:51:53.407915,0,"copied from local mirror (STJ-Moral-Damages-Jurimetrics, CKAN download of 2026-09-07/08; sha256 verified against mirror CHECKSUMS)"
2026-09-12T19:01:08+00:00,stj_integras_decisoes,textos20231019.zip,https://dadosabertos.web.stj.jus.br/dataset/a2cd85cc-1391-4ebc-aeed-a45dd75a7987/resource/db9452e6-10c0-4710-b87b-85db7d6896aa/download/20231019.zip,data/raw/stj_integras/texts/textos20231019.zip,6016b2e85186492f105b0e9fe1c7fcd401a725e0d8e14ea1c43c89d5bd0b3ba1,10511224,CC-BY,2022-08-01..2024-08-31,2023-10-20T00:51:39.873740,0,"copied from local mirror (STJ-Moral-Damages-Jurimetrics, CKAN download of 2026-09-07/08; sha256 verified against mirror CHECKSUMS)"
2026-09-12T19:01:08+00:00,stj_integras_decisoes,metadados20231020.json,https://dadosabertos.web.stj.jus.br/dataset/a2cd85cc-1391-4ebc-aeed-a45dd75a7987/resource/3004077e-8f73-4f9d-8a1d-9837000d971b/download/metadados20231020.json,data/raw/stj_integras/metadata/metadados20231020.json,f8200ed4bb37abc39ef2f168dd57fe30ad31528f546c548484cccad251829627,1022964,CC-BY,2022-08-01..2024-08-31,2023-10-20T15:33:49.948362,0,"copied from local mirror (STJ-Moral-Damages-Jurimetrics, CKAN download of 2026-09-07/08; sha256 verified against mirror CHECKSUMS)"
2026-09-12T19:01:08+00:00,stj_integras_decisoes,textos20231020.zip,https://dadosabertos.web.stj.jus.br/dataset/a2cd85cc-1391-4ebc-aeed-a45dd75a7987/resource/17b7b73e-0981-4e80-805e-2c6bf880fa64/download/20231020.zip,data/raw/stj_integras/texts/textos20231020.zip,6b997eb735dacc6b2cc33c5ae0e7a655a3e4690cf4dae813192dc8629d10d53b,9742815,CC-BY,2022-08-01..2024-08-31,2023-10-20T15:33:24.530754,0,"copied from local mirror (STJ-Moral-Damages-Jurimetrics, CKAN download of 2026-09-07/08; sha256 verified against mirror CHECKSUMS)"
2026-09-12T19:01:08+00:00,stj_integras_decisoes,metadados20231023.json,https://dadosabertos.web.stj.jus.br/dataset/a2cd85cc-1391-4ebc-aeed-a45dd75a7987/resource/7d3cc2e4-4952-4647-906d-250b226c7724/download/metadados20231023.json,data/raw/stj_integras/metadata/metadados20231023.json,a0bcc99a0c4c45afc21c1ba984643e64520a2bbdf7da3af1f995c04ece858e09,789457,CC-BY,2022-08-01..2024-08-31,2023-10-24T22:27:17.350820,0,"copied from local mirror (STJ-Moral-Damages-Jurimetrics, CKAN download of 2026-09-07/08; sha256 verified against mirror CHECKSUMS)"
2026-09-12T19:01:08+00:00,stj_integras_decisoes,textos20231023.zip,https://dadosabertos.web.stj.jus.br/dataset/a2cd85cc-1391-4ebc-aeed-a45dd75a7987/resource/d0466a80-d82c-4c0a-81f4-796d9b2dc6c8/download/20231023.zip,data/raw/stj_integras/texts/textos20231023.zip,c86703931d6754de6ad019bf34f5e69ed1df367ef14a4f0313aa2d90e1832127,6458175,CC-BY,2022-08-01..2024-08-31,2023-10-24T22:27:03.696293,0,"copied from local mirror (STJ-Moral-Damages-Jurimetrics, CKAN download of 2026-09-07/08; sha256 verified against mirror CHECKSUMS)"
2026-09-12T19:01:08+00:00,stj_integras_decisoes,metadados20231024.json,https://dadosabertos.web.stj.jus.br/dataset/a2cd85cc-1391-4ebc-aeed-a45dd75a7987/resource/3ed22843-ecfc-4497-b1c2-6f2701de4b5e/download/metadados20231024.json,data/raw/stj_integras/metadata/metadados20231024.json,5769b510a9908f21e70a400f6d52242f57117a83b609331a9cb5e6b7689febdd,1007942,CC-BY,2022-08-01..2024-08-31,2023-10-24T22:27:46.982837,0,"copied from local mirror (STJ-Moral-Damages-Jurimetrics, CKAN download of 2026-09-07/08; sha256 verified against mirror CHECKSUMS)"
2026-09-12T19:01:08+00:00,stj_integras_decisoes,textos20231024.zip,https://dadosabertos.web.stj.jus.br/dataset/a2cd85cc-1391-4ebc-aeed-a45dd75a7987/resource/ecbcb1aa-c070-4fb8-a82c-9fa4cc702923/download/20231024.zip,data/raw/stj_integras/texts/textos20231024.zip,8c3af8a68be08fc256fd7a8cf5559e8263f0736f893c1c52b1bf56bfb2ea84b3,7886672,CC-BY,2022-08-01..2024-08-31,2023-10-24T22:27:32.133575,0,"copied from local mirror (STJ-Moral-Damages-Jurimetrics, CKAN download of 2026-09-07/08; sha256 verified against mirror CHECKSUMS)"
2026-09-12T19:01:08+00:00,stj_integras_decisoes,metadados20231025.json,https://dadosabertos.web.stj.jus.br/dataset/a2cd85cc-1391-4ebc-aeed-a45dd75a7987/resource/55876b04-2d49-4b12-af10-9edadd72c98e/download/metadados20231025.json,data/raw/stj_integras/metadata/metadados20231025.json,562b0f930fa62be7190d13344ccc13544d8ac4de526b27f73140a24cf1acfc5f,1672223,CC-BY,2022-08-01..2024-08-31,2023-10-25T20:04:19.182184,0,"copied from local mirror (STJ-Moral-Damages-Jurimetrics, CKAN download of 2026-09-07/08; sha256 verified against mirror CHECKSUMS)"
2026-09-12T19:01:08+00:00,stj_integras_decisoes,textos20231025.zip,https://dadosabertos.web.stj.jus.br/dataset/a2cd85cc-1391-4ebc-aeed-a45dd75a7987/resource/f58d8273-6e3b-4e6e-935a-c641f19d1675/download/20231025.zip,data/raw/stj_integras/texts/textos20231025.zip,3b65112f72809d438898c7ba943c0ec7c1c2961f542e5a47e5a94aa97235207a,13009140,CC-BY,2022-08-01..2024-08-31,2023-10-25T20:04:04.766065,0,"copied from local mirror (STJ-Moral-Damages-Jurimetrics, CKAN download of 2026-09-07/08; sha256 verified against mirror CHECKSUMS)"
2026-09-12T19:01:08+00:00,stj_integras_decisoes,metadados20231026.json,https://dadosabertos.web.stj.jus.br/dataset/a2cd85cc-1391-4ebc-aeed-a45dd75a7987/resource/76b0cdea-0cda-464d-8779-11ea2f7719de/download/metadados20231026.json,data/raw/stj_integras/metadata/metadados20231026.json,5eff588c04d39ed26fc022971a1ac177bc930db0cd71a8454795afa4c8326e77,1260448,CC-BY,2022-08-01..2024-08-31,2023-10-26T21:10:04.312323,0,"copied from local mirror (STJ-Moral-Damages-Jurimetrics, CKAN download of 2026-09-07/08; sha256 verified against mirror CHECKSUMS)"
2026-09-12T19:01:08+00:00,stj_integras_decisoes,textos20231026.zip,https://dadosabertos.web.stj.jus.br/dataset/a2cd85cc-1391-4ebc-aeed-a45dd75a7987/resource/cb7a40cb-1c2d-46de-a9b9-9b264e77cdea/download/20231026.zip,data/raw/stj_integras/texts/textos20231026.zip,73fadcb546a4501a8d23f650a856b6ffaf18ef95f4ef7352d6b076f90d8de0e3,9835309,CC-BY,2022-08-01..2024-08-31,2023-10-26T21:09:48.564820,0,"copied from local mirror (STJ-Moral-Damages-Jurimetrics, CKAN download of 2026-09-07/08; sha256 verified against mirror CHECKSUMS)"
2026-09-12T19:01:08+00:00,stj_integras_decisoes,metadados20231027.json,https://dadosabertos.web.stj.jus.br/dataset/a2cd85cc-1391-4ebc-aeed-a45dd75a7987/resource/e13fa20b-a295-4c8c-b075-1545d334cb97/download/metadados20231027.json,data/raw/stj_integras/metadata/metadados20231027.json,1d3e544ac69f5db4d584c40b3ae42c18a15fa1fad57b0dc66db7a007825dd7bf,1092490,CC-BY,2022-08-01..2024-08-31,2023-10-27T18:15:36.027884,0,"copied from local mirror (STJ-Moral-Damages-Jurimetrics, CKAN download of 2026-09-07/08; sha256 verified against mirror CHECKSUMS)"
2026-09-12T19:01:08+00:00,stj_integras_decisoes,textos20231027.zip,https://dadosabertos.web.stj.jus.br/dataset/a2cd85cc-1391-4ebc-aeed-a45dd75a7987/resource/ce4eddd9-ce37-4cd2-ba74-7f9b0d37d459/download/20231027.zip,data/raw/stj_integras/texts/textos20231027.zip,5f6ffd729fc02af3c61784d15842b4c27043fb7a4bb378bc32bc6e2a5abddd6f,10184710,CC-BY,2022-08-01..2024-08-31,2023-10-27T18:14:32.201856,0,"copied from local mirror (STJ-Moral-Damages-Jurimetrics, CKAN download of 2026-09-07/08; sha256 verified against mirror CHECKSUMS)"
2026-09-12T19:01:08+00:00,stj_integras_decisoes,metadados20231030.json,https://dadosabertos.web.stj.jus.br/dataset/a2cd85cc-1391-4ebc-aeed-a45dd75a7987/resource/17fe3569-d237-4933-8edb-d593ebe3313a/download/metadados20231030.json,data/raw/stj_integras/metadata/metadados20231030.json,72f21b829b5f99300f24447ad977863905de4e5ecb3242efe50b71df4153691d,1302722,CC-BY,2022-08-01..2024-08-31,2023-10-31T01:13:34.422984,0,"copied from local mirror (STJ-Moral-Damages-Jurimetrics, CKAN download of 2026-09-07/08; sha256 verified against mirror CHECKSUMS)"
2026-09-12T19:01:08+00:00,stj_integras_decisoes,textos20231030.zip,https://dadosabertos.web.stj.jus.br/dataset/a2cd85cc-1391-4ebc-aeed-a45dd75a7987/resource/8dd0e546-e2b7-43b9-b8a3-5718bd661fb4/download/20231030.zip,data/raw/stj_integras/texts/textos20231030.zip,ec9854c815a1a1288b3073f43bb36522308b1990bdd982b95238bd43e728cdf4,10985556,CC-BY,2022-08-01..2024-08-31,2023-10-31T01:13:20.764970,0,"copied from local mirror (STJ-Moral-Damages-Jurimetrics, CKAN download of 2026-09-07/08; sha256 verified against mirror CHECKSUMS)"
2026-09-12T19:01:08+00:00,stj_integras_decisoes,metadados20231031.json,https://dadosabertos.web.stj.jus.br/dataset/a2cd85cc-1391-4ebc-aeed-a45dd75a7987/resource/c4a19755-87da-4389-86b2-8de0c9174dcf/download/metadados20231031.json,data/raw/stj_integras/metadata/metadados20231031.json,d8ccb6543a97d9d15b9199edb30c2d5563c4edfdfcec87f5204bd193194bf68e,878343,CC-BY,2022-08-01..2024-08-31,2023-10-31T18:12:09.235531,0,"copied from local mirror (STJ-Moral-Damages-Jurimetrics, CKAN download of 2026-09-07/08; sha256 verified against mirror CHECKSUMS)"
2026-09-12T19:01:08+00:00,stj_integras_decisoes,textos20231031.zip,https://dadosabertos.web.stj.jus.br/dataset/a2cd85cc-1391-4ebc-aeed-a45dd75a7987/resource/418a04ad-5a40-4425-bad4-15332dca05a3/download/20231031.zip,data/raw/stj_integras/texts/textos20231031.zip,3510fcfd7381bd3df635a9aec8a3ed086d8b4b8572c0fde0922751cff504257d,8486845,CC-BY,2022-08-01..2024-08-31,2023-10-31T18:11:55.084291,0,"copied from local mirror (STJ-Moral-Damages-Jurimetrics, CKAN download of 2026-09-07/08; sha256 verified against mirror CHECKSUMS)"
2026-09-12T19:01:08+00:00,stj_integras_decisoes,metadados20231103.json,https://dadosabertos.web.stj.jus.br/dataset/a2cd85cc-1391-4ebc-aeed-a45dd75a7987/resource/89ff466e-5396-4889-bcf0-9517ec601a42/download/metadados20231103.json,data/raw/stj_integras/metadata/metadados20231103.json,aed55e8354b725fea7407d3743e98cc6f8da43669d2f10aa075d382084cd112e,2354338,CC-BY,2022-08-01..2024-08-31,2023-11-07T16:57:49.885245,0,"copied from local mirror (STJ-Moral-Damages-Jurimetrics, CKAN download of 2026-09-07/08; sha256 verified against mirror CHECKSUMS)"
2026-09-12T19:01:08+00:00,stj_integras_decisoes,textos20231103.zip,https://dadosabertos.web.stj.jus.br/dataset/a2cd85cc-1391-4ebc-aeed-a45dd75a7987/resource/81c74fab-cf00-4c86-92e8-38c75085590b/download/20231103.zip,data/raw/stj_integras/texts/textos20231103.zip,6c3f44333e7d5d04db2e76a9604368f0591c8f593fcefad3ec5bcce53fa2cb5a,20078794,CC-BY,2022-08-01..2024-08-31,2023-11-07T16:57:35.806425,0,"copied from local mirror (STJ-Moral-Damages-Jurimetrics, CKAN download of 2026-09-07/08; sha256 verified against mirror CHECKSUMS)"
2026-09-12T19:01:08+00:00,stj_integras_decisoes,metadados20231106.json,https://dadosabertos.web.stj.jus.br/dataset/a2cd85cc-1391-4ebc-aeed-a45dd75a7987/resource/954a9a2d-eccf-4d1b-b0af-590dacd78807/download/metadados20231106.json,data/raw/stj_integras/metadata/metadados20231106.json,01f6c32e23adc76561f351be4ca4d472ccbe92664aed32f10ba28065d7ba1ff4,1397876,CC-BY,2022-08-01..2024-08-31,2023-11-07T16:58:16.526860,0,"copied from local mirror (STJ-Moral-Damages-Jurimetrics, CKAN download of 2026-09-07/08; sha256 verified against mirror CHECKSUMS)"
2026-09-12T19:01:08+00:00,stj_integras_decisoes,textos20231106.zip,https://dadosabertos.web.stj.jus.br/dataset/a2cd85cc-1391-4ebc-aeed-a45dd75a7987/resource/17e47b50-b1f9-4239-8c35-3bc2ad6f0484/download/20231106.zip,data/raw/stj_integras/texts/textos20231106.zip,20ef3dbe104fb5b9a53ea54773e42f58088e8a9a3401e91cda12f0c272e2ca2f,13884553,CC-BY,2022-08-01..2024-08-31,2023-11-07T16:58:03.342801,0,"copied from local mirror (STJ-Moral-Damages-Jurimetrics, CKAN download of 2026-09-07/08; sha256 verified against mirror CHECKSUMS)"
2026-09-12T19:01:08+00:00,stj_integras_decisoes,metadados20231107.json,https://dadosabertos.web.stj.jus.br/dataset/a2cd85cc-1391-4ebc-aeed-a45dd75a7987/resource/2ef4bff9-f0ef-473d-9d96-e97745266ba4/download/metadados20231107.json,data/raw/stj_integras/metadata/metadados20231107.json,bf23a2f2020e97b351d3e8aa87770af7f768c9a80056c6f1d64a2b421c554996,622384,CC-BY,2022-08-01..2024-08-31,2023-11-07T16:58:43.372152,0,"copied from local mirror (STJ-Moral-Damages-Jurimetrics, CKAN download of 2026-09-07/08; sha256 verified against mirror CHECKSUMS)"
2026-09-12T19:01:08+00:00,stj_integras_decisoes,textos20231107.zip,https://dadosabertos.web.stj.jus.br/dataset/a2cd85cc-1391-4ebc-aeed-a45dd75a7987/resource/3418c0a8-802e-4cd0-9b31-d2057b7a7f66/download/20231107.zip,data/raw/stj_integras/texts/textos20231107.zip,5296145bd848dab0a803c29e3f0c408496bfc3ebfcf72642867c0be457e6f7d3,4783577,CC-BY,2022-08-01..2024-08-31,2023-11-07T16:58:30.247632,0,"copied from local mirror (STJ-Moral-Damages-Jurimetrics, CKAN download of 2026-09-07/08; sha256 verified against mirror CHECKSUMS)"
2026-09-12T19:01:08+00:00,stj_integras_decisoes,metadados20231108.json,https://dadosabertos.web.stj.jus.br/dataset/a2cd85cc-1391-4ebc-aeed-a45dd75a7987/resource/e3df959a-a72f-4c64-9956-b8a5a1118733/download/metadados20231108.json,data/raw/stj_integras/metadata/metadados20231108.json,86e037e20ed8fc637456fe2e87b8a8f60790bd075b9899d69131030349ef367a,523935,CC-BY,2022-08-01..2024-08-31,2023-11-10T23:09:57.946912,0,"copied from local mirror (STJ-Moral-Damages-Jurimetrics, CKAN download of 2026-09-07/08; sha256 verified against mirror CHECKSUMS)"
2026-09-12T19:01:08+00:00,stj_integras_decisoes,textos20231108.zip,https://dadosabertos.web.stj.jus.br/dataset/a2cd85cc-1391-4ebc-aeed-a45dd75a7987/resource/1b188158-3ffe-4583-8438-98ee88514f70/download/20231108.zip,data/raw/stj_integras/texts/textos20231108.zip,b5b93344e908123b03d95853515602501db04a6196b20f810b19cc666c723fd6,4520931,CC-BY,2022-08-01..2024-08-31,2023-11-10T23:09:43.189283,0,"copied from local mirror (STJ-Moral-Damages-Jurimetrics, CKAN download of 2026-09-07/08; sha256 verified against mirror CHECKSUMS)"
2026-09-12T19:01:08+00:00,stj_integras_decisoes,metadados20231109.json,https://dadosabertos.web.stj.jus.br/dataset/a2cd85cc-1391-4ebc-aeed-a45dd75a7987/resource/335b7324-449c-4393-82da-103934a2b0d3/download/metadados20231109.json,data/raw/stj_integras/metadata/metadados20231109.json,aae097ef8c1c028bd6abf762eeb10d6c7fc270bcd467f99795d4a7d9492378fc,1014732,CC-BY,2022-08-01..2024-08-31,2023-11-10T23:10:30.464455,0,"copied from local mirror (STJ-Moral-Damages-Jurimetrics, CKAN download of 2026-09-07/08; sha256 verified against mirror CHECKSUMS)"
2026-09-12T19:01:08+00:00,stj_integras_decisoes,textos20231109.zip,https://dadosabertos.web.stj.jus.br/dataset/a2cd85cc-1391-4ebc-aeed-a45dd75a7987/resource/4c8964a6-faa3-4fa2-9e05-e26d9010d5d0/download/20231109.zip,data/raw/stj_integras/texts/textos20231109.zip,fe4c213a41df1f199f582269f6ad961d154a10271d26faba290df25d81ee60da,7311046,CC-BY,2022-08-01..2024-08-31,2023-11-10T23:10:12.632285,0,"copied from local mirror (STJ-Moral-Damages-Jurimetrics, CKAN download of 2026-09-07/08; sha256 verified against mirror CHECKSUMS)"
2026-09-12T19:01:08+00:00,stj_integras_decisoes,metadados20231110.json,https://dadosabertos.web.stj.jus.br/dataset/a2cd85cc-1391-4ebc-aeed-a45dd75a7987/resource/ac8702a1-fb58-4389-babc-47ee15a6f5ef/download/metadados20231110.json,data/raw/stj_integras/metadata/metadados20231110.json,76936669bd8802e8a2dcc6a4c89a651ce2c4a8b674b1b52043365f13c120d34d,587442,CC-BY,2022-08-01..2024-08-31,2023-11-10T23:10:58.741144,0,"copied from local mirror (STJ-Moral-Damages-Jurimetrics, CKAN download of 2026-09-07/08; sha256 verified against mirror CHECKSUMS)"
2026-09-12T19:01:08+00:00,stj_integras_decisoes,textos20231110.zip,https://dadosabertos.web.stj.jus.br/dataset/a2cd85cc-1391-4ebc-aeed-a45dd75a7987/resource/e8947605-d3dd-4f03-9aba-4d11decce2ef/download/20231110.zip,data/raw/stj_integras/texts/textos20231110.zip,6ad67dadbe26b0c1dc07051131ce26099799859d61a661fe3ed3485762287291,5507471,CC-BY,2022-08-01..2024-08-31,2023-11-10T23:10:45.127619,0,"copied from local mirror (STJ-Moral-Damages-Jurimetrics, CKAN download of 2026-09-07/08; sha256 verified against mirror CHECKSUMS)"
2026-09-12T19:01:08+00:00,stj_integras_decisoes,metadados20231113.json,https://dadosabertos.web.stj.jus.br/dataset/a2cd85cc-1391-4ebc-aeed-a45dd75a7987/resource/8773cd9d-b716-478b-bf39-dcb790de5653/download/metadados20231113.json,data/raw/stj_integras/metadata/metadados20231113.json,7ad84aa85638b42f8436de6528b0a071b61c0eaf1d302fa815efbb2e5fe62c42,1161764,CC-BY,2022-08-01..2024-08-31,2023-11-16T18:44:45.145051,0,"copied from local mirror (STJ-Moral-Damages-Jurimetrics, CKAN download of 2026-09-07/08; sha256 verified against mirror CHECKSUMS)"
2026-09-12T19:01:08+00:00,stj_integras_decisoes,textos20231113.zip,https://dadosabertos.web.stj.jus.br/dataset/a2cd85cc-1391-4ebc-aeed-a45dd75a7987/resource/84922e50-c5d5-4382-ad7d-25bfb89face2/download/20231113.zip,data/raw/stj_integras/texts/textos20231113.zip,a890282a91ad05f81c4d08d7e7f732f7e8e9512d7db14dc0bb8f6dd00f4b00bf,8314247,CC-BY,2022-08-01..2024-08-31,2023-11-16T18:44:28.711286,0,"copied from local mirror (STJ-Moral-Damages-Jurimetrics, CKAN download of 2026-09-07/08; sha256 verified against mirror CHECKSUMS)"
2026-09-12T19:01:08+00:00,stj_integras_decisoes,metadados20231114.json,https://dadosabertos.web.stj.jus.br/dataset/a2cd85cc-1391-4ebc-aeed-a45dd75a7987/resource/0058f470-97aa-4b9b-b99b-75a800835e31/download/metadados20231114.json,data/raw/stj_integras/metadata/metadados20231114.json,27ea4dd4d47b4f099eeef357743c010d8143b03d6d3b8d0752447e175669b200,716164,CC-BY,2022-08-01..2024-08-31,2023-11-16T18:45:15.947495,0,"copied from local mirror (STJ-Moral-Damages-Jurimetrics, CKAN download of 2026-09-07/08; sha256 verified against mirror CHECKSUMS)"
2026-09-12T19:01:08+00:00,stj_integras_decisoes,textos20231114.zip,https://dadosabertos.web.stj.jus.br/dataset/a2cd85cc-1391-4ebc-aeed-a45dd75a7987/resource/26e59574-2d94-4a99-96e4-d0a94132e43a/download/20231114.zip,data/raw/stj_integras/texts/textos20231114.zip,58d1daf78f8d67c0792462831f0d308f37d6675baa71b404b2895d90de766881,6180040,CC-BY,2022-08-01..2024-08-31,2023-11-16T18:45:00.178153,0,"copied from local mirror (STJ-Moral-Damages-Jurimetrics, CKAN download of 2026-09-07/08; sha256 verified against mirror CHECKSUMS)"
2026-09-12T19:01:08+00:00,stj_integras_decisoes,metadados20231116.json,https://dadosabertos.web.stj.jus.br/dataset/a2cd85cc-1391-4ebc-aeed-a45dd75a7987/resource/a1caddea-f982-4bd0-ba59-22fad9daa63d/download/metadados20231116.json,data/raw/stj_integras/metadata/metadados20231116.json,32d59eb4947bb028d22d1cad88b5cf8e36280ca9db9a2d847d41c1eb88cf5f8c,1275230,CC-BY,2022-08-01..2024-08-31,2023-11-16T18:45:43.583483,0,"copied from local mirror (STJ-Moral-Damages-Jurimetrics, CKAN download of 2026-09-07/08; sha256 verified against mirror CHECKSUMS)"
2026-09-12T19:01:08+00:00,stj_integras_decisoes,textos20231116.zip,https://dadosabertos.web.stj.jus.br/dataset/a2cd85cc-1391-4ebc-aeed-a45dd75a7987/resource/42253416-40e7-4957-8c9f-448a7f118cba/download/20231116.zip,data/raw/stj_integras/texts/textos20231116.zip,83aa60a9f57deb72fd25d1d8445a293688d50df94d227c221f9473071d28b8e7,5006006,CC-BY,2022-08-01..2024-08-31,2023-11-16T18:45:30.281376,0,"copied from local mirror (STJ-Moral-Damages-Jurimetrics, CKAN download of 2026-09-07/08; sha256 verified against mirror CHECKSUMS)"
2026-09-12T19:01:08+00:00,stj_integras_decisoes,metadados20231117.json,https://dadosabertos.web.stj.jus.br/dataset/a2cd85cc-1391-4ebc-aeed-a45dd75a7987/resource/292a5480-087a-446a-a613-410d968ebe37/download/metadados20231117.json,data/raw/stj_integras/metadata/metadados20231117.json,898de3489b32fb039081e856c756994fd0f9449a649da39e817db31359adde1b,1643332,CC-BY,2022-08-01..2024-08-31,2023-11-21T00:26:54.361133,0,"copied from local mirror (STJ-Moral-Damages-Jurimetrics, CKAN download of 2026-09-07/08; sha256 verified against mirror CHECKSUMS)"
2026-09-12T19:01:08+00:00,stj_integras_decisoes,textos20231117.zip,https://dadosabertos.web.stj.jus.br/dataset/a2cd85cc-1391-4ebc-aeed-a45dd75a7987/resource/d11dfac8-dbee-4727-9356-89b039543542/download/20231117.zip,data/raw/stj_integras/texts/textos20231117.zip,6079c9981f1ebe3f9f36f4c59d8b3102043f23615a373967d380d65235bddf15,13674107,CC-BY,2022-08-01..2024-08-31,2023-11-21T00:26:39.581486,0,"copied from local mirror (STJ-Moral-Damages-Jurimetrics, CKAN download of 2026-09-07/08; sha256 verified against mirror CHECKSUMS)"
2026-09-12T19:01:08+00:00,stj_integras_decisoes,metadados20231120.json,https://dadosabertos.web.stj.jus.br/dataset/a2cd85cc-1391-4ebc-aeed-a45dd75a7987/resource/14d7b546-8cd8-4221-9d96-72347eec9e2e/download/metadados20231120.json,data/raw/stj_integras/metadata/metadados20231120.json,bd26d5590cbc625d4b2f0492e55e872a652da48e56709f44d8e3fae6684acdf0,803759,CC-BY,2022-08-01..2024-08-31,2023-11-21T00:27:45.267962,0,"copied from local mirror (STJ-Moral-Damages-Jurimetrics, CKAN download of 2026-09-07/08; sha256 verified against mirror CHECKSUMS)"
2026-09-12T19:01:08+00:00,stj_integras_decisoes,textos20231120.zip,https://dadosabertos.web.stj.jus.br/dataset/a2cd85cc-1391-4ebc-aeed-a45dd75a7987/resource/5a7a406f-551d-460e-b3f5-cb753b158718/download/20231120.zip,data/raw/stj_integras/texts/textos20231120.zip,a02e3894e87c587979519a1f2c6696d316cc3fbc9bd0df86a71389f8dde03165,5673815,CC-BY,2022-08-01..2024-08-31,2023-11-21T00:27:09.831461,0,"copied from local mirror (STJ-Moral-Damages-Jurimetrics, CKAN download of 2026-09-07/08; sha256 verified against mirror CHECKSUMS)"
2026-09-12T19:01:08+00:00,stj_integras_decisoes,metadados20231121.json,https://dadosabertos.web.stj.jus.br/dataset/a2cd85cc-1391-4ebc-aeed-a45dd75a7987/resource/99fca422-7ba7-4cac-8ce9-48228de1da67/download/metadados20231121.json,data/raw/stj_integras/metadata/metadados20231121.json,2bd9e3f7ba902aed5501996bd1af68b054a7d7b9653b3284ca77745144509041,825095,CC-BY,2022-08-01..2024-08-31,2023-11-21T18:08:00.791424,0,"copied from local mirror (STJ-Moral-Damages-Jurimetrics, CKAN download of 2026-09-07/08; sha256 verified against mirror CHECKSUMS)"
2026-09-12T19:01:08+00:00,stj_integras_decisoes,textos20231121.zip,https://dadosabertos.web.stj.jus.br/dataset/a2cd85cc-1391-4ebc-aeed-a45dd75a7987/resource/2cdf6b50-c9da-415c-9444-a2b66a240074/download/20231121.zip,data/raw/stj_integras/texts/textos20231121.zip,d7133aff321a0d49a8ec69bcdc0b826a155a318de1f68d0d551575385e7ba779,7835173,CC-BY,2022-08-01..2024-08-31,2023-11-21T18:07:38.050274,0,"copied from local mirror (STJ-Moral-Damages-Jurimetrics, CKAN download of 2026-09-07/08; sha256 verified against mirror CHECKSUMS)"
2026-09-12T19:01:08+00:00,stj_integras_decisoes,metadados20231122.json,https://dadosabertos.web.stj.jus.br/dataset/a2cd85cc-1391-4ebc-aeed-a45dd75a7987/resource/e31c353a-f0ed-462a-b03c-d982889ca1ba/download/metadados20231122.json,data/raw/stj_integras/metadata/metadados20231122.json,d1852e2216760a51d2c242ccf4b787516313fe2cd36ff6e5e0a45474ea81b766,809770,CC-BY,2022-08-01..2024-08-31,2023-11-22T20:09:01.136273,0,"copied from local mirror (STJ-Moral-Damages-Jurimetrics, CKAN download of 2026-09-07/08; sha256 verified against mirror CHECKSUMS)"
2026-09-12T19:01:08+00:00,stj_integras_decisoes,textos20231122.zip,https://dadosabertos.web.stj.jus.br/dataset/a2cd85cc-1391-4ebc-aeed-a45dd75a7987/resource/d031bfa1-0e20-4047-ad02-8eea503d4ad6/download/20231122.zip,data/raw/stj_integras/texts/textos20231122.zip,d240d5c938e87d7b7be6e169cf57802b59ae38fbccfe57110563ff4a61b88fa4,7707123,CC-BY,2022-08-01..2024-08-31,2023-11-22T20:08:36.014490,0,"copied from local mirror (STJ-Moral-Damages-Jurimetrics, CKAN download of 2026-09-07/08; sha256 verified against mirror CHECKSUMS)"
2026-09-12T19:01:08+00:00,stj_integras_decisoes,metadados20231124.json,https://dadosabertos.web.stj.jus.br/dataset/a2cd85cc-1391-4ebc-aeed-a45dd75a7987/resource/fcae617d-9fd2-48ee-aaf0-ac9d7f9bd668/download/metadados20231124.json,data/raw/stj_integras/metadata/metadados20231124.json,7208250b37adaee37c5e699eb1839b5027519229d58f753b169f53bfcecffb33,733214,CC-BY,2022-08-01..2024-08-31,2023-12-01T14:13:23.319145,0,"copied from local mirror (STJ-Moral-Damages-Jurimetrics, CKAN download of 2026-09-07/08; sha256 verified against mirror CHECKSUMS)"
2026-09-12T19:01:08+00:00,stj_integras_decisoes,textos20231124.zip,https://dadosabertos.web.stj.jus.br/dataset/a2cd85cc-1391-4ebc-aeed-a45dd75a7987/resource/f34542de-6098-4a18-8360-3d386319c2bd/download/20231124.zip,data/raw/stj_integras/texts/textos20231124.zip,2691836712a62ee43cc197e88680c1d17ac599dd7392bf49b6b5093411c57b04,5933246,CC-BY,2022-08-01..2024-08-31,2023-12-01T14:13:02.541146,0,"copied from local mirror (STJ-Moral-Damages-Jurimetrics, CKAN download of 2026-09-07/08; sha256 verified against mirror CHECKSUMS)"
2026-09-12T19:01:08+00:00,stj_integras_decisoes,metadados20231127.json,https://dadosabertos.web.stj.jus.br/dataset/a2cd85cc-1391-4ebc-aeed-a45dd75a7987/resource/662d800d-87dd-4ecb-8d0c-8093548b478f/download/metadados20231127.json,data/raw/stj_integras/metadata/metadados20231127.json,4ec6e6ce779069fb39b0bff00f976cbd12d4bc92bef484483661926d6e451d45,755286,CC-BY,2022-08-01..2024-08-31,2023-12-01T14:14:05.575717,0,"copied from local mirror (STJ-Moral-Damages-Jurimetrics, CKAN download of 2026-09-07/08; sha256 verified against mirror CHECKSUMS)"
2026-09-12T19:01:08+00:00,stj_integras_decisoes,textos20231127.zip,https://dadosabertos.web.stj.jus.br/dataset/a2cd85cc-1391-4ebc-aeed-a45dd75a7987/resource/267cfe2a-4bf8-4838-bab9-b34b8b720fd1/download/20231127.zip,data/raw/stj_integras/texts/textos20231127.zip,ea5d23f4348b545309cd328a1eaf5654ad5ca107fd224aecaee4064bb4b00571,6278490,CC-BY,2022-08-01..2024-08-31,2023-12-01T14:13:45.103781,0,"copied from local mirror (STJ-Moral-Damages-Jurimetrics, CKAN download of 2026-09-07/08; sha256 verified against mirror CHECKSUMS)"
2026-09-12T19:01:08+00:00,stj_integras_decisoes,metadados20231128.json,https://dadosabertos.web.stj.jus.br/dataset/a2cd85cc-1391-4ebc-aeed-a45dd75a7987/resource/854cfb4d-75ac-4548-a27b-859107cbc4ee/download/metadados20231128.json,data/raw/stj_integras/metadata/metadados20231128.json,ddbf220f587e71a792c770375c9977471c67c54c3abde10815e07bc2667b0586,1293703,CC-BY,2022-08-01..2024-08-31,2023-12-01T14:14:42.942422,0,"copied from local mirror (STJ-Moral-Damages-Jurimetrics, CKAN download of 2026-09-07/08; sha256 verified against mirror CHECKSUMS)"
2026-09-12T19:01:08+00:00,stj_integras_decisoes,textos20231128.zip,https://dadosabertos.web.stj.jus.br/dataset/a2cd85cc-1391-4ebc-aeed-a45dd75a7987/resource/9c557766-3c9a-4a4c-b2d7-5e603005ec3a/download/20231128.zip,data/raw/stj_integras/texts/textos20231128.zip,4ef71cc4e0a2db5bc5d9e54daae136927120bbafbdf8c16a76d05b7ee61c42d6,10716152,CC-BY,2022-08-01..2024-08-31,2023-12-01T14:14:23.033202,0,"copied from local mirror (STJ-Moral-Damages-Jurimetrics, CKAN download of 2026-09-07/08; sha256 verified against mirror CHECKSUMS)"
2026-09-12T19:01:08+00:00,stj_integras_decisoes,metadados20231129.json,https://dadosabertos.web.stj.jus.br/dataset/a2cd85cc-1391-4ebc-aeed-a45dd75a7987/resource/24574c96-322d-4c39-a4c4-3225bc966560/download/metadados20231129.json,data/raw/stj_integras/metadata/metadados20231129.json,23c4764ced15100f1e8225386373295002b2bf4fbbf60ff48cf025e70fcd6476,1167641,CC-BY,2022-08-01..2024-08-31,2023-12-01T14:15:26.709830,0,"copied from local mirror (STJ-Moral-Damages-Jurimetrics, CKAN download of 2026-09-07/08; sha256 verified against mirror CHECKSUMS)"
2026-09-12T19:01:08+00:00,stj_integras_decisoes,textos20231129.zip,https://dadosabertos.web.stj.jus.br/dataset/a2cd85cc-1391-4ebc-aeed-a45dd75a7987/resource/e42792b4-0c94-40e2-939e-8ba47dc4444b/download/20231129.zip,data/raw/stj_integras/texts/textos20231129.zip,a22900cb2f93bee4643ad0d40dc0af346614a05bfde1f7567c814bbb16e4ec72,11068348,CC-BY,2022-08-01..2024-08-31,2023-12-01T14:15:02.371893,0,"copied from local mirror (STJ-Moral-Damages-Jurimetrics, CKAN download of 2026-09-07/08; sha256 verified against mirror CHECKSUMS)"
2026-09-12T19:01:08+00:00,stj_integras_decisoes,metadados20231130.json,https://dadosabertos.web.stj.jus.br/dataset/a2cd85cc-1391-4ebc-aeed-a45dd75a7987/resource/bbaa16b0-4565-4612-87de-e73fae2f3df2/download/metadados20231130.json,data/raw/stj_integras/metadata/metadados20231130.json,ab91c6a0043b6a2e68af89a7a71dfba3bd2853f24c1cdeae67560ddd32c2214f,1444860,CC-BY,2022-08-01..2024-08-31,2023-12-01T14:16:03.776080,0,"copied from local mirror (STJ-Moral-Damages-Jurimetrics, CKAN download of 2026-09-07/08; sha256 verified against mirror CHECKSUMS)"
2026-09-12T19:01:08+00:00,stj_integras_decisoes,textos20231130.zip,https://dadosabertos.web.stj.jus.br/dataset/a2cd85cc-1391-4ebc-aeed-a45dd75a7987/resource/8620cb9a-3114-4c00-9c1d-f7333b2f8a02/download/20231130.zip,data/raw/stj_integras/texts/textos20231130.zip,f785a7cd0016a72214eaf794bae8fcdbed77547c3c0e52cc7d12a0012a1ff565,14412488,CC-BY,2022-08-01..2024-08-31,2023-12-01T14:15:45.270721,0,"copied from local mirror (STJ-Moral-Damages-Jurimetrics, CKAN download of 2026-09-07/08; sha256 verified against mirror CHECKSUMS)"
2026-09-12T19:01:08+00:00,stj_integras_decisoes,metadados20231201.json,https://dadosabertos.web.stj.jus.br/dataset/a2cd85cc-1391-4ebc-aeed-a45dd75a7987/resource/266d9da9-c690-44da-93c7-ebc0e7cc8040/download/metadados20231201.json,data/raw/stj_integras/metadata/metadados20231201.json,83ee54c3cf69c72a4356a8c4ff30f229ffc0a0b189f9ef5fb15b7f95fab535fe,2490568,CC-BY,2022-08-01..2024-08-31,2023-12-10T20:09:42.274537,0,"copied from local mirror (STJ-Moral-Damages-Jurimetrics, CKAN download of 2026-09-07/08; sha256 verified against mirror CHECKSUMS)"
2026-09-12T19:01:08+00:00,stj_integras_decisoes,textos20231201.zip,https://dadosabertos.web.stj.jus.br/dataset/a2cd85cc-1391-4ebc-aeed-a45dd75a7987/resource/410c7ae6-5aa3-4bc9-91a3-2b1968bef8f0/download/20231201.zip,data/raw/stj_integras/texts/textos20231201.zip,2f8acd2e78d2d701d0940418235de66fa03a223c0eeb2a5859bf1e581fa36286,22375445,CC-BY,2022-08-01..2024-08-31,2023-12-10T20:09:26.110480,0,"copied from local mirror (STJ-Moral-Damages-Jurimetrics, CKAN download of 2026-09-07/08; sha256 verified against mirror CHECKSUMS)"
2026-09-12T19:01:08+00:00,stj_integras_decisoes,metadados20231204.json,https://dadosabertos.web.stj.jus.br/dataset/a2cd85cc-1391-4ebc-aeed-a45dd75a7987/resource/37d86546-0924-4bc4-9172-c07db56c34f4/download/metadados20231204.json,data/raw/stj_integras/metadata/metadados20231204.json,90e00a52eb2624259f1e26170cab5b1db1f03ca8281f3ecf946a999ad3efff46,1424166,CC-BY,2022-08-01..2024-08-31,2023-12-10T20:10:24.374079,0,"copied from local mirror (STJ-Moral-Damages-Jurimetrics, CKAN download of 2026-09-07/08; sha256 verified against mirror CHECKSUMS)"
2026-09-12T19:01:08+00:00,stj_integras_decisoes,textos20231204.zip,https://dadosabertos.web.stj.jus.br/dataset/a2cd85cc-1391-4ebc-aeed-a45dd75a7987/resource/70cacc0f-96d5-4a93-9484-811fcacdd2e6/download/20231204.zip,data/raw/stj_integras/texts/textos20231204.zip,62babb9a38864f1adc1865a9696fdb95a20b2b9e336485fd6e40c886f7d9ac47,11982204,CC-BY,2022-08-01..2024-08-31,2023-12-10T20:09:59.689810,0,"copied from local mirror (STJ-Moral-Damages-Jurimetrics, CKAN download of 2026-09-07/08; sha256 verified against mirror CHECKSUMS)"
2026-09-12T19:01:08+00:00,stj_integras_decisoes,metadados20231205.json,https://dadosabertos.web.stj.jus.br/dataset/a2cd85cc-1391-4ebc-aeed-a45dd75a7987/resource/a63e978e-b035-4fcf-a1b8-b1c87f8e816e/download/metadados20231205.json,data/raw/stj_integras/metadata/metadados20231205.json,e37146a9d814de2fe00ea5a8215a8815df448b1c5708d66445faa7d1bd9571d8,967734,CC-BY,2022-08-01..2024-08-31,2023-12-10T20:10:58.944918,0,"copied from local mirror (STJ-Moral-Damages-Jurimetrics, CKAN download of 2026-09-07/08; sha256 verified against mirror CHECKSUMS)"
2026-09-12T19:01:08+00:00,stj_integras_decisoes,textos20231205.zip,https://dadosabertos.web.stj.jus.br/dataset/a2cd85cc-1391-4ebc-aeed-a45dd75a7987/resource/bc4d5d04-c0d1-48f7-bcdd-930371c9dafc/download/20231205.zip,data/raw/stj_integras/texts/textos20231205.zip,79b884e74bc0d6b0effb739c0b0671e7abe96954b1ceb07788b4d756d34f914d,7941951,CC-BY,2022-08-01..2024-08-31,2023-12-10T20:10:41.225666,0,"copied from local mirror (STJ-Moral-Damages-Jurimetrics, CKAN download of 2026-09-07/08; sha256 verified against mirror CHECKSUMS)"
2026-09-12T19:01:08+00:00,stj_integras_decisoes,metadados20231206.json,https://dadosabertos.web.stj.jus.br/dataset/a2cd85cc-1391-4ebc-aeed-a45dd75a7987/resource/ec42e4b2-4230-456c-9a5a-81b3e95e56a6/download/metadados20231206.json,data/raw/stj_integras/metadata/metadados20231206.json,55f5641bfbcc04cd3c6e5b53718be9c14c0139bb3aed521bf41956fc0c254f64,864693,CC-BY,2022-08-01..2024-08-31,2023-12-10T20:11:33.171697,0,"copied from local mirror (STJ-Moral-Damages-Jurimetrics, CKAN download of 2026-09-07/08; sha256 verified against mirror CHECKSUMS)"
2026-09-12T19:01:08+00:00,stj_integras_decisoes,textos20231206.zip,https://dadosabertos.web.stj.jus.br/dataset/a2cd85cc-1391-4ebc-aeed-a45dd75a7987/resource/d6b35e42-4b9f-4063-b629-697165e93eee/download/20231206.zip,data/raw/stj_integras/texts/textos20231206.zip,63565835c968dfc2b13b55c78757c8124a463015e1d1cd1312896a18646ec033,8333960,CC-BY,2022-08-01..2024-08-31,2023-12-10T20:11:15.737440,0,"copied from local mirror (STJ-Moral-Damages-Jurimetrics, CKAN download of 2026-09-07/08; sha256 verified against mirror CHECKSUMS)"
2026-09-12T19:01:08+00:00,stj_integras_decisoes,metadados20231207.json,https://dadosabertos.web.stj.jus.br/dataset/a2cd85cc-1391-4ebc-aeed-a45dd75a7987/resource/15a794ef-9058-4081-9fee-e112beadcb58/download/metadados20231207.json,data/raw/stj_integras/metadata/metadados20231207.json,2c57c0b0c1a6f0a892463f97a701812f36648b6ef994af7980778ffeb872905f,1931302,CC-BY,2022-08-01..2024-08-31,2023-12-10T20:12:15.216619,0,"copied from local mirror (STJ-Moral-Damages-Jurimetrics, CKAN download of 2026-09-07/08; sha256 verified against mirror CHECKSUMS)"
2026-09-12T19:01:08+00:00,stj_integras_decisoes,textos20231207.zip,https://dadosabertos.web.stj.jus.br/dataset/a2cd85cc-1391-4ebc-aeed-a45dd75a7987/resource/d21ca5c3-aadf-4e5e-9b44-d15c586a1a2d/download/20231207.zip,data/raw/stj_integras/texts/textos20231207.zip,9fabe21b772c3c1388657ae92cfdb419ea1840fb5f31aea195c9ed1e81ce819c,15673386,CC-BY,2022-08-01..2024-08-31,2023-12-10T20:11:52.590323,0,"copied from local mirror (STJ-Moral-Damages-Jurimetrics, CKAN download of 2026-09-07/08; sha256 verified against mirror CHECKSUMS)"
2026-09-12T19:01:08+00:00,stj_integras_decisoes,metadados20231211.json,https://dadosabertos.web.stj.jus.br/dataset/a2cd85cc-1391-4ebc-aeed-a45dd75a7987/resource/0c35087e-4e19-44c0-98fe-5c2d486ebea2/download/metadados20231211.json,data/raw/stj_integras/metadata/metadados20231211.json,dbc7315da5c829a7424de1f0d593aaf3d95737e5a691357c5a1fb50410e62311,787445,CC-BY,2022-08-01..2024-08-31,2023-12-11T19:46:20.119911,0,"copied from local mirror (STJ-Moral-Damages-Jurimetrics, CKAN download of 2026-09-07/08; sha256 verified against mirror CHECKSUMS)"
2026-09-12T19:01:08+00:00,stj_integras_decisoes,textos20231211.zip,https://dadosabertos.web.stj.jus.br/dataset/a2cd85cc-1391-4ebc-aeed-a45dd75a7987/resource/9ea79ec2-ed28-4842-b6c7-7f0bd507c32c/download/20231211.zip,data/raw/stj_integras/texts/textos20231211.zip,e74e856cc234add8d54912ba4cef746cedb68422f719c8c6a6a079e72b0c2653,8246456,CC-BY,2022-08-01..2024-08-31,2023-12-11T19:46:05.575680,0,"copied from local mirror (STJ-Moral-Damages-Jurimetrics, CKAN download of 2026-09-07/08; sha256 verified against mirror CHECKSUMS)"
2026-09-12T19:01:08+00:00,stj_integras_decisoes,metadados20231212.json,https://dadosabertos.web.stj.jus.br/dataset/a2cd85cc-1391-4ebc-aeed-a45dd75a7987/resource/a0a242c5-11ee-4cc8-9433-0b51c7faf4e3/download/metadados20231212.json,data/raw/stj_integras/metadata/metadados20231212.json,9aa063ee5a7b0f666b4f56a3ccb0928d76e5c70ead1ed0c96b4543dba5dd61c5,1187737,CC-BY,2022-08-01..2024-08-31,2023-12-12T17:30:57.247903,0,"copied from local mirror (STJ-Moral-Damages-Jurimetrics, CKAN download of 2026-09-07/08; sha256 verified against mirror CHECKSUMS)"
2026-09-12T19:01:08+00:00,stj_integras_decisoes,textos20231212.zip,https://dadosabertos.web.stj.jus.br/dataset/a2cd85cc-1391-4ebc-aeed-a45dd75a7987/resource/bac351e5-5b61-41b0-9141-06ced660a16a/download/20231212.zip,data/raw/stj_integras/texts/textos20231212.zip,5591281c7a21d09419bc59525efe84a6f3d18fe38885d14e6201f28c352ba953,2490957,CC-BY,2022-08-01..2024-08-31,2023-12-12T17:30:41.736859,0,"copied from local mirror (STJ-Moral-Damages-Jurimetrics, CKAN download of 2026-09-07/08; sha256 verified against mirror CHECKSUMS)"
2026-09-12T19:01:08+00:00,stj_integras_decisoes,metadados20231213.json,https://dadosabertos.web.stj.jus.br/dataset/a2cd85cc-1391-4ebc-aeed-a45dd75a7987/resource/7a5fa2f5-bcfa-46c6-9730-c11a12370958/download/metadados20231213.json,data/raw/stj_integras/metadata/metadados20231213.json,7bb74bb3bc141bafcc05953e517e7210164f0c9b464eca87e53f3ef34973abbf,829434,CC-BY,2022-08-01..2024-08-31,2023-12-16T20:35:04.559039,0,"copied from local mirror (STJ-Moral-Damages-Jurimetrics, CKAN download of 2026-09-07/08; sha256 verified against mirror CHECKSUMS)"
2026-09-12T19:01:08+00:00,stj_integras_decisoes,textos20231213.zip,https://dadosabertos.web.stj.jus.br/dataset/a2cd85cc-1391-4ebc-aeed-a45dd75a7987/resource/940dbaaa-3cd6-4876-b500-21bfe4eddfca/download/20231213.zip,data/raw/stj_integras/texts/textos20231213.zip,77c9d00b7d235cdf592316433aca98184488922557cf6da5768cb41967e5beae,6236802,CC-BY,2022-08-01..2024-08-31,2023-12-16T20:34:45.393229,0,"copied from local mirror (STJ-Moral-Damages-Jurimetrics, CKAN download of 2026-09-07/08; sha256 verified against mirror CHECKSUMS)"
2026-09-12T19:01:08+00:00,stj_integras_decisoes,metadados20231214.json,https://dadosabertos.web.stj.jus.br/dataset/a2cd85cc-1391-4ebc-aeed-a45dd75a7987/resource/c9d686d6-a53e-4ee3-94ed-735d5c045b07/download/metadados20231214.json,data/raw/stj_integras/metadata/metadados20231214.json,dafd948875e5c75f7788a3f670328e0e46f661a7e9cf99bd4a92da0602f5af1d,980078,CC-BY,2022-08-01..2024-08-31,2023-12-16T20:35:33.722187,0,"copied from local mirror (STJ-Moral-Damages-Jurimetrics, CKAN download of 2026-09-07/08; sha256 verified against mirror CHECKSUMS)"
2026-09-12T19:01:08+00:00,stj_integras_decisoes,textos20231214.zip,https://dadosabertos.web.stj.jus.br/dataset/a2cd85cc-1391-4ebc-aeed-a45dd75a7987/resource/d0cd0aba-7486-46f4-94e2-550ea610658e/download/20231214.zip,data/raw/stj_integras/texts/textos20231214.zip,c4ee13e025ce5476406468fef0ce31b17a9849c855bda81ba691b618f11384ca,6926840,CC-BY,2022-08-01..2024-08-31,2023-12-16T20:35:19.406787,0,"copied from local mirror (STJ-Moral-Damages-Jurimetrics, CKAN download of 2026-09-07/08; sha256 verified against mirror CHECKSUMS)"
2026-09-12T19:01:08+00:00,stj_integras_decisoes,metadados20231215.json,https://dadosabertos.web.stj.jus.br/dataset/a2cd85cc-1391-4ebc-aeed-a45dd75a7987/resource/c8e3b54e-fe09-477c-b9e0-e4ba9649a110/download/metadados20231215.json,data/raw/stj_integras/metadata/metadados20231215.json,2d4156809bcb9a4de7389a41e5765bd3d8ea8097b5397054743fecd640d5181d,2261860,CC-BY,2022-08-01..2024-08-31,2023-12-16T20:36:02.795650,0,"copied from local mirror (STJ-Moral-Damages-Jurimetrics, CKAN download of 2026-09-07/08; sha256 verified against mirror CHECKSUMS)"
2026-09-12T19:01:08+00:00,stj_integras_decisoes,textos20231215.zip,https://dadosabertos.web.stj.jus.br/dataset/a2cd85cc-1391-4ebc-aeed-a45dd75a7987/resource/c014d006-8e71-4140-90cf-e0d44a5b0009/download/20231215.zip,data/raw/stj_integras/texts/textos20231215.zip,cc777f329a9ca10300f94ce3bda757393014a04886b7b2f5f5d824f93ea74bf4,19707378,CC-BY,2022-08-01..2024-08-31,2023-12-16T20:35:48.083402,0,"copied from local mirror (STJ-Moral-Damages-Jurimetrics, CKAN download of 2026-09-07/08; sha256 verified against mirror CHECKSUMS)"
2026-09-12T19:01:08+00:00,stj_integras_decisoes,metadados20231218.json,https://dadosabertos.web.stj.jus.br/dataset/a2cd85cc-1391-4ebc-aeed-a45dd75a7987/resource/14ebcbc6-5fee-4996-a813-615cc0270bd5/download/metadados20231218.json,data/raw/stj_integras/metadata/metadados20231218.json,2334974c7e1989eb35cef84d5db0ea37eb51a42bee3e67a06718b8e31e3e3b50,1433094,CC-BY,2022-08-01..2024-08-31,2023-12-19T21:14:35.611758,0,"copied from local mirror (STJ-Moral-Damages-Jurimetrics, CKAN download of 2026-09-07/08; sha256 verified against mirror CHECKSUMS)"
2026-09-12T19:01:08+00:00,stj_integras_decisoes,textos20231218.zip,https://dadosabertos.web.stj.jus.br/dataset/a2cd85cc-1391-4ebc-aeed-a45dd75a7987/resource/e252cc42-88c9-4b9f-b034-0eb1a1b9b471/download/20231218.zip,data/raw/stj_integras/texts/textos20231218.zip,540c4c28e4e935d74f9933920b934f7444e84f0a5087d15372098e290f859e72,15225891,CC-BY,2022-08-01..2024-08-31,2023-12-19T21:14:05.637477,0,"copied from local mirror (STJ-Moral-Damages-Jurimetrics, CKAN download of 2026-09-07/08; sha256 verified against mirror CHECKSUMS)"
2026-09-12T19:01:08+00:00,stj_integras_decisoes,metadados20231219.json,https://dadosabertos.web.stj.jus.br/dataset/a2cd85cc-1391-4ebc-aeed-a45dd75a7987/resource/0f310ffd-6eb2-475e-9838-2a37c0f31164/download/metadados20231219.json,data/raw/stj_integras/metadata/metadados20231219.json,63d6246dda603017fdf2311abf2a25b19f324a11271f7c0b5b4430ada75b16c8,1493632,CC-BY,2022-08-01..2024-08-31,2023-12-19T21:15:18.472172,0,"copied from local mirror (STJ-Moral-Damages-Jurimetrics, CKAN download of 2026-09-07/08; sha256 verified against mirror CHECKSUMS)"
2026-09-12T19:01:08+00:00,stj_integras_decisoes,textos20231219.zip,https://dadosabertos.web.stj.jus.br/dataset/a2cd85cc-1391-4ebc-aeed-a45dd75a7987/resource/999ee2ea-19ca-47d2-8c52-a0dee4aeafde/download/20231219.zip,data/raw/stj_integras/texts/textos20231219.zip,266a2be044b662d29557fc853f7f83580dfa64701df9b8b072749d81cfed9d96,13075316,CC-BY,2022-08-01..2024-08-31,2023-12-19T21:15:00.608197,0,"copied from local mirror (STJ-Moral-Damages-Jurimetrics, CKAN download of 2026-09-07/08; sha256 verified against mirror CHECKSUMS)"
2026-09-12T19:01:08+00:00,stj_integras_decisoes,metadados20231220.json,https://dadosabertos.web.stj.jus.br/dataset/a2cd85cc-1391-4ebc-aeed-a45dd75a7987/resource/c6939bc4-0a00-4606-8c37-799367683007/download/metadados20231220.json,data/raw/stj_integras/metadata/metadados20231220.json,6d0040ed9c0f8ff25ad6f2a865458d957a8ab6da124657716aaab9cf10647475,2696194,CC-BY,2022-08-01..2024-08-31,2023-12-20T21:59:48.478612,0,"copied from local mirror (STJ-Moral-Damages-Jurimetrics, CKAN download of 2026-09-07/08; sha256 verified against mirror CHECKSUMS)"
2026-09-12T19:01:08+00:00,stj_integras_decisoes,textos20231220.zip,https://dadosabertos.web.stj.jus.br/dataset/a2cd85cc-1391-4ebc-aeed-a45dd75a7987/resource/d5cd0061-f2fc-4500-9de9-de3e47ae9dc5/download/20231220.zip,data/raw/stj_integras/texts/textos20231220.zip,3ba463a2ec79f97837e80e534146e489a599649fc88205dc44bdd085fbdfb063,24963354,CC-BY,2022-08-01..2024-08-31,2023-12-20T21:59:23.199438,0,"copied from local mirror (STJ-Moral-Damages-Jurimetrics, CKAN download of 2026-09-07/08; sha256 verified against mirror CHECKSUMS)"
2026-09-12T19:01:08+00:00,stj_integras_decisoes,metadados20231221.json,https://dadosabertos.web.stj.jus.br/dataset/a2cd85cc-1391-4ebc-aeed-a45dd75a7987/resource/b022cd76-6d20-44f0-8184-4b5ab73d2c33/download/metadados20231221.json,data/raw/stj_integras/metadata/metadados20231221.json,e007d4943bbc43b925a031c6d3544d3f1d64150b5066c97629b5d33d54821b44,1329708,CC-BY,2022-08-01..2024-08-31,2023-12-21T19:16:37.273805,0,"copied from local mirror (STJ-Moral-Damages-Jurimetrics, CKAN download of 2026-09-07/08; sha256 verified against mirror CHECKSUMS)"
2026-09-12T19:01:08+00:00,stj_integras_decisoes,textos20231221.zip,https://dadosabertos.web.stj.jus.br/dataset/a2cd85cc-1391-4ebc-aeed-a45dd75a7987/resource/213a444c-0d87-4480-9712-963340a3bb8f/download/20231221.zip,data/raw/stj_integras/texts/textos20231221.zip,f44f36a3189686ca6ad67e63c657ea865e17a967a692201df70f46d19d6b9a4e,12708552,CC-BY,2022-08-01..2024-08-31,2023-12-21T19:16:22.756345,0,"copied from local mirror (STJ-Moral-Damages-Jurimetrics, CKAN download of 2026-09-07/08; sha256 verified against mirror CHECKSUMS)"
2026-09-12T19:01:08+00:00,stj_integras_decisoes,metadados20240110.json,https://dadosabertos.web.stj.jus.br/dataset/a2cd85cc-1391-4ebc-aeed-a45dd75a7987/resource/90bb69f9-3d52-43f1-b7a7-e2c138ebf559/download/metadados20240110.json,data/raw/stj_integras/metadata/metadados20240110.json,7522690c86a2ef1e24f551bbc87b857fbdc476a8dd890bc29adf2525bd29832f,488573,CC-BY,2022-08-01..2024-08-31,2024-01-15T18:25:38.076837,0,"copied from local mirror (STJ-Moral-Damages-Jurimetrics, CKAN download of 2026-09-07/08; sha256 verified against mirror CHECKSUMS)"
2026-09-12T19:01:08+00:00,stj_integras_decisoes,textos20240110.zip,https://dadosabertos.web.stj.jus.br/dataset/a2cd85cc-1391-4ebc-aeed-a45dd75a7987/resource/6f502982-59d1-498d-aebb-26f1ae4a3937/download/20240110.zip,data/raw/stj_integras/texts/textos20240110.zip,54fb7f5f7f586dc0a3e74b636388447f8f399b1f0e5245decdfd06474f59b7e5,160970,CC-BY,2022-08-01..2024-08-31,2024-01-15T18:25:25.341540,0,"copied from local mirror (STJ-Moral-Damages-Jurimetrics, CKAN download of 2026-09-07/08; sha256 verified against mirror CHECKSUMS)"
2026-09-12T19:01:08+00:00,stj_integras_decisoes,metadados20240111.json,https://dadosabertos.web.stj.jus.br/dataset/a2cd85cc-1391-4ebc-aeed-a45dd75a7987/resource/f3499385-35e2-42a1-b430-0c1973f0be23/download/metadados20240111.json,data/raw/stj_integras/metadata/metadados20240111.json,c414c45ee485149ada64a6182dc65b30d0f6197cdd879fcbcc3e1ca2d406b316,123424,CC-BY,2022-08-01..2024-08-31,2024-01-15T18:26:02.874054,0,"copied from local mirror (STJ-Moral-Damages-Jurimetrics, CKAN download of 2026-09-07/08; sha256 verified against mirror CHECKSUMS)"
2026-09-12T19:01:08+00:00,stj_integras_decisoes,textos20240111.zip,https://dadosabertos.web.stj.jus.br/dataset/a2cd85cc-1391-4ebc-aeed-a45dd75a7987/resource/4f93b8fa-b7b5-48f3-be3f-3b2305b7dacb/download/20240111.zip,data/raw/stj_integras/texts/textos20240111.zip,d9dd2db88fe61f377d6cfb630b550d0d4e9be0aef09e6ef9b75dffc735af9491,108585,CC-BY,2022-08-01..2024-08-31,2024-01-15T18:25:50.006657,0,"copied from local mirror (STJ-Moral-Damages-Jurimetrics, CKAN download of 2026-09-07/08; sha256 verified against mirror CHECKSUMS)"
2026-09-12T19:01:08+00:00,stj_integras_decisoes,metadados20240112.json,https://dadosabertos.web.stj.jus.br/dataset/a2cd85cc-1391-4ebc-aeed-a45dd75a7987/resource/7e10c179-9681-4c93-97d1-345f40064c3e/download/metadados20240112.json,data/raw/stj_integras/metadata/metadados20240112.json,8dadc8bf37466c8e35dccc380a7421eb97ce032b4a3143211073047348e3587d,71453,CC-BY,2022-08-01..2024-08-31,2024-01-15T18:26:28.778845,0,"copied from local mirror (STJ-Moral-Damages-Jurimetrics, CKAN download of 2026-09-07/08; sha256 verified against mirror CHECKSUMS)"
2026-09-12T19:01:08+00:00,stj_integras_decisoes,textos20240112.zip,https://dadosabertos.web.stj.jus.br/dataset/a2cd85cc-1391-4ebc-aeed-a45dd75a7987/resource/0a08c4b5-3748-469c-bc7c-edc369c17d7f/download/20240112.zip,data/raw/stj_integras/texts/textos20240112.zip,232233a2f71ac51b4526672cffb1ab3904e54e60e7f975c392327515f2caa59a,33729,CC-BY,2022-08-01..2024-08-31,2024-01-15T18:26:15.152962,0,"copied from local mirror (STJ-Moral-Damages-Jurimetrics, CKAN download of 2026-09-07/08; sha256 verified against mirror CHECKSUMS)"
2026-09-12T19:01:08+00:00,stj_integras_decisoes,metadados20240115.json,https://dadosabertos.web.stj.jus.br/dataset/a2cd85cc-1391-4ebc-aeed-a45dd75a7987/resource/a80a18d5-3a69-4472-a546-15e7fa9d26ea/download/metadados20240115.json,data/raw/stj_integras/metadata/metadados20240115.json,2c9144ed407674824fb99900056b22602bc818b57456d49677cb89ab7c5ef80a,129874,CC-BY,2022-08-01..2024-08-31,2024-01-15T18:26:53.089231,0,"copied from local mirror (STJ-Moral-Damages-Jurimetrics, CKAN download of 2026-09-07/08; sha256 verified against mirror CHECKSUMS)"
2026-09-12T19:01:08+00:00,stj_integras_decisoes,textos20240115.zip,https://dadosabertos.web.stj.jus.br/dataset/a2cd85cc-1391-4ebc-aeed-a45dd75a7987/resource/35caad87-9e45-4879-b318-84bd2a61661b/download/20240115.zip,data/raw/stj_integras/texts/textos20240115.zip,4393526bbd901513cc3e08f03c07fe07e7e6d9ecdb49afe12dfc34b3373adc17,44497,CC-BY,2022-08-01..2024-08-31,2024-01-15T18:26:40.760706,0,"copied from local mirror (STJ-Moral-Damages-Jurimetrics, CKAN download of 2026-09-07/08; sha256 verified against mirror CHECKSUMS)"
2026-09-12T19:01:08+00:00,stj_integras_decisoes,metadados20240116.json,https://dadosabertos.web.stj.jus.br/dataset/a2cd85cc-1391-4ebc-aeed-a45dd75a7987/resource/46070a7a-ad20-4a0c-8081-10728f24939b/download/metadados20240116.json,data/raw/stj_integras/metadata/metadados20240116.json,20d5b386470f2c1c392e9d481cdd291f4f42a55f935a4432e4d28fcf1c992a06,153734,CC-BY,2022-08-01..2024-08-31,2025-03-11T20:40:23.432984,0,"copied from local mirror (STJ-Moral-Damages-Jurimetrics, CKAN download of 2026-09-07/08; sha256 verified against mirror CHECKSUMS)"
2026-09-12T19:01:08+00:00,stj_integras_decisoes,textos20240116.zip,https://dadosabertos.web.stj.jus.br/dataset/a2cd85cc-1391-4ebc-aeed-a45dd75a7987/resource/2f7bc1d8-e41c-4f93-b004-c9be4ba95ab0/download/20240116.zip,data/raw/stj_integras/texts/textos20240116.zip,4e3548524f4d69722edaaced3fdc9a8e698ab14987904ab515dfcac6c50e9deb,873109,CC-BY,2022-08-01..2024-08-31,2025-03-11T20:40:01.232816,0,"copied from local mirror (STJ-Moral-Damages-Jurimetrics, CKAN download of 2026-09-07/08; sha256 verified against mirror CHECKSUMS)"
2026-09-12T19:01:08+00:00,stj_integras_decisoes,metadados20240117.json,https://dadosabertos.web.stj.jus.br/dataset/a2cd85cc-1391-4ebc-aeed-a45dd75a7987/resource/b97a34f0-a48c-4f7b-a54c-6c192960a330/download/metadados20240117.json,data/raw/stj_integras/metadata/metadados20240117.json,3cd12a1d85fa3890a2f60c70e2ec66d4ebd94e4363f00dbb8ca16de2bf08a837,26983,CC-BY,2022-08-01..2024-08-31,2025-03-12T23:50:43.409510,0,"copied from local mirror (STJ-Moral-Damages-Jurimetrics, CKAN download of 2026-09-07/08; sha256 verified against mirror CHECKSUMS)"
2026-09-12T19:01:09+00:00,stj_integras_decisoes,textos20240117.zip,https://dadosabertos.web.stj.jus.br/dataset/a2cd85cc-1391-4ebc-aeed-a45dd75a7987/resource/2e50d218-ec47-404b-99f1-08e0879cf843/download/20240117.zip,data/raw/stj_integras/texts/textos20240117.zip,b371f300b7d458f78e0fd90b9d6169c8081b5eaee12b461a8e0ffa6bb6f2758a,178805,CC-BY,2022-08-01..2024-08-31,2025-03-12T23:50:21.200285,0,"copied from local mirror (STJ-Moral-Damages-Jurimetrics, CKAN download of 2026-09-07/08; sha256 verified against mirror CHECKSUMS)"
2026-09-12T19:01:09+00:00,stj_integras_decisoes,metadados20240118.json,https://dadosabertos.web.stj.jus.br/dataset/a2cd85cc-1391-4ebc-aeed-a45dd75a7987/resource/c9b9f22e-07c6-494b-ab6f-56822a93895e/download/metadados20240118.json,data/raw/stj_integras/metadata/metadados20240118.json,a4b7e36cd0db91e090e9a363bc23c3e68da648ca584444d321e94aa81ef1d8ac,94569,CC-BY,2022-08-01..2024-08-31,2025-03-12T23:51:33.309846,0,"copied from local mirror (STJ-Moral-Damages-Jurimetrics, CKAN download of 2026-09-07/08; sha256 verified against mirror CHECKSUMS)"
2026-09-12T19:01:09+00:00,stj_integras_decisoes,textos20240118.zip,https://dadosabertos.web.stj.jus.br/dataset/a2cd85cc-1391-4ebc-aeed-a45dd75a7987/resource/cb5adb73-cd62-4ae5-a835-2fe8c2d17058/download/20240118.zip,data/raw/stj_integras/texts/textos20240118.zip,555914cbd3e2da6f61e559b31302adb5bcc44e637005ec7729b1c7412b87aa36,855661,CC-BY,2022-08-01..2024-08-31,2025-03-12T23:51:16.412549,0,"copied from local mirror (STJ-Moral-Damages-Jurimetrics, CKAN download of 2026-09-07/08; sha256 verified against mirror CHECKSUMS)"
2026-09-12T19:01:09+00:00,stj_integras_decisoes,metadados20240119.json,https://dadosabertos.web.stj.jus.br/dataset/a2cd85cc-1391-4ebc-aeed-a45dd75a7987/resource/f0a91fd2-fa00-442e-a4c2-d35bd4070a6a/download/metadados20240119.json,data/raw/stj_integras/metadata/metadados20240119.json,c2042bd8a3f2db2e58c65dccbaeaf64a02fa0913747e2c540ce15877446892fe,40738,CC-BY,2022-08-01..2024-08-31,2025-03-12T23:52:48.384148,0,"copied from local mirror (STJ-Moral-Damages-Jurimetrics, CKAN download of 2026-09-07/08; sha256 verified against mirror CHECKSUMS)"
2026-09-12T19:01:09+00:00,stj_integras_decisoes,textos20240119.zip,https://dadosabertos.web.stj.jus.br/dataset/a2cd85cc-1391-4ebc-aeed-a45dd75a7987/resource/3ff3ab8b-3c54-4cff-84e8-b7205ae41e2a/download/20240119.zip,data/raw/stj_integras/texts/textos20240119.zip,1f66686129b1fa28913145118207f49186d8b993c9e45ab0a90958e05693e32a,251225,CC-BY,2022-08-01..2024-08-31,2025-03-12T23:52:29.362237,0,"copied from local mirror (STJ-Moral-Damages-Jurimetrics, CKAN download of 2026-09-07/08; sha256 verified against mirror CHECKSUMS)"
2026-09-12T19:01:09+00:00,stj_integras_decisoes,metadados20240122.json,https://dadosabertos.web.stj.jus.br/dataset/a2cd85cc-1391-4ebc-aeed-a45dd75a7987/resource/d8f1c21e-12e7-4a79-9305-d5d59bd178e4/download/metadados20240122.json,data/raw/stj_integras/metadata/metadados20240122.json,214c631aac5c7366fc545b9c957d6eba0da5a4135935fac9704ede4c9f357298,77020,CC-BY,2022-08-01..2024-08-31,2025-03-13T17:36:23.354361,0,"copied from local mirror (STJ-Moral-Damages-Jurimetrics, CKAN download of 2026-09-07/08; sha256 verified against mirror CHECKSUMS)"
2026-09-12T19:01:09+00:00,stj_integras_decisoes,textos20240122.zip,https://dadosabertos.web.stj.jus.br/dataset/a2cd85cc-1391-4ebc-aeed-a45dd75a7987/resource/bc0eb0f2-f082-4325-a02a-6cc7b01f5bb6/download/20240122.zip,data/raw/stj_integras/texts/textos20240122.zip,f2534f07a1387e5fbea9042f279b47f7fc737bd13577c12bf02215dd803f1b71,468412,CC-BY,2022-08-01..2024-08-31,2025-03-13T17:36:01.478656,0,"copied from local mirror (STJ-Moral-Damages-Jurimetrics, CKAN download of 2026-09-07/08; sha256 verified against mirror CHECKSUMS)"
2026-09-12T19:01:09+00:00,stj_integras_decisoes,metadados20240123.json,https://dadosabertos.web.stj.jus.br/dataset/a2cd85cc-1391-4ebc-aeed-a45dd75a7987/resource/e4a6fc03-c909-4958-bf84-35c878d4d162/download/metadados20240123.json,data/raw/stj_integras/metadata/metadados20240123.json,b0d6cef22ad127dafa3beaa29edf8f35aa35bf649f621bb41239d70335e0bd4a,40242,CC-BY,2022-08-01..2024-08-31,2025-03-13T22:53:16.847969,0,"copied from local mirror (STJ-Moral-Damages-Jurimetrics, CKAN download of 2026-09-07/08; sha256 verified against mirror CHECKSUMS)"
2026-09-12T19:01:09+00:00,stj_integras_decisoes,textos20240123.zip,https://dadosabertos.web.stj.jus.br/dataset/a2cd85cc-1391-4ebc-aeed-a45dd75a7987/resource/a2ceef35-4e66-45ec-99ed-cdf606860a12/download/20240123.zip,data/raw/stj_integras/texts/textos20240123.zip,6d27ffd32e8c3d48e6363386b4a639da139b133a4309362d15bb33b5098e4c53,412069,CC-BY,2022-08-01..2024-08-31,2025-03-13T22:52:56.884652,0,"copied from local mirror (STJ-Moral-Damages-Jurimetrics, CKAN download of 2026-09-07/08; sha256 verified against mirror CHECKSUMS)"
2026-09-12T19:01:09+00:00,stj_integras_decisoes,metadados20240124.json,https://dadosabertos.web.stj.jus.br/dataset/a2cd85cc-1391-4ebc-aeed-a45dd75a7987/resource/69ec9195-2fce-4185-938e-38c3095a653a/download/metadados20240124.json,data/raw/stj_integras/metadata/metadados20240124.json,080ce37af5accd60ee60885870a1ba28378ee4ee6e2b0278e140301e663c0ae5,80377,CC-BY,2022-08-01..2024-08-31,2025-03-17T19:32:22.112281,0,"copied from local mirror (STJ-Moral-Damages-Jurimetrics, CKAN download of 2026-09-07/08; sha256 verified against mirror CHECKSUMS)"
2026-09-12T19:01:09+00:00,stj_integras_decisoes,textos20240124.zip,https://dadosabertos.web.stj.jus.br/dataset/a2cd85cc-1391-4ebc-aeed-a45dd75a7987/resource/39807324-2e92-4ad3-85b1-c5a1bed4411b/download/20240124.zip,data/raw/stj_integras/texts/textos20240124.zip,aa3d9f5b47a875b21cb3f9a4af3b19610a7b17d858a3da34b92f820bc5172312,664242,CC-BY,2022-08-01..2024-08-31,2025-03-17T19:32:04.679239,0,"copied from local mirror (STJ-Moral-Damages-Jurimetrics, CKAN download of 2026-09-07/08; sha256 verified against mirror CHECKSUMS)"
2026-09-12T19:01:09+00:00,stj_integras_decisoes,metadados20240125.json,https://dadosabertos.web.stj.jus.br/dataset/a2cd85cc-1391-4ebc-aeed-a45dd75a7987/resource/2294e730-911f-496b-9bdc-8ceb546bb49f/download/metadados20240125.json,data/raw/stj_integras/metadata/metadados20240125.json,6254ebd6cad5e8860a59e36b66188c3388588a0b0cb459ca8053b9febf86f215,78100,CC-BY,2022-08-01..2024-08-31,2025-03-17T19:47:16.314027,0,"copied from local mirror (STJ-Moral-Damages-Jurimetrics, CKAN download of 2026-09-07/08; sha256 verified against mirror CHECKSUMS)"
2026-09-12T19:01:09+00:00,stj_integras_decisoes,textos20240125.zip,https://dadosabertos.web.stj.jus.br/dataset/a2cd85cc-1391-4ebc-aeed-a45dd75a7987/resource/78ea0a2d-4fce-4261-ae3b-d96b14f0a0e5/download/20240125.zip,data/raw/stj_integras/texts/textos20240125.zip,f2dbbbb5433a0c8022d23b4aced8b003c2b7f1d444e3cc03d2d81f73afcf5529,509521,CC-BY,2022-08-01..2024-08-31,2025-03-17T19:46:51.506317,0,"copied from local mirror (STJ-Moral-Damages-Jurimetrics, CKAN download of 2026-09-07/08; sha256 verified against mirror CHECKSUMS)"
2026-09-12T19:01:09+00:00,stj_integras_decisoes,metadados20240126.json,https://dadosabertos.web.stj.jus.br/dataset/a2cd85cc-1391-4ebc-aeed-a45dd75a7987/resource/17053f8a-9abf-4ede-bd3e-848d44350b3d/download/metadados20240126.json,data/raw/stj_integras/metadata/metadados20240126.json,9359567d966dc3399fdd861d794d70221d719b025d4c84aea388b1bd24505f0e,99397,CC-BY,2022-08-01..2024-08-31,2025-03-17T20:56:50.721205,0,"copied from local mirror (STJ-Moral-Damages-Jurimetrics, CKAN download of 2026-09-07/08; sha256 verified against mirror CHECKSUMS)"
2026-09-12T19:01:09+00:00,stj_integras_decisoes,textos20240126.zip,https://dadosabertos.web.stj.jus.br/dataset/a2cd85cc-1391-4ebc-aeed-a45dd75a7987/resource/1961fe08-929c-46aa-9207-0e3c1dcb234b/download/20240126.zip,data/raw/stj_integras/texts/textos20240126.zip,5f711f23da24e27268f72bf400696ef2e21b9cc588762deb074455dc6188d17b,806639,CC-BY,2022-08-01..2024-08-31,2025-03-17T20:56:34.652308,0,"copied from local mirror (STJ-Moral-Damages-Jurimetrics, CKAN download of 2026-09-07/08; sha256 verified against mirror CHECKSUMS)"
2026-09-12T19:01:09+00:00,stj_integras_decisoes,metadados20240129.json,https://dadosabertos.web.stj.jus.br/dataset/a2cd85cc-1391-4ebc-aeed-a45dd75a7987/resource/ecf43209-e995-4eda-87b1-2b5c9d88a1ee/download/metadados20240129.json,data/raw/stj_integras/metadata/metadados20240129.json,97cb2c585ef6a3b39ece43fc030ceca606d34d5de546ca6d4043f66e41e945cc,153001,CC-BY,2022-08-01..2024-08-31,2025-03-17T21:30:12.811314,0,"copied from local mirror (STJ-Moral-Damages-Jurimetrics, CKAN download of 2026-09-07/08; sha256 verified against mirror CHECKSUMS)"
2026-09-12T19:01:09+00:00,stj_integras_decisoes,textos20240129.zip,https://dadosabertos.web.stj.jus.br/dataset/a2cd85cc-1391-4ebc-aeed-a45dd75a7987/resource/1a4cf041-841c-45d7-885e-653859161e18/download/20240129.zip,data/raw/stj_integras/texts/textos20240129.zip,c62cf4cefa973699ce9417f73288e78b10c5036d4bfbd0f4c4dcac0c669bb8cc,1172501,CC-BY,2022-08-01..2024-08-31,2025-03-17T21:29:51.200106,0,"copied from local mirror (STJ-Moral-Damages-Jurimetrics, CKAN download of 2026-09-07/08; sha256 verified against mirror CHECKSUMS)"
2026-09-12T19:01:09+00:00,stj_integras_decisoes,metadados20240130.json,https://dadosabertos.web.stj.jus.br/dataset/a2cd85cc-1391-4ebc-aeed-a45dd75a7987/resource/f01da5dd-9fbe-4e12-ae0f-452f3bcb182d/download/metadados20240130.json,data/raw/stj_integras/metadata/metadados20240130.json,198e09398272839bf5d786671b30424e6d95fc72174da7448092f93184da5eb6,220418,CC-BY,2022-08-01..2024-08-31,2025-03-18T17:38:05.156233,0,"copied from local mirror (STJ-Moral-Damages-Jurimetrics, CKAN download of 2026-09-07/08; sha256 verified against mirror CHECKSUMS)"
2026-09-12T19:01:09+00:00,stj_integras_decisoes,textos20240130.zip,https://dadosabertos.web.stj.jus.br/dataset/a2cd85cc-1391-4ebc-aeed-a45dd75a7987/resource/7ba8b087-31e6-4b98-a14b-f7ab8bd22c4d/download/20240130.zip,data/raw/stj_integras/texts/textos20240130.zip,1b02feb7e00b7f6b04ba5626a0559f09cebedacae9fcee8983afba1697d9d976,1910880,CC-BY,2022-08-01..2024-08-31,2025-03-18T17:37:44.101517,0,"copied from local mirror (STJ-Moral-Damages-Jurimetrics, CKAN download of 2026-09-07/08; sha256 verified against mirror CHECKSUMS)"
2026-09-12T19:01:09+00:00,stj_integras_decisoes,metadados20240131.json,https://dadosabertos.web.stj.jus.br/dataset/a2cd85cc-1391-4ebc-aeed-a45dd75a7987/resource/fcedc96c-d1e2-4d4c-bff5-dfa287be109d/download/metadados20240131.json,data/raw/stj_integras/metadata/metadados20240131.json,c602c450e1cbee1e4a5c70962a3bd372853e92595855bf472a15ff86362d28cf,225993,CC-BY,2022-08-01..2024-08-31,2025-03-18T17:59:36.851729,0,"copied from local mirror (STJ-Moral-Damages-Jurimetrics, CKAN download of 2026-09-07/08; sha256 verified against mirror CHECKSUMS)"
2026-09-12T19:01:09+00:00,stj_integras_decisoes,textos20240131.zip,https://dadosabertos.web.stj.jus.br/dataset/a2cd85cc-1391-4ebc-aeed-a45dd75a7987/resource/df833f96-cf2f-456a-aa70-50627efe745a/download/20240131.zip,data/raw/stj_integras/texts/textos20240131.zip,33cdb55127e959d68e3f7fb07a6ba8ce966b8328eca009871abf122b94d3b493,1688607,CC-BY,2022-08-01..2024-08-31,2025-03-18T17:59:13.298943,0,"copied from local mirror (STJ-Moral-Damages-Jurimetrics, CKAN download of 2026-09-07/08; sha256 verified against mirror CHECKSUMS)"
2026-09-12T19:01:09+00:00,stj_integras_decisoes,metadados20240201.json,https://dadosabertos.web.stj.jus.br/dataset/a2cd85cc-1391-4ebc-aeed-a45dd75a7987/resource/fe8a7cb8-fc61-4846-865a-53fc78a63403/download/metadados20240201.json,data/raw/stj_integras/metadata/metadados20240201.json,fc71062d64126d4edf85121debb2f061fc12ec3b2830e49c1daee51e2deecbe7,340314,CC-BY,2022-08-01..2024-08-31,2025-03-18T18:42:49.135641,0,"copied from local mirror (STJ-Moral-Damages-Jurimetrics, CKAN download of 2026-09-07/08; sha256 verified against mirror CHECKSUMS)"
2026-09-12T19:01:09+00:00,stj_integras_decisoes,textos20240201.zip,https://dadosabertos.web.stj.jus.br/dataset/a2cd85cc-1391-4ebc-aeed-a45dd75a7987/resource/173cd9c2-5f5b-49e6-a90c-2161c9d33e64/download/20240201.zip,data/raw/stj_integras/texts/textos20240201.zip,3575368e433360409e12d209d0675d42a180197990d459533a17db34b2407119,2682183,CC-BY,2022-08-01..2024-08-31,2025-03-18T18:42:28.623758,0,"copied from local mirror (STJ-Moral-Damages-Jurimetrics, CKAN download of 2026-09-07/08; sha256 verified against mirror CHECKSUMS)"
2026-09-12T19:01:09+00:00,stj_integras_decisoes,metadados20240202.json,https://dadosabertos.web.stj.jus.br/dataset/a2cd85cc-1391-4ebc-aeed-a45dd75a7987/resource/22b61392-989b-422e-aade-227256ed88f8/download/metadados20240202.json,data/raw/stj_integras/metadata/metadados20240202.json,3f0ff853add8f8d5be01bb69808fb16c93746434abbb7d1f7d830b73611d4612,1466216,CC-BY,2022-08-01..2024-08-31,2025-03-18T21:29:43.361979,0,"copied from local mirror (STJ-Moral-Damages-Jurimetrics, CKAN download of 2026-09-07/08; sha256 verified against mirror CHECKSUMS)"
2026-09-12T19:01:09+00:00,stj_integras_decisoes,textos20240202.zip,https://dadosabertos.web.stj.jus.br/dataset/a2cd85cc-1391-4ebc-aeed-a45dd75a7987/resource/e95ea33b-1006-4a73-95f2-0214f9b9be88/download/20240202.zip,data/raw/stj_integras/texts/textos20240202.zip,6d9dedc06c0e01f90461aeae0bf70b743c19443497121ede98db80b4c7613b8c,15055707,CC-BY,2022-08-01..2024-08-31,2025-03-18T21:29:22.448108,0,"copied from local mirror (STJ-Moral-Damages-Jurimetrics, CKAN download of 2026-09-07/08; sha256 verified against mirror CHECKSUMS)"
2026-09-12T19:01:09+00:00,stj_integras_decisoes,metadados20240205.json,https://dadosabertos.web.stj.jus.br/dataset/a2cd85cc-1391-4ebc-aeed-a45dd75a7987/resource/486647d2-952c-4782-937a-f70e23148413/download/metadados20240205.json,data/raw/stj_integras/metadata/metadados20240205.json,123bf7cbfab6a97901ed222b8d12cc5b37e3f2cc75b644befc1c56d4d92fd630,2413572,CC-BY,2022-08-01..2024-08-31,2025-03-26T18:20:39.494066,0,"copied from local mirror (STJ-Moral-Damages-Jurimetrics, CKAN download of 2026-09-07/08; sha256 verified against mirror CHECKSUMS)"
2026-09-12T19:01:09+00:00,stj_integras_decisoes,textos20240205.zip,https://dadosabertos.web.stj.jus.br/dataset/a2cd85cc-1391-4ebc-aeed-a45dd75a7987/resource/99c9e2e3-c3e8-4ac1-b6a0-122f6f312275/download/textos20240205.zip,data/raw/stj_integras/texts/textos20240205.zip,29d2d8cce76d9312899429e151fdcc3ca6e34ec4b88577bb8c99adeb5f978554,13952596,CC-BY,2022-08-01..2024-08-31,2025-03-26T18:20:49.014255,0,"copied from local mirror (STJ-Moral-Damages-Jurimetrics, CKAN download of 2026-09-07/08; sha256 verified against mirror CHECKSUMS)"
2026-09-12T19:01:09+00:00,stj_integras_decisoes,metadados20240206.json,https://dadosabertos.web.stj.jus.br/dataset/a2cd85cc-1391-4ebc-aeed-a45dd75a7987/resource/f9c0d03d-e94a-4c6f-8f8e-ae6c98affcec/download/metadados20240206.json,data/raw/stj_integras/metadata/metadados20240206.json,778dccf2e61634d45d4238e9ce088b881804cb1890d9d7aaa2362dbfd612ae9b,2668487,CC-BY,2022-08-01..2024-08-31,2025-03-26T18:21:29.773179,0,"copied from local mirror (STJ-Moral-Damages-Jurimetrics, CKAN download of 2026-09-07/08; sha256 verified against mirror CHECKSUMS)"
2026-09-12T19:01:09+00:00,stj_integras_decisoes,textos20240206.zip,https://dadosabertos.web.stj.jus.br/dataset/a2cd85cc-1391-4ebc-aeed-a45dd75a7987/resource/df031f78-e28c-4ea1-b356-11651ee5f6bb/download/textos20240206.zip,data/raw/stj_integras/texts/textos20240206.zip,0dc6814d101e913f77fcba95f91bc923795ea6e8992c094d0e6c8429783149ad,13925622,CC-BY,2022-08-01..2024-08-31,2025-03-26T18:21:37.747017,0,"copied from local mirror (STJ-Moral-Damages-Jurimetrics, CKAN download of 2026-09-07/08; sha256 verified against mirror CHECKSUMS)"
2026-09-12T19:01:09+00:00,stj_integras_decisoes,metadados20240207.json,https://dadosabertos.web.stj.jus.br/dataset/a2cd85cc-1391-4ebc-aeed-a45dd75a7987/resource/f5ec5b24-a868-43fa-bfc8-32fc9db885d2/download/metadados20240207.json,data/raw/stj_integras/metadata/metadados20240207.json,3ccb77f416f12bf3b217a990b12234a120ebb344f89c972af54b92fd001a261e,479031,CC-BY,2022-08-01..2024-08-31,2025-03-26T18:21:51.292898,0,"copied from local mirror (STJ-Moral-Damages-Jurimetrics, CKAN download of 2026-09-07/08; sha256 verified against mirror CHECKSUMS)"
2026-09-12T19:01:09+00:00,stj_integras_decisoes,textos20240207.zip,https://dadosabertos.web.stj.jus.br/dataset/a2cd85cc-1391-4ebc-aeed-a45dd75a7987/resource/42474cea-d489-4d1c-b29e-6d7054b7ddcf/download/textos20240207.zip,data/raw/stj_integras/texts/textos20240207.zip,0dbd7dfe8c6e7190d5d7b5cbb85220fca61e8f713ef2e14edfd3ac572ccaad7c,3021431,CC-BY,2022-08-01..2024-08-31,2025-03-26T18:21:59.693026,0,"copied from local mirror (STJ-Moral-Damages-Jurimetrics, CKAN download of 2026-09-07/08; sha256 verified against mirror CHECKSUMS)"
2026-09-12T19:01:09+00:00,stj_integras_decisoes,metadados20240208.json,https://dadosabertos.web.stj.jus.br/dataset/a2cd85cc-1391-4ebc-aeed-a45dd75a7987/resource/be8fdbf3-9262-4b73-b90f-9a7e3cfaacfe/download/metadados20240208.json,data/raw/stj_integras/metadata/metadados20240208.json,75aafc2ea843957eb73fafece9dad390a5d683e35f3ad1a140b523bae6f38eeb,3317712,CC-BY,2022-08-01..2024-08-31,2025-03-26T18:22:41.298318,0,"copied from local mirror (STJ-Moral-Damages-Jurimetrics, CKAN download of 2026-09-07/08; sha256 verified against mirror CHECKSUMS)"
2026-09-12T19:01:09+00:00,stj_integras_decisoes,textos20240208.zip,https://dadosabertos.web.stj.jus.br/dataset/a2cd85cc-1391-4ebc-aeed-a45dd75a7987/resource/24a85390-0b43-4102-96f0-c5bfd8d0ed3b/download/textos20240208.zip,data/raw/stj_integras/texts/textos20240208.zip,8d07767fbb2e498de372caa875b8899b0619ccedbddfdadea13a8c4304a156c6,15317508,CC-BY,2022-08-01..2024-08-31,2025-03-26T18:22:49.578991,0,"copied from local mirror (STJ-Moral-Damages-Jurimetrics, CKAN download of 2026-09-07/08; sha256 verified against mirror CHECKSUMS)"
2026-09-12T19:01:09+00:00,stj_integras_decisoes,metadados20240209.json,https://dadosabertos.web.stj.jus.br/dataset/a2cd85cc-1391-4ebc-aeed-a45dd75a7987/resource/9cf39329-9afc-4a4f-a968-8f3915ae3328/download/metadados20240209.json,data/raw/stj_integras/metadata/metadados20240209.json,dcd6b88af491aa2abef6ee52a35fd8b305de537b3515bdb8ffa4da50667c2c1a,705842,CC-BY,2022-08-01..2024-08-31,2025-03-26T18:23:05.136644,0,"copied from local mirror (STJ-Moral-Damages-Jurimetrics, CKAN download of 2026-09-07/08; sha256 verified against mirror CHECKSUMS)"
2026-09-12T19:01:09+00:00,stj_integras_decisoes,textos20240209.zip,https://dadosabertos.web.stj.jus.br/dataset/a2cd85cc-1391-4ebc-aeed-a45dd75a7987/resource/5a8c3713-44f5-46a8-ab26-ee60959c0384/download/textos20240209.zip,data/raw/stj_integras/texts/textos20240209.zip,d0975b1c9e5a8fb8f81767c5dd87c48fa0f0cb623f37eb43afb4ad1e876179cd,5136068,CC-BY,2022-08-01..2024-08-31,2025-03-26T18:23:14.329318,0,"copied from local mirror (STJ-Moral-Damages-Jurimetrics, CKAN download of 2026-09-07/08; sha256 verified against mirror CHECKSUMS)"
2026-09-12T19:01:09+00:00,stj_integras_decisoes,metadados20240214.json,https://dadosabertos.web.stj.jus.br/dataset/a2cd85cc-1391-4ebc-aeed-a45dd75a7987/resource/1a868d29-70a4-41e3-a8b9-1ad380232133/download/metadados20240214.json,data/raw/stj_integras/metadata/metadados20240214.json,3732c86cd337fb6f93a8f40356c5bfa0375c6566aa861d92011de237cac6121f,1964920,CC-BY,2022-08-01..2024-08-31,2025-03-26T18:23:49.537841,0,"copied from local mirror (STJ-Moral-Damages-Jurimetrics, CKAN download of 2026-09-07/08; sha256 verified against mirror CHECKSUMS)"
2026-09-12T19:01:09+00:00,stj_integras_decisoes,textos20240214.zip,https://dadosabertos.web.stj.jus.br/dataset/a2cd85cc-1391-4ebc-aeed-a45dd75a7987/resource/c8d330fc-5d24-4fa9-a51e-d6c6102ac327/download/textos20240214.zip,data/raw/stj_integras/texts/textos20240214.zip,fa0c2ea0be246b7cd6266b6c026e667f5cdf8c8829729f346de24ba954044a45,10376491,CC-BY,2022-08-01..2024-08-31,2025-03-26T18:23:58.336789,0,"copied from local mirror (STJ-Moral-Damages-Jurimetrics, CKAN download of 2026-09-07/08; sha256 verified against mirror CHECKSUMS)"
2026-09-12T19:01:09+00:00,stj_integras_decisoes,metadados20240215.json,https://dadosabertos.web.stj.jus.br/dataset/a2cd85cc-1391-4ebc-aeed-a45dd75a7987/resource/d7ef4f3a-2785-4efe-a897-aeee899102a2/download/metadados20240215.json,data/raw/stj_integras/metadata/metadados20240215.json,dc03006e0bbb18055962fe9a27f714784634434ae51665b926a54a35738aedb5,1568862,CC-BY,2022-08-01..2024-08-31,2025-03-26T18:24:21.001954,0,"copied from local mirror (STJ-Moral-Damages-Jurimetrics, CKAN download of 2026-09-07/08; sha256 verified against mirror CHECKSUMS)"
2026-09-12T19:01:09+00:00,stj_integras_decisoes,textos20240215.zip,https://dadosabertos.web.stj.jus.br/dataset/a2cd85cc-1391-4ebc-aeed-a45dd75a7987/resource/536cd3b8-7b08-40c1-9267-72c662bb7d79/download/textos20240215.zip,data/raw/stj_integras/texts/textos20240215.zip,3f133210b955e8ce57c08363fe0c92c66b5d4ab1ce3ed9315928cd63331de407,8919376,CC-BY,2022-08-01..2024-08-31,2025-03-26T18:24:30.083753,0,"copied from local mirror (STJ-Moral-Damages-Jurimetrics, CKAN download of 2026-09-07/08; sha256 verified against mirror CHECKSUMS)"
2026-09-12T19:01:09+00:00,stj_integras_decisoes,metadados20240216.json,https://dadosabertos.web.stj.jus.br/dataset/a2cd85cc-1391-4ebc-aeed-a45dd75a7987/resource/26177163-b7d0-4fa2-a071-bcc125b21fe6/download/metadados20240216.json,data/raw/stj_integras/metadata/metadados20240216.json,02867a5894712b9541648e9030dbb00d74ec47c4d19b76c1674302d5d59887e8,1939001,CC-BY,2022-08-01..2024-08-31,2025-03-26T18:24:57.622227,0,"copied from local mirror (STJ-Moral-Damages-Jurimetrics, CKAN download of 2026-09-07/08; sha256 verified against mirror CHECKSUMS)"
2026-09-12T19:01:09+00:00,stj_integras_decisoes,textos20240216.zip,https://dadosabertos.web.stj.jus.br/dataset/a2cd85cc-1391-4ebc-aeed-a45dd75a7987/resource/286ed6ab-9521-4c0b-af2f-357970ae78d2/download/textos20240216.zip,data/raw/stj_integras/texts/textos20240216.zip,f0b6b101034edd11c3465e0841ee43027fb993c8599386bead50cfef74ad66ee,10426965,CC-BY,2022-08-01..2024-08-31,2025-03-26T18:25:05.828629,0,"copied from local mirror (STJ-Moral-Damages-Jurimetrics, CKAN download of 2026-09-07/08; sha256 verified against mirror CHECKSUMS)"
2026-09-12T19:01:09+00:00,stj_integras_decisoes,metadados20240219.json,https://dadosabertos.web.stj.jus.br/dataset/a2cd85cc-1391-4ebc-aeed-a45dd75a7987/resource/f38c3c8b-9523-4839-b18f-0b89303c5379/download/metadados20240219.json,data/raw/stj_integras/metadata/metadados20240219.json,71dc70e1034e05aaef1f036ae4a4b10d991464e2c9bbcb87044a5cae639cff47,848478,CC-BY,2022-08-01..2024-08-31,2025-03-26T18:25:25.292343,0,"copied from local mirror (STJ-Moral-Damages-Jurimetrics, CKAN download of 2026-09-07/08; sha256 verified against mirror CHECKSUMS)"
2026-09-12T19:01:09+00:00,stj_integras_decisoes,textos20240219.zip,https://dadosabertos.web.stj.jus.br/dataset/a2cd85cc-1391-4ebc-aeed-a45dd75a7987/resource/262ba06c-2fca-4448-83fb-eedf2883ed92/download/textos20240219.zip,data/raw/stj_integras/texts/textos20240219.zip,25a20e844c306e82a9cb5c9c5d7e11888062792c4adf80a35487ba614f26e711,5870881,CC-BY,2022-08-01..2024-08-31,2025-03-26T18:25:33.887190,0,"copied from local mirror (STJ-Moral-Damages-Jurimetrics, CKAN download of 2026-09-07/08; sha256 verified against mirror CHECKSUMS)"
2026-09-12T19:01:09+00:00,stj_integras_decisoes,metadados20240220.json,https://dadosabertos.web.stj.jus.br/dataset/a2cd85cc-1391-4ebc-aeed-a45dd75a7987/resource/7b2585a1-ea8b-4c8a-8552-6a99efe001e3/download/metadados20240220.json,data/raw/stj_integras/metadata/metadados20240220.json,c91e5629de8f67e0f83304c485f5f78585a1d312da8a6c3e2def1fe80a65b501,2202714,CC-BY,2022-08-01..2024-08-31,2025-03-26T18:26:03.327275,0,"copied from local mirror (STJ-Moral-Damages-Jurimetrics, CKAN download of 2026-09-07/08; sha256 verified against mirror CHECKSUMS)"
2026-09-12T19:01:09+00:00,stj_integras_decisoes,textos20240220.zip,https://dadosabertos.web.stj.jus.br/dataset/a2cd85cc-1391-4ebc-aeed-a45dd75a7987/resource/8dc91f17-56c8-4c44-b9ab-0d0f5ecb7fd1/download/textos20240220.zip,data/raw/stj_integras/texts/textos20240220.zip,ba9fd6a68f24dcb7fac79df3ea1fb7d3c7676024a6dae09b4c9466fc1ffe3671,11445254,CC-BY,2022-08-01..2024-08-31,2025-03-26T18:26:18.941466,0,"copied from local mirror (STJ-Moral-Damages-Jurimetrics, CKAN download of 2026-09-07/08; sha256 verified against mirror CHECKSUMS)"
2026-09-12T19:01:09+00:00,stj_integras_decisoes,metadados20240221.json,https://dadosabertos.web.stj.jus.br/dataset/a2cd85cc-1391-4ebc-aeed-a45dd75a7987/resource/57470925-a7ed-4b29-9e5d-236f2ae206c5/download/metadados20240221.json,data/raw/stj_integras/metadata/metadados20240221.json,5b487d58bf26b8e5864766a428faf87df550ec0d0cebc9ece401fd6d9df03a50,790760,CC-BY,2022-08-01..2024-08-31,2025-03-26T18:26:34.861644,0,"copied from local mirror (STJ-Moral-Damages-Jurimetrics, CKAN download of 2026-09-07/08; sha256 verified against mirror CHECKSUMS)"
2026-09-12T19:01:09+00:00,stj_integras_decisoes,textos20240221.zip,https://dadosabertos.web.stj.jus.br/dataset/a2cd85cc-1391-4ebc-aeed-a45dd75a7987/resource/6e536939-6b8d-4bc6-8571-f061d1e31cf9/download/textos20240221.zip,data/raw/stj_integras/texts/textos20240221.zip,a5090d6092cb7387ce7d7653f53de718ecc2be4f6b915746b1996a8ad33a45cf,5760549,CC-BY,2022-08-01..2024-08-31,2025-03-26T18:26:44.867242,0,"copied from local mirror (STJ-Moral-Damages-Jurimetrics, CKAN download of 2026-09-07/08; sha256 verified against mirror CHECKSUMS)"
2026-09-12T19:01:09+00:00,stj_integras_decisoes,metadados20240222.json,https://dadosabertos.web.stj.jus.br/dataset/a2cd85cc-1391-4ebc-aeed-a45dd75a7987/resource/5fb193c7-fcd4-4de5-a76b-30c611abc48f/download/metadados20240222.json,data/raw/stj_integras/metadata/metadados20240222.json,3ee0475970cfd8913d1c09bc73721fba78a9da3d768eb0e84b8663644496c7e6,1526983,CC-BY,2022-08-01..2024-08-31,2025-03-26T18:27:11.752002,0,"copied from local mirror (STJ-Moral-Damages-Jurimetrics, CKAN download of 2026-09-07/08; sha256 verified against mirror CHECKSUMS)"
2026-09-12T19:01:09+00:00,stj_integras_decisoes,textos20240222.zip,https://dadosabertos.web.stj.jus.br/dataset/a2cd85cc-1391-4ebc-aeed-a45dd75a7987/resource/16468eca-802e-44c2-b24f-36e21763369e/download/textos20240222.zip,data/raw/stj_integras/texts/textos20240222.zip,2d655c8e1e69a0fdc2087db45b012e06347aadeead49b5a804f2cbda3b27e406,9530965,CC-BY,2022-08-01..2024-08-31,2025-03-26T18:27:20.799818,0,"copied from local mirror (STJ-Moral-Damages-Jurimetrics, CKAN download of 2026-09-07/08; sha256 verified against mirror CHECKSUMS)"
2026-09-12T19:01:09+00:00,stj_integras_decisoes,metadados20240223.json,https://dadosabertos.web.stj.jus.br/dataset/a2cd85cc-1391-4ebc-aeed-a45dd75a7987/resource/0a043018-b253-4a1c-b145-c05c575d06f1/download/metadados20240223.json,data/raw/stj_integras/metadata/metadados20240223.json,89b7c861f93c082e8a931389a5d64233c0a6521b2e04a5dc3e0323e387501a05,977051,CC-BY,2022-08-01..2024-08-31,2025-03-26T18:27:40.203200,0,"copied from local mirror (STJ-Moral-Damages-Jurimetrics, CKAN download of 2026-09-07/08; sha256 verified against mirror CHECKSUMS)"
2026-09-12T19:01:09+00:00,stj_integras_decisoes,textos20240223.zip,https://dadosabertos.web.stj.jus.br/dataset/a2cd85cc-1391-4ebc-aeed-a45dd75a7987/resource/9f00a50a-470e-47ba-8f6a-78c2f529b781/download/textos20240223.zip,data/raw/stj_integras/texts/textos20240223.zip,36e8006b7c458508cfccbca990a98c7625e5dbef58de85239cff14591e7e7c59,6996706,CC-BY,2022-08-01..2024-08-31,2025-03-26T18:27:50.398939,0,"copied from local mirror (STJ-Moral-Damages-Jurimetrics, CKAN download of 2026-09-07/08; sha256 verified against mirror CHECKSUMS)"
2026-09-12T19:01:09+00:00,stj_integras_decisoes,metadados20240226.json,https://dadosabertos.web.stj.jus.br/dataset/a2cd85cc-1391-4ebc-aeed-a45dd75a7987/resource/0777260d-717c-43d6-918c-e2150cbae5ff/download/metadados20240226.json,data/raw/stj_integras/metadata/metadados20240226.json,b4afa71b6d24ef7942e5a4147723e86d2b949c056164f92b02a538c395bc14f8,976511,CC-BY,2022-08-01..2024-08-31,2025-03-26T18:28:15.858206,0,"copied from local mirror (STJ-Moral-Damages-Jurimetrics, CKAN download of 2026-09-07/08; sha256 verified against mirror CHECKSUMS)"
2026-09-12T19:01:09+00:00,stj_integras_decisoes,textos20240226.zip,https://dadosabertos.web.stj.jus.br/dataset/a2cd85cc-1391-4ebc-aeed-a45dd75a7987/resource/d5b7b014-442b-4efc-90ac-a8036764611c/download/textos20240226.zip,data/raw/stj_integras/texts/textos20240226.zip,cf66aeaa2ce9fe7afdc8d8f646644ccf2179cae97fddb29ab383ebaee5deb4ed,6343559,CC-BY,2022-08-01..2024-08-31,2025-03-26T18:28:25.521184,0,"copied from local mirror (STJ-Moral-Damages-Jurimetrics, CKAN download of 2026-09-07/08; sha256 verified against mirror CHECKSUMS)"
2026-09-12T19:01:09+00:00,stj_integras_decisoes,metadados20240227.json,https://dadosabertos.web.stj.jus.br/dataset/a2cd85cc-1391-4ebc-aeed-a45dd75a7987/resource/7156ad61-7045-4d94-94f1-6d96b70d3e86/download/metadados20240227.json,data/raw/stj_integras/metadata/metadados20240227.json,24228700464f7f236cb2e9aa023b5190722db7505ba9e4b910ad97dfd00bc732,1353556,CC-BY,2022-08-01..2024-08-31,2025-03-26T18:28:49.772926,0,"copied from local mirror (STJ-Moral-Damages-Jurimetrics, CKAN download of 2026-09-07/08; sha256 verified against mirror CHECKSUMS)"
2026-09-12T19:01:09+00:00,stj_integras_decisoes,textos20240227.zip,https://dadosabertos.web.stj.jus.br/dataset/a2cd85cc-1391-4ebc-aeed-a45dd75a7987/resource/bec9e381-d1ad-4bba-8b65-db312e371871/download/textos20240227.zip,data/raw/stj_integras/texts/textos20240227.zip,496044ae2c690b0a0d33d1a7bde950ca6935e9ad8bf50cc038879d61892de86a,9142579,CC-BY,2022-08-01..2024-08-31,2025-03-26T18:29:00.777778,0,"copied from local mirror (STJ-Moral-Damages-Jurimetrics, CKAN download of 2026-09-07/08; sha256 verified against mirror CHECKSUMS)"
2026-09-12T19:01:09+00:00,stj_integras_decisoes,metadados20240228.json,https://dadosabertos.web.stj.jus.br/dataset/a2cd85cc-1391-4ebc-aeed-a45dd75a7987/resource/a2a73e86-9ec0-4d41-b8e0-66b24d069afa/download/metadados20240228.json,data/raw/stj_integras/metadata/metadados20240228.json,f1395f5d880c246b0494c9d3129f27b83182e7bc1fc56fba3907b4aaede0b5d1,3291884,CC-BY,2022-08-01..2024-08-31,2025-03-26T18:29:48.402884,0,"copied from local mirror (STJ-Moral-Damages-Jurimetrics, CKAN download of 2026-09-07/08; sha256 verified against mirror CHECKSUMS)"
2026-09-12T19:01:09+00:00,stj_integras_decisoes,textos20240228.zip,https://dadosabertos.web.stj.jus.br/dataset/a2cd85cc-1391-4ebc-aeed-a45dd75a7987/resource/13089ea8-c77f-4777-a745-2511e3dd4da8/download/textos20240228.zip,data/raw/stj_integras/texts/textos20240228.zip,e7cbb1775a6f407877b2273b0e5df0620bf6f23a9f98eb1487a47e0693c28939,21825548,CC-BY,2022-08-01..2024-08-31,2025-03-26T18:29:58.537536,0,"copied from local mirror (STJ-Moral-Damages-Jurimetrics, CKAN download of 2026-09-07/08; sha256 verified against mirror CHECKSUMS)"
2026-09-12T19:01:09+00:00,stj_integras_decisoes,metadados20240229.json,https://dadosabertos.web.stj.jus.br/dataset/a2cd85cc-1391-4ebc-aeed-a45dd75a7987/resource/adcdf9f7-63ed-42bc-9af1-3c8535b58db4/download/metadados20240229.json,data/raw/stj_integras/metadata/metadados20240229.json,5ddf513195e81c632b31bdadfef7760226a5240279c97997a6dae95213d6311b,2278554,CC-BY,2022-08-01..2024-08-31,2025-03-26T18:30:36.897868,0,"copied from local mirror (STJ-Moral-Damages-Jurimetrics, CKAN download of 2026-09-07/08; sha256 verified against mirror CHECKSUMS)"
2026-09-12T19:01:09+00:00,stj_integras_decisoes,textos20240229.zip,https://dadosabertos.web.stj.jus.br/dataset/a2cd85cc-1391-4ebc-aeed-a45dd75a7987/resource/eaec22c9-1913-4af2-9b79-d0865cccc9b2/download/textos20240229.zip,data/raw/stj_integras/texts/textos20240229.zip,8d87df9c95f70111048e27150707fcf8433b6a60f7156108205800cc6d7cd7aa,17747091,CC-BY,2022-08-01..2024-08-31,2025-03-26T18:30:47.260317,0,"copied from local mirror (STJ-Moral-Damages-Jurimetrics, CKAN download of 2026-09-07/08; sha256 verified against mirror CHECKSUMS)"
2026-09-12T19:01:09+00:00,stj_integras_decisoes,metadados20240301.json,https://dadosabertos.web.stj.jus.br/dataset/a2cd85cc-1391-4ebc-aeed-a45dd75a7987/resource/e3b0a3f3-c462-4413-92c7-0a61b06a7bd9/download/metadados20240301.json,data/raw/stj_integras/metadata/metadados20240301.json,d7f7deeddfec028b238ffdf7483d57d5271876dff7a34540f383f28d4773e836,2693047,CC-BY,2022-08-01..2024-08-31,2025-03-26T18:31:49.619147,0,"copied from local mirror (STJ-Moral-Damages-Jurimetrics, CKAN download of 2026-09-07/08; sha256 verified against mirror CHECKSUMS)"
2026-09-12T19:01:09+00:00,stj_integras_decisoes,textos20240301.zip,https://dadosabertos.web.stj.jus.br/dataset/a2cd85cc-1391-4ebc-aeed-a45dd75a7987/resource/195d3288-f237-40b3-833f-88c4c88f91e9/download/textos20240301.zip,data/raw/stj_integras/texts/textos20240301.zip,ae581ab546a212ec814f751c4e5ff31291debff60949ff8e373bf5160937e4bc,18044719,CC-BY,2022-08-01..2024-08-31,2025-03-26T18:32:00.190113,0,"copied from local mirror (STJ-Moral-Damages-Jurimetrics, CKAN download of 2026-09-07/08; sha256 verified against mirror CHECKSUMS)"
2026-09-12T19:01:09+00:00,stj_integras_decisoes,metadados20240304.json,https://dadosabertos.web.stj.jus.br/dataset/a2cd85cc-1391-4ebc-aeed-a45dd75a7987/resource/b3d8a42d-2c23-4d6a-8d0b-270e7a76e931/download/metadados20240304.json,data/raw/stj_integras/metadata/metadados20240304.json,aba07e757330975586819c642de12e5d37daa14e32fbb9cf79e3049965f4e0ce,1716930,CC-BY,2022-08-01..2024-08-31,2025-03-26T18:32:39.762846,0,"copied from local mirror (STJ-Moral-Damages-Jurimetrics, CKAN download of 2026-09-07/08; sha256 verified against mirror CHECKSUMS)"
2026-09-12T19:01:09+00:00,stj_integras_decisoes,textos20240304.zip,https://dadosabertos.web.stj.jus.br/dataset/a2cd85cc-1391-4ebc-aeed-a45dd75a7987/resource/46acc514-21bf-4a3a-9338-1eb5dacfac09/download/textos20240304.zip,data/raw/stj_integras/texts/textos20240304.zip,1ebbf0b60e9508071b80a4ca7f1566c4ed95869e3214f99c60c13529b379d2fe,11893653,CC-BY,2022-08-01..2024-08-31,2025-03-26T18:32:49.447942,0,"copied from local mirror (STJ-Moral-Damages-Jurimetrics, CKAN download of 2026-09-07/08; sha256 verified against mirror CHECKSUMS)"
2026-09-12T19:01:09+00:00,stj_integras_decisoes,metadados20240305.json,https://dadosabertos.web.stj.jus.br/dataset/a2cd85cc-1391-4ebc-aeed-a45dd75a7987/resource/3546542e-99f4-4089-8628-b467b6f9d0fc/download/metadados20240305.json,data/raw/stj_integras/metadata/metadados20240305.json,3088bb66b3767171e83a1287deea4d7c0ff1219c2f496a559fb88c19f40845aa,1913131,CC-BY,2022-08-01..2024-08-31,2025-03-26T18:33:24.597918,0,"copied from local mirror (STJ-Moral-Damages-Jurimetrics, CKAN download of 2026-09-07/08; sha256 verified against mirror CHECKSUMS)"
2026-09-12T19:01:09+00:00,stj_integras_decisoes,textos20240305.zip,https://dadosabertos.web.stj.jus.br/dataset/a2cd85cc-1391-4ebc-aeed-a45dd75a7987/resource/a86214ce-59e0-48f3-87dd-23f9ed36696d/download/textos20240305.zip,data/raw/stj_integras/texts/textos20240305.zip,4b4e54221ac30bb558880b59b8f25e40bc134e5c7d0bd81418a52bf0df93e0b9,10878942,CC-BY,2022-08-01..2024-08-31,2025-03-26T18:33:36.793140,0,"copied from local mirror (STJ-Moral-Damages-Jurimetrics, CKAN download of 2026-09-07/08; sha256 verified against mirror CHECKSUMS)"
2026-09-12T19:01:09+00:00,stj_integras_decisoes,metadados20240306.json,https://dadosabertos.web.stj.jus.br/dataset/a2cd85cc-1391-4ebc-aeed-a45dd75a7987/resource/8ae366e5-07f5-4cb2-99fb-a88046f7deb1/download/metadados20240306.json,data/raw/stj_integras/metadata/metadados20240306.json,a8b524aac8cb73e1b20014c4561981d6ae4bf9f0607dbdd2dc5cc6f509503eeb,1385233,CC-BY,2022-08-01..2024-08-31,2025-03-26T18:34:03.825386,0,"copied from local mirror (STJ-Moral-Damages-Jurimetrics, CKAN download of 2026-09-07/08; sha256 verified against mirror CHECKSUMS)"
2026-09-12T19:01:09+00:00,stj_integras_decisoes,textos20240306.zip,https://dadosabertos.web.stj.jus.br/dataset/a2cd85cc-1391-4ebc-aeed-a45dd75a7987/resource/80d02a9f-7a9d-4427-b1af-beaa51c845b0/download/textos20240306.zip,data/raw/stj_integras/texts/textos20240306.zip,40bd7990f78766ca77ba8b324170032feb19335b12f78c46da2c739bf3a3cf03,10555256,CC-BY,2022-08-01..2024-08-31,2025-03-26T18:34:13.305531,0,"copied from local mirror (STJ-Moral-Damages-Jurimetrics, CKAN download of 2026-09-07/08; sha256 verified against mirror CHECKSUMS)"
2026-09-12T19:01:09+00:00,stj_integras_decisoes,metadados20240307.json,https://dadosabertos.web.stj.jus.br/dataset/a2cd85cc-1391-4ebc-aeed-a45dd75a7987/resource/68692002-8b55-4fd6-a585-97d50d952b89/download/metadados20240307.json,data/raw/stj_integras/metadata/metadados20240307.json,16d441e8ad4ab8f76bb6466b8f0e8751e120fe1fba77f1000225766f0fdbf979,1998041,CC-BY,2022-08-01..2024-08-31,2025-03-26T18:34:50.406141,0,"copied from local mirror (STJ-Moral-Damages-Jurimetrics, CKAN download of 2026-09-07/08; sha256 verified against mirror CHECKSUMS)"
2026-09-12T19:01:09+00:00,stj_integras_decisoes,textos20240307.zip,https://dadosabertos.web.stj.jus.br/dataset/a2cd85cc-1391-4ebc-aeed-a45dd75a7987/resource/5a29a5de-ba01-48fc-a599-367938afc340/download/textos20240307.zip,data/raw/stj_integras/texts/textos20240307.zip,41729d3aa50a363c310d2aa0aca5bef428454b16c67ce96ecbda1a72aa2b05d0,17315296,CC-BY,2022-08-01..2024-08-31,2025-03-26T18:35:00.597581,0,"copied from local mirror (STJ-Moral-Damages-Jurimetrics, CKAN download of 2026-09-07/08; sha256 verified against mirror CHECKSUMS)"
2026-09-12T19:01:09+00:00,stj_integras_decisoes,metadados20240308.json,https://dadosabertos.web.stj.jus.br/dataset/a2cd85cc-1391-4ebc-aeed-a45dd75a7987/resource/8e635896-ab36-40d7-8481-2277cfbdde2a/download/metadados20240308.json,data/raw/stj_integras/metadata/metadados20240308.json,13ab09f1d937a0cb94c967d14e46bd58bb8ce7fae74ee3c0b54b282d1d3185e5,940836,CC-BY,2022-08-01..2024-08-31,2025-03-26T18:35:25.481089,0,"copied from local mirror (STJ-Moral-Damages-Jurimetrics, CKAN download of 2026-09-07/08; sha256 verified against mirror CHECKSUMS)"
2026-09-12T19:01:09+00:00,stj_integras_decisoes,textos20240308.zip,https://dadosabertos.web.stj.jus.br/dataset/a2cd85cc-1391-4ebc-aeed-a45dd75a7987/resource/34c50c2c-2354-4a97-98c3-ebcdff679cca/download/textos20240308.zip,data/raw/stj_integras/texts/textos20240308.zip,068fddcedcd70a8d398d23a9b024b4b9010991cfa8fc363031ef8563e5ff1bac,6770682,CC-BY,2022-08-01..2024-08-31,2025-03-26T18:35:34.701833,0,"copied from local mirror (STJ-Moral-Damages-Jurimetrics, CKAN download of 2026-09-07/08; sha256 verified against mirror CHECKSUMS)"
2026-09-12T19:01:09+00:00,stj_integras_decisoes,metadados20240311.json,https://dadosabertos.web.stj.jus.br/dataset/a2cd85cc-1391-4ebc-aeed-a45dd75a7987/resource/c100aac0-8076-4250-bfca-8bf4692008d9/download/metadados20240311.json,data/raw/stj_integras/metadata/metadados20240311.json,66e7a30bfcbbe52c00fa931063260f5b8d22130dc069c2e5e2843803b2004cfb,1558393,CC-BY,2022-08-01..2024-08-31,2025-03-26T18:36:30.559983,0,"copied from local mirror (STJ-Moral-Damages-Jurimetrics, CKAN download of 2026-09-07/08; sha256 verified against mirror CHECKSUMS)"
2026-09-12T19:01:09+00:00,stj_integras_decisoes,textos20240311.zip,https://dadosabertos.web.stj.jus.br/dataset/a2cd85cc-1391-4ebc-aeed-a45dd75a7987/resource/76e0ed0b-04ff-4c59-84e8-7ccacc478ebb/download/textos20240311.zip,data/raw/stj_integras/texts/textos20240311.zip,62c2eb8560eaa2ab093b956fab5d4c3a9df77e943495d6113fbe0d1da5a206b4,10076880,CC-BY,2022-08-01..2024-08-31,2025-03-26T18:36:40.456738,0,"copied from local mirror (STJ-Moral-Damages-Jurimetrics, CKAN download of 2026-09-07/08; sha256 verified against mirror CHECKSUMS)"
2026-09-12T19:01:09+00:00,stj_integras_decisoes,metadados20240312.json,https://dadosabertos.web.stj.jus.br/dataset/a2cd85cc-1391-4ebc-aeed-a45dd75a7987/resource/e3415d4d-06fa-42cd-be72-16b296eb6429/download/metadados20240312.json,data/raw/stj_integras/metadata/metadados20240312.json,50ccbb0a02b204e584e60fbff8302df2b9bb3d05d3a221510e02e4a8ab98aea7,2329280,CC-BY,2022-08-01..2024-08-31,2025-03-26T18:37:13.701269,0,"copied from local mirror (STJ-Moral-Damages-Jurimetrics, CKAN download of 2026-09-07/08; sha256 verified against mirror CHECKSUMS)"
2026-09-12T19:01:09+00:00,stj_integras_decisoes,textos20240312.zip,https://dadosabertos.web.stj.jus.br/dataset/a2cd85cc-1391-4ebc-aeed-a45dd75a7987/resource/9c7bc8ec-43af-48b6-a06c-5c8dc8dd1421/download/textos20240312.zip,data/raw/stj_integras/texts/textos20240312.zip,f167a84bd8bd1b6b8ea7eb47d6e9f9a5fa4bb3509c4c365b51cea30847f59456,12403891,CC-BY,2022-08-01..2024-08-31,2025-03-26T18:37:23.626206,0,"copied from local mirror (STJ-Moral-Damages-Jurimetrics, CKAN download of 2026-09-07/08; sha256 verified against mirror CHECKSUMS)"
2026-09-12T19:01:09+00:00,stj_integras_decisoes,metadados20240313.json,https://dadosabertos.web.stj.jus.br/dataset/a2cd85cc-1391-4ebc-aeed-a45dd75a7987/resource/ce3449e1-c4c8-45e1-8e82-8801d7545ba1/download/metadados20240313.json,data/raw/stj_integras/metadata/metadados20240313.json,8973efb9f8ee936646125e1a3f5e713f42c8b3a5fb0d8384fef6c48a03aba3e6,933630,CC-BY,2022-08-01..2024-08-31,2025-03-26T18:37:44.281932,0,"copied from local mirror (STJ-Moral-Damages-Jurimetrics, CKAN download of 2026-09-07/08; sha256 verified against mirror CHECKSUMS)"
2026-09-12T19:01:09+00:00,stj_integras_decisoes,textos20240313.zip,https://dadosabertos.web.stj.jus.br/dataset/a2cd85cc-1391-4ebc-aeed-a45dd75a7987/resource/7f3d1b64-8b5d-4110-88bd-ac1e341d34cd/download/textos20240313.zip,data/raw/stj_integras/texts/textos20240313.zip,43961b4cf48329078d734d799774057186d69ac08ba2e2a04a5c4c5a1035fe05,6447912,CC-BY,2022-08-01..2024-08-31,2025-03-26T18:37:56.437483,0,"copied from local mirror (STJ-Moral-Damages-Jurimetrics, CKAN download of 2026-09-07/08; sha256 verified against mirror CHECKSUMS)"
2026-09-12T19:01:09+00:00,stj_integras_decisoes,metadados20240314.json,https://dadosabertos.web.stj.jus.br/dataset/a2cd85cc-1391-4ebc-aeed-a45dd75a7987/resource/219d585c-e336-4bef-9fd3-46d3a6d37740/download/metadados20240314.json,data/raw/stj_integras/metadata/metadados20240314.json,f95cc374576cd7b94a03e34ee89f779d483d08170e55df35a34d8d98c85344ed,1658632,CC-BY,2022-08-01..2024-08-31,2025-03-26T18:38:25.822400,0,"copied from local mirror (STJ-Moral-Damages-Jurimetrics, CKAN download of 2026-09-07/08; sha256 verified against mirror CHECKSUMS)"
2026-09-12T19:01:09+00:00,stj_integras_decisoes,textos20240314.zip,https://dadosabertos.web.stj.jus.br/dataset/a2cd85cc-1391-4ebc-aeed-a45dd75a7987/resource/8420a092-4c8c-4ff0-9e36-66065ea69154/download/textos20240314.zip,data/raw/stj_integras/texts/textos20240314.zip,e25582e8e696704c97f0e07fb2579e05c46a8c17c7c58f3337962b81a454989b,13532469,CC-BY,2022-08-01..2024-08-31,2025-03-26T18:38:38.392872,0,"copied from local mirror (STJ-Moral-Damages-Jurimetrics, CKAN download of 2026-09-07/08; sha256 verified against mirror CHECKSUMS)"
2026-09-12T19:01:09+00:00,stj_integras_decisoes,metadados20240315.json,https://dadosabertos.web.stj.jus.br/dataset/a2cd85cc-1391-4ebc-aeed-a45dd75a7987/resource/8f88c29b-ba75-4056-8784-4110182200a4/download/metadados20240315.json,data/raw/stj_integras/metadata/metadados20240315.json,c050a0bff9536d30cb9770e36a07c25e488efa0a60945a66b30afecb46b27671,1550851,CC-BY,2022-08-01..2024-08-31,2025-03-26T18:39:03.997054,0,"copied from local mirror (STJ-Moral-Damages-Jurimetrics, CKAN download of 2026-09-07/08; sha256 verified against mirror CHECKSUMS)"
2026-09-12T19:01:09+00:00,stj_integras_decisoes,textos20240315.zip,https://dadosabertos.web.stj.jus.br/dataset/a2cd85cc-1391-4ebc-aeed-a45dd75a7987/resource/e74b68b1-b4bb-41f3-8d71-20725f2ae63e/download/textos20240315.zip,data/raw/stj_integras/texts/textos20240315.zip,f9b9b1a289018c11e0d3be1ee1f0c6874e08ef81b480aa94fb9efe0e0a556263,10036522,CC-BY,2022-08-01..2024-08-31,2025-03-26T18:39:14.498151,0,"copied from local mirror (STJ-Moral-Damages-Jurimetrics, CKAN download of 2026-09-07/08; sha256 verified against mirror CHECKSUMS)"
2026-09-12T19:01:09+00:00,stj_integras_decisoes,metadados20240318.json,https://dadosabertos.web.stj.jus.br/dataset/a2cd85cc-1391-4ebc-aeed-a45dd75a7987/resource/1e7ef01e-6559-4895-85ab-90ba2b06c326/download/metadados20240318.json,data/raw/stj_integras/metadata/metadados20240318.json,5f3fe4b65239f2eb2131868bb9592c216640b8f6b5273e0a42a1859c62580125,1891807,CC-BY,2022-08-01..2024-08-31,2025-03-26T18:39:46.286003,0,"copied from local mirror (STJ-Moral-Damages-Jurimetrics, CKAN download of 2026-09-07/08; sha256 verified against mirror CHECKSUMS)"
2026-09-12T19:01:09+00:00,stj_integras_decisoes,textos20240318.zip,https://dadosabertos.web.stj.jus.br/dataset/a2cd85cc-1391-4ebc-aeed-a45dd75a7987/resource/f57d430d-61cc-460a-a9e5-638ffc429566/download/textos20240318.zip,data/raw/stj_integras/texts/textos20240318.zip,a537ee3a4ecd05b896f0736b880df1ff35c8ccee565cc1f21642fb8e101efe38,13178343,CC-BY,2022-08-01..2024-08-31,2025-03-26T18:39:56.566394,0,"copied from local mirror (STJ-Moral-Damages-Jurimetrics, CKAN download of 2026-09-07/08; sha256 verified against mirror CHECKSUMS)"
2026-09-12T19:01:09+00:00,stj_integras_decisoes,metadados20240319.json,https://dadosabertos.web.stj.jus.br/dataset/a2cd85cc-1391-4ebc-aeed-a45dd75a7987/resource/44be0678-affe-4480-b608-7ab437fc21f6/download/metadados20240319.json,data/raw/stj_integras/metadata/metadados20240319.json,32a1638fcd86ca2acf862b92db5724c582bfd407fa02af35880e3a0f81419ace,1373885,CC-BY,2022-08-01..2024-08-31,2025-03-26T18:40:22.941970,0,"copied from local mirror (STJ-Moral-Damages-Jurimetrics, CKAN download of 2026-09-07/08; sha256 verified against mirror CHECKSUMS)"
2026-09-12T19:01:09+00:00,stj_integras_decisoes,textos20240319.zip,https://dadosabertos.web.stj.jus.br/dataset/a2cd85cc-1391-4ebc-aeed-a45dd75a7987/resource/00b161be-3cc9-48dc-bc53-58ff7e363a40/download/textos20240319.zip,data/raw/stj_integras/texts/textos20240319.zip,6d30f8040913a5722604f7fa8e618eea0b0e834abe7ab92802a1147650308979,8816154,CC-BY,2022-08-01..2024-08-31,2025-03-26T18:40:33.925060,0,"copied from local mirror (STJ-Moral-Damages-Jurimetrics, CKAN download of 2026-09-07/08; sha256 verified against mirror CHECKSUMS)"
2026-09-12T19:01:09+00:00,stj_integras_decisoes,metadados20240320.json,https://dadosabertos.web.stj.jus.br/dataset/a2cd85cc-1391-4ebc-aeed-a45dd75a7987/resource/b07f85bd-3075-499f-8e07-024eec9c2d83/download/metadados20240320.json,data/raw/stj_integras/metadata/metadados20240320.json,27dd2e8a693bf90634d47249c601241df54650a93d6c5d985bee32a4b04ab3e3,2106535,CC-BY,2022-08-01..2024-08-31,2025-03-26T19:00:54.581961,0,"copied from local mirror (STJ-Moral-Damages-Jurimetrics, CKAN download of 2026-09-07/08; sha256 verified against mirror CHECKSUMS)"
2026-09-12T19:01:09+00:00,stj_integras_decisoes,textos20240320.zip,https://dadosabertos.web.stj.jus.br/dataset/a2cd85cc-1391-4ebc-aeed-a45dd75a7987/resource/bd155126-07c4-4b75-ac07-9a678e28398b/download/textos20240320.zip,data/raw/stj_integras/texts/textos20240320.zip,dc67b24ec32f988e9dc74787ef4aa09ec49c4e2db5918025931b0e87d8e080a6,12606959,CC-BY,2022-08-01..2024-08-31,2025-03-26T19:01:06.360496,0,"copied from local mirror (STJ-Moral-Damages-Jurimetrics, CKAN download of 2026-09-07/08; sha256 verified against mirror CHECKSUMS)"
2026-09-12T19:01:09+00:00,stj_integras_decisoes,metadados20240321.json,https://dadosabertos.web.stj.jus.br/dataset/a2cd85cc-1391-4ebc-aeed-a45dd75a7987/resource/c04874fe-90e8-4cca-8cc0-2435937c14cf/download/metadados20240321.json,data/raw/stj_integras/metadata/metadados20240321.json,74e984d9fbb6abb2cbdca28cf6d6bfcbbc3ca5955d1ac91406f8ff372008c49d,2062983,CC-BY,2022-08-01..2024-08-31,2025-03-26T19:24:31.012858,0,"copied from local mirror (STJ-Moral-Damages-Jurimetrics, CKAN download of 2026-09-07/08; sha256 verified against mirror CHECKSUMS)"
2026-09-12T19:01:09+00:00,stj_integras_decisoes,textos20240321.zip,https://dadosabertos.web.stj.jus.br/dataset/a2cd85cc-1391-4ebc-aeed-a45dd75a7987/resource/62dd35c0-63f9-40d8-a5ef-cbbf5ec7806a/download/textos20240321.zip,data/raw/stj_integras/texts/textos20240321.zip,2c841126b45112c855a89c61c92cb731ab9733b2ade40aa3557b776a7ac82238,12334393,CC-BY,2022-08-01..2024-08-31,2025-03-26T19:24:41.903074,0,"copied from local mirror (STJ-Moral-Damages-Jurimetrics, CKAN download of 2026-09-07/08; sha256 verified against mirror CHECKSUMS)"
2026-09-12T19:01:09+00:00,stj_integras_decisoes,metadados20240322.json,https://dadosabertos.web.stj.jus.br/dataset/a2cd85cc-1391-4ebc-aeed-a45dd75a7987/resource/2308b424-6972-42a5-9e98-39ed0673275e/download/metadados20240322.json,data/raw/stj_integras/metadata/metadados20240322.json,b725b799bf1d893e7d2c08cd41ac5e10a2f27684bc3f6ea02998de7b1aea8816,2320907,CC-BY,2022-08-01..2024-08-31,2025-03-26T20:01:26.375204,0,"copied from local mirror (STJ-Moral-Damages-Jurimetrics, CKAN download of 2026-09-07/08; sha256 verified against mirror CHECKSUMS)"
2026-09-12T19:01:09+00:00,stj_integras_decisoes,textos20240322.zip,https://dadosabertos.web.stj.jus.br/dataset/a2cd85cc-1391-4ebc-aeed-a45dd75a7987/resource/9c6ae8c3-bdc6-49d5-8694-4dab8605f08d/download/textos20240322.zip,data/raw/stj_integras/texts/textos20240322.zip,e905b66362bd1e2c1ae8e8d0fc1e08765966af31907b3274e08c23ae29741110,16282490,CC-BY,2022-08-01..2024-08-31,2025-03-26T20:01:37.827084,0,"copied from local mirror (STJ-Moral-Damages-Jurimetrics, CKAN download of 2026-09-07/08; sha256 verified against mirror CHECKSUMS)"
2026-09-12T19:01:09+00:00,stj_integras_decisoes,metadados20240402.json,https://dadosabertos.web.stj.jus.br/dataset/a2cd85cc-1391-4ebc-aeed-a45dd75a7987/resource/a852734d-127f-44d0-bc89-2ea392762749/download/metadados20240402.json,data/raw/stj_integras/metadata/metadados20240402.json,d645f2871f81e329046b279b2098670975830740c7f37bb96af461ce7e6703fd,2779626,CC-BY,2022-08-01..2024-08-31,2025-03-26T20:31:31.747045,0,"copied from local mirror (STJ-Moral-Damages-Jurimetrics, CKAN download of 2026-09-07/08; sha256 verified against mirror CHECKSUMS)"
2026-09-12T19:01:09+00:00,stj_integras_decisoes,textos20240402.zip,https://dadosabertos.web.stj.jus.br/dataset/a2cd85cc-1391-4ebc-aeed-a45dd75a7987/resource/9e8a8501-778a-4937-9eb9-3c65e2978a5f/download/textos20240402.zip,data/raw/stj_integras/texts/textos20240402.zip,14f549d848ba698a840feb9fe2487a3169482c3a3ffe8840d8980f8c6de7fe9e,18356520,CC-BY,2022-08-01..2024-08-31,2025-03-26T20:31:42.864564,0,"copied from local mirror (STJ-Moral-Damages-Jurimetrics, CKAN download of 2026-09-07/08; sha256 verified against mirror CHECKSUMS)"
2026-09-12T19:01:09+00:00,stj_integras_decisoes,metadados20240403.json,https://dadosabertos.web.stj.jus.br/dataset/a2cd85cc-1391-4ebc-aeed-a45dd75a7987/resource/a2441690-4ccc-4471-b486-399515c2635c/download/metadados20240403.json,data/raw/stj_integras/metadata/metadados20240403.json,772480f6500e082eb8c5492e0b1424b77659bb09d504440a46397ee947130af4,506224,CC-BY,2022-08-01..2024-08-31,2025-03-26T20:41:02.870862,0,"copied from local mirror (STJ-Moral-Damages-Jurimetrics, CKAN download of 2026-09-07/08; sha256 verified against mirror CHECKSUMS)"
2026-09-12T19:01:09+00:00,stj_integras_decisoes,textos20240403.zip,https://dadosabertos.web.stj.jus.br/dataset/a2cd85cc-1391-4ebc-aeed-a45dd75a7987/resource/c239d80f-3deb-4ad2-b3f4-718f42438844/download/textos20240403.zip,data/raw/stj_integras/texts/textos20240403.zip,e5e22d5b83c7f158c674ebdc3a4d10491ef27396e317fa44e57209eee13c9664,3253854,CC-BY,2022-08-01..2024-08-31,2025-03-26T20:41:14.837320,0,"copied from local mirror (STJ-Moral-Damages-Jurimetrics, CKAN download of 2026-09-07/08; sha256 verified against mirror CHECKSUMS)"
2026-09-12T19:01:09+00:00,stj_integras_decisoes,metadados20240404.json,https://dadosabertos.web.stj.jus.br/dataset/a2cd85cc-1391-4ebc-aeed-a45dd75a7987/resource/8ca5e675-3929-4da4-a708-9a03df4615ff/download/metadados20240404.json,data/raw/stj_integras/metadata/metadados20240404.json,e1b9edd9821b60a703e6c927344542f1c597c5de5165dd99ca0a5a4b778b66ff,1318514,CC-BY,2022-08-01..2024-08-31,2025-03-26T22:55:42.654753,0,"copied from local mirror (STJ-Moral-Damages-Jurimetrics, CKAN download of 2026-09-07/08; sha256 verified against mirror CHECKSUMS)"
2026-09-12T19:01:09+00:00,stj_integras_decisoes,textos20240404.zip,https://dadosabertos.web.stj.jus.br/dataset/a2cd85cc-1391-4ebc-aeed-a45dd75a7987/resource/684c29dd-6a50-4074-ac1f-6b99c620a436/download/textos20240404.zip,data/raw/stj_integras/texts/textos20240404.zip,45cce26cfcf24453569686889d35f845305a0fc612ae398e11825007aedcc7b8,8313022,CC-BY,2022-08-01..2024-08-31,2025-03-26T22:55:54.711720,0,"copied from local mirror (STJ-Moral-Damages-Jurimetrics, CKAN download of 2026-09-07/08; sha256 verified against mirror CHECKSUMS)"
2026-09-12T19:01:09+00:00,stj_integras_decisoes,metadados20240405.json,https://dadosabertos.web.stj.jus.br/dataset/a2cd85cc-1391-4ebc-aeed-a45dd75a7987/resource/d33fd0a8-b1b4-4feb-9486-b3f591449cea/download/metadados20240405.json,data/raw/stj_integras/metadata/metadados20240405.json,2e5df61c5b6a8de43afc465b699be6e0f1b9de3ed45edfd5d8ca466ab48348da,1027664,CC-BY,2022-08-01..2024-08-31,2025-03-26T23:01:53.622779,0,"copied from local mirror (STJ-Moral-Damages-Jurimetrics, CKAN download of 2026-09-07/08; sha256 verified against mirror CHECKSUMS)"
2026-09-12T19:01:09+00:00,stj_integras_decisoes,textos20240405.zip,https://dadosabertos.web.stj.jus.br/dataset/a2cd85cc-1391-4ebc-aeed-a45dd75a7987/resource/37d4d8fc-ab2d-4170-99dd-4d3fce853d71/download/textos20240405.zip,data/raw/stj_integras/texts/textos20240405.zip,b67a8e52df0c6fb0de44e77e89283c87eeedea6a89af5d6fcd051385ababd35b,6500333,CC-BY,2022-08-01..2024-08-31,2025-03-26T23:02:03.993000,0,"copied from local mirror (STJ-Moral-Damages-Jurimetrics, CKAN download of 2026-09-07/08; sha256 verified against mirror CHECKSUMS)"
2026-09-12T19:01:10+00:00,stj_integras_decisoes,metadados20240408.json,https://dadosabertos.web.stj.jus.br/dataset/a2cd85cc-1391-4ebc-aeed-a45dd75a7987/resource/d055f0b6-93c7-4f07-87be-f6f82dcc433c/download/metadados20240408.json,data/raw/stj_integras/metadata/metadados20240408.json,6eb518d20689a6059f68d350bf9b3523c8d27ffbf9cd1eae4ccd665d2c65c54c,1516521,CC-BY,2022-08-01..2024-08-31,2025-03-26T23:09:36.234928,0,"copied from local mirror (STJ-Moral-Damages-Jurimetrics, CKAN download of 2026-09-07/08; sha256 verified against mirror CHECKSUMS)"
2026-09-12T19:01:10+00:00,stj_integras_decisoes,textos20240408.zip,https://dadosabertos.web.stj.jus.br/dataset/a2cd85cc-1391-4ebc-aeed-a45dd75a7987/resource/73c72d7b-8439-4063-9bc4-1a442063853a/download/textos20240408.zip,data/raw/stj_integras/texts/textos20240408.zip,700ca4c3cde5fca3f1c5d0b4b8c1b519567eac8ef8ad00eba607196cc0ddcdf1,8078847,CC-BY,2022-08-01..2024-08-31,2025-03-26T23:09:50.571377,0,"copied from local mirror (STJ-Moral-Damages-Jurimetrics, CKAN download of 2026-09-07/08; sha256 verified against mirror CHECKSUMS)"
2026-09-12T19:01:10+00:00,stj_integras_decisoes,metadados20240409.json,https://dadosabertos.web.stj.jus.br/dataset/a2cd85cc-1391-4ebc-aeed-a45dd75a7987/resource/25222825-6d0f-4a0a-bfcf-430582b0bc38/download/metadados20240409.json,data/raw/stj_integras/metadata/metadados20240409.json,33cbd582b860e4ab07664df98b8717b67be335907a6392d0f9c84ee130b5fb39,654396,CC-BY,2022-08-01..2024-08-31,2025-03-26T23:13:56.639407,0,"copied from local mirror (STJ-Moral-Damages-Jurimetrics, CKAN download of 2026-09-07/08; sha256 verified against mirror CHECKSUMS)"
2026-09-12T19:01:10+00:00,stj_integras_decisoes,textos20240409.zip,https://dadosabertos.web.stj.jus.br/dataset/a2cd85cc-1391-4ebc-aeed-a45dd75a7987/resource/9269d327-8d7c-4120-854c-1d6d6cedb7d2/download/textos20240409.zip,data/raw/stj_integras/texts/textos20240409.zip,63bf9ae008a8defa7eaf0c9380d13b9c68fa7df4883b9fc2f49f71559bb77e61,4745080,CC-BY,2022-08-01..2024-08-31,2025-03-26T23:14:07.653193,0,"copied from local mirror (STJ-Moral-Damages-Jurimetrics, CKAN download of 2026-09-07/08; sha256 verified against mirror CHECKSUMS)"
2026-09-12T19:01:10+00:00,stj_integras_decisoes,metadados20240410.json,https://dadosabertos.web.stj.jus.br/dataset/a2cd85cc-1391-4ebc-aeed-a45dd75a7987/resource/6050cdf0-78cb-4a3c-b5a6-30bec3b61cd9/download/metadados20240410.json,data/raw/stj_integras/metadata/metadados20240410.json,9b9e813e86011c455eae5515da7d73855a0f8e241e429c1dd24a79afa3ec75a9,1528871,CC-BY,2022-08-01..2024-08-31,2025-03-26T23:25:37.624271,0,"copied from local mirror (STJ-Moral-Damages-Jurimetrics, CKAN download of 2026-09-07/08; sha256 verified against mirror CHECKSUMS)"
2026-09-12T19:01:10+00:00,stj_integras_decisoes,textos20240410.zip,https://dadosabertos.web.stj.jus.br/dataset/a2cd85cc-1391-4ebc-aeed-a45dd75a7987/resource/6d98bc2b-6c0f-4e39-80fd-540ebf26b44a/download/textos20240410.zip,data/raw/stj_integras/texts/textos20240410.zip,226c7506220587bf27f9048b185ad07693e98c6ee8bc0eab7624f9c365b695e2,8127318,CC-BY,2022-08-01..2024-08-31,2025-03-26T23:25:49.144866,0,"copied from local mirror (STJ-Moral-Damages-Jurimetrics, CKAN download of 2026-09-07/08; sha256 verified against mirror CHECKSUMS)"
2026-09-12T19:01:10+00:00,stj_integras_decisoes,metadados20240411.json,https://dadosabertos.web.stj.jus.br/dataset/a2cd85cc-1391-4ebc-aeed-a45dd75a7987/resource/e0bb4f82-3752-412c-bfed-395a91500626/download/metadados20240411.json,data/raw/stj_integras/metadata/metadados20240411.json,c60e107447f2bd03ad204baa45703c07d0816020608020c0093316d3455e722f,3159119,CC-BY,2022-08-01..2024-08-31,2025-03-26T23:54:50.930354,0,"copied from local mirror (STJ-Moral-Damages-Jurimetrics, CKAN download of 2026-09-07/08; sha256 verified against mirror CHECKSUMS)"
2026-09-12T19:01:10+00:00,stj_integras_decisoes,textos20240411.zip,https://dadosabertos.web.stj.jus.br/dataset/a2cd85cc-1391-4ebc-aeed-a45dd75a7987/resource/be759569-ed3a-42bb-863f-3f8f91b73e4a/download/textos20240411.zip,data/raw/stj_integras/texts/textos20240411.zip,07442be890c5ae8b42d166f18fe1a6850b343fba9b913dfa328947744fbac0d4,25657101,CC-BY,2022-08-01..2024-08-31,2025-03-26T23:55:03.367152,0,"copied from local mirror (STJ-Moral-Damages-Jurimetrics, CKAN download of 2026-09-07/08; sha256 verified against mirror CHECKSUMS)"
2026-09-12T19:01:10+00:00,stj_integras_decisoes,metadados20240412.json,https://dadosabertos.web.stj.jus.br/dataset/a2cd85cc-1391-4ebc-aeed-a45dd75a7987/resource/52ffe56d-a7e5-43ca-b4f0-94c1bb06c3a4/download/metadados20240412.json,data/raw/stj_integras/metadata/metadados20240412.json,65126cf89cca4d08faf024575541969389575626fb1f6eb14806ef3df5efc785,1525095,CC-BY,2022-08-01..2024-08-31,2025-03-27T00:09:00.501629,0,"copied from local mirror (STJ-Moral-Damages-Jurimetrics, CKAN download of 2026-09-07/08; sha256 verified against mirror CHECKSUMS)"
2026-09-12T19:01:10+00:00,stj_integras_decisoes,textos20240412.zip,https://dadosabertos.web.stj.jus.br/dataset/a2cd85cc-1391-4ebc-aeed-a45dd75a7987/resource/0c2be21d-1c75-4385-945d-ac2a6cc24131/download/textos20240412.zip,data/raw/stj_integras/texts/textos20240412.zip,e0666acbb80493a1e276a494139e9c60f587e0f1f0f5b269afa3544865d4ccf8,10271515,CC-BY,2022-08-01..2024-08-31,2025-03-27T00:09:11.433405,0,"copied from local mirror (STJ-Moral-Damages-Jurimetrics, CKAN download of 2026-09-07/08; sha256 verified against mirror CHECKSUMS)"
2026-09-12T19:01:10+00:00,stj_integras_decisoes,metadados20240415.json,https://dadosabertos.web.stj.jus.br/dataset/a2cd85cc-1391-4ebc-aeed-a45dd75a7987/resource/1200ec45-e330-44a9-8d9d-f201826dcc57/download/metadados20240415.json,data/raw/stj_integras/metadata/metadados20240415.json,6fdf6d17a5506b44db975af807bad37ed764d5d019ad644ef5679a1a1b13fabf,1574033,CC-BY,2022-08-01..2024-08-31,2025-03-27T00:20:21.139654,0,"copied from local mirror (STJ-Moral-Damages-Jurimetrics, CKAN download of 2026-09-07/08; sha256 verified against mirror CHECKSUMS)"
2026-09-12T19:01:10+00:00,stj_integras_decisoes,textos20240415.zip,https://dadosabertos.web.stj.jus.br/dataset/a2cd85cc-1391-4ebc-aeed-a45dd75a7987/resource/b41bf98d-ceb2-4b0d-9c49-73ac8bbc4d8f/download/textos20240415.zip,data/raw/stj_integras/texts/textos20240415.zip,8e7e7bae6af6901d27155ee90b3e270e249330f144a18defdfb5b1b98448fef2,9849307,CC-BY,2022-08-01..2024-08-31,2025-03-27T00:20:32.373976,0,"copied from local mirror (STJ-Moral-Damages-Jurimetrics, CKAN download of 2026-09-07/08; sha256 verified against mirror CHECKSUMS)"
2026-09-12T19:01:10+00:00,stj_integras_decisoes,metadados20240416.json,https://dadosabertos.web.stj.jus.br/dataset/a2cd85cc-1391-4ebc-aeed-a45dd75a7987/resource/c05eae0b-5e25-4863-b840-c0db31ab37ce/download/metadados20240416.json,data/raw/stj_integras/metadata/metadados20240416.json,f07877b5495056622b283cbb46567169cb17ee7d70df52f18af66e5e53f6ce36,1460161,CC-BY,2022-08-01..2024-08-31,2025-03-27T00:27:39.903046,0,"copied from local mirror (STJ-Moral-Damages-Jurimetrics, CKAN download of 2026-09-07/08; sha256 verified against mirror CHECKSUMS)"
2026-09-12T19:01:10+00:00,stj_integras_decisoes,textos20240416.zip,https://dadosabertos.web.stj.jus.br/dataset/a2cd85cc-1391-4ebc-aeed-a45dd75a7987/resource/0744b546-d3c5-4f1e-b410-7fee0ddd4ac9/download/textos20240416.zip,data/raw/stj_integras/texts/textos20240416.zip,3f479d73380821414f6f580a75da9c07ace9c153f881714f8fe365aef33dfd15,8872591,CC-BY,2022-08-01..2024-08-31,2025-03-27T00:27:51.405993,0,"copied from local mirror (STJ-Moral-Damages-Jurimetrics, CKAN download of 2026-09-07/08; sha256 verified against mirror CHECKSUMS)"
2026-09-12T19:01:10+00:00,stj_integras_decisoes,metadados20240417.json,https://dadosabertos.web.stj.jus.br/dataset/a2cd85cc-1391-4ebc-aeed-a45dd75a7987/resource/43d0f9d3-3007-46d2-bbd2-51f8bbd54b83/download/metadados20240417.json,data/raw/stj_integras/metadata/metadados20240417.json,0da772a335237f1f7a5ea46d2dfe09096a0c92938d33945ae3703add9f94597d,2028260,CC-BY,2022-08-01..2024-08-31,2025-03-27T00:34:10.855973,0,"copied from local mirror (STJ-Moral-Damages-Jurimetrics, CKAN download of 2026-09-07/08; sha256 verified against mirror CHECKSUMS)"
2026-09-12T19:01:10+00:00,stj_integras_decisoes,textos20240417.zip,https://dadosabertos.web.stj.jus.br/dataset/a2cd85cc-1391-4ebc-aeed-a45dd75a7987/resource/b5459905-4d1e-408a-8c1a-3c13272f7785/download/textos20240417.zip,data/raw/stj_integras/texts/textos20240417.zip,45fd9946b3c938e44d81be96960ea136cdf575e444736b80d4e0b55dd18da909,10900092,CC-BY,2022-08-01..2024-08-31,2025-03-27T00:34:24.213587,0,"copied from local mirror (STJ-Moral-Damages-Jurimetrics, CKAN download of 2026-09-07/08; sha256 verified against mirror CHECKSUMS)"
2026-09-12T19:01:10+00:00,stj_integras_decisoes,metadados20240418.json,https://dadosabertos.web.stj.jus.br/dataset/a2cd85cc-1391-4ebc-aeed-a45dd75a7987/resource/e94e319b-f1e2-4880-a674-c24eaa6f476f/download/metadados20240418.json,data/raw/stj_integras/metadata/metadados20240418.json,c0ac0a5cc8918d85b0baaad0269c7f42a749a81651a6c630195cd65553f427d1,2135837,CC-BY,2022-08-01..2024-08-31,2025-03-27T00:40:59.191013,0,"copied from local mirror (STJ-Moral-Damages-Jurimetrics, CKAN download of 2026-09-07/08; sha256 verified against mirror CHECKSUMS)"
2026-09-12T19:01:10+00:00,stj_integras_decisoes,textos20240418.zip,https://dadosabertos.web.stj.jus.br/dataset/a2cd85cc-1391-4ebc-aeed-a45dd75a7987/resource/54934a6c-4a85-428a-bd61-16389353dbe6/download/textos20240418.zip,data/raw/stj_integras/texts/textos20240418.zip,d1dc2e24fea81e78d758c92764b1105ee31516bc22d4e584216679d417c239ab,16081192,CC-BY,2022-08-01..2024-08-31,2025-03-27T00:41:10.275181,0,"copied from local mirror (STJ-Moral-Damages-Jurimetrics, CKAN download of 2026-09-07/08; sha256 verified against mirror CHECKSUMS)"
2026-09-12T19:01:10+00:00,stj_integras_decisoes,metadados20240419.json,https://dadosabertos.web.stj.jus.br/dataset/a2cd85cc-1391-4ebc-aeed-a45dd75a7987/resource/cec413a5-d2d2-4b99-b96b-b3afb5b5a3bd/download/metadados20240419.json,data/raw/stj_integras/metadata/metadados20240419.json,bcb9af3dc200d56a56a05c5f74c75a1abb84ac3eb7a544a6555f4dc38fc66981,1784152,CC-BY,2022-08-01..2024-08-31,2025-03-27T00:46:26.295134,0,"copied from local mirror (STJ-Moral-Damages-Jurimetrics, CKAN download of 2026-09-07/08; sha256 verified against mirror CHECKSUMS)"
2026-09-12T19:01:10+00:00,stj_integras_decisoes,textos20240419.zip,https://dadosabertos.web.stj.jus.br/dataset/a2cd85cc-1391-4ebc-aeed-a45dd75a7987/resource/96465123-f415-4298-965f-3449ede0136e/download/textos20240419.zip,data/raw/stj_integras/texts/textos20240419.zip,c4d3b7b9a989fec45516630091c6e7c72cb81895cbc40cbc1c076d4a7d4c7832,13412301,CC-BY,2022-08-01..2024-08-31,2025-03-27T00:46:37.612146,0,"copied from local mirror (STJ-Moral-Damages-Jurimetrics, CKAN download of 2026-09-07/08; sha256 verified against mirror CHECKSUMS)"
2026-09-12T19:01:10+00:00,stj_integras_decisoes,metadados20240422.json,https://dadosabertos.web.stj.jus.br/dataset/a2cd85cc-1391-4ebc-aeed-a45dd75a7987/resource/68248ed3-f045-472c-bcfa-de670a0579d5/download/metadados20240422.json,data/raw/stj_integras/metadata/metadados20240422.json,ffbc2ac4ccb2ccacc36528e4858270191f9c8ac2552051ae5f0f5085c08b4490,616013,CC-BY,2022-08-01..2024-08-31,2025-03-27T00:48:21.667085,0,"copied from local mirror (STJ-Moral-Damages-Jurimetrics, CKAN download of 2026-09-07/08; sha256 verified against mirror CHECKSUMS)"
2026-09-12T19:01:10+00:00,stj_integras_decisoes,textos20240422.zip,https://dadosabertos.web.stj.jus.br/dataset/a2cd85cc-1391-4ebc-aeed-a45dd75a7987/resource/1d386fbc-b521-4513-974b-18d131173862/download/textos20240422.zip,data/raw/stj_integras/texts/textos20240422.zip,3affd3cf5f4b76ab3e303715c589ec5a90dc31bf888ea1b9e7478aae13f3dd90,4251980,CC-BY,2022-08-01..2024-08-31,2025-03-27T00:48:32.864483,0,"copied from local mirror (STJ-Moral-Damages-Jurimetrics, CKAN download of 2026-09-07/08; sha256 verified against mirror CHECKSUMS)"
2026-09-12T19:01:10+00:00,stj_integras_decisoes,metadados20240423.json,https://dadosabertos.web.stj.jus.br/dataset/a2cd85cc-1391-4ebc-aeed-a45dd75a7987/resource/b664dc08-eb73-455c-af79-ea0f6b124c87/download/metadados20240423.json,data/raw/stj_integras/metadata/metadados20240423.json,49fb69279a260cc18fa1cd14245cbdf57f57f2275fbac87c27859cadc7d67884,2549030,CC-BY,2022-08-01..2024-08-31,2025-03-27T00:59:31.030809,0,"copied from local mirror (STJ-Moral-Damages-Jurimetrics, CKAN download of 2026-09-07/08; sha256 verified against mirror CHECKSUMS)"
2026-09-12T19:01:10+00:00,stj_integras_decisoes,textos20240423.zip,https://dadosabertos.web.stj.jus.br/dataset/a2cd85cc-1391-4ebc-aeed-a45dd75a7987/resource/6b76e572-fde4-435b-a805-e248aaa4d4b0/download/textos20240423.zip,data/raw/stj_integras/texts/textos20240423.zip,7d4a89f9f498d18380e239d6b478591610190c2dd0c3cf2458aa471a54fbe3c8,13861237,CC-BY,2022-08-01..2024-08-31,2025-03-27T00:59:42.219212,0,"copied from local mirror (STJ-Moral-Damages-Jurimetrics, CKAN download of 2026-09-07/08; sha256 verified against mirror CHECKSUMS)"
2026-09-12T19:01:10+00:00,stj_integras_decisoes,metadados20240424.json,https://dadosabertos.web.stj.jus.br/dataset/a2cd85cc-1391-4ebc-aeed-a45dd75a7987/resource/6df71e81-6c4a-4dcf-9cb0-101133e0129a/download/metadados20240424.json,data/raw/stj_integras/metadata/metadados20240424.json,2e75cee4cc7068ea6a1adb1f8e9be09b386e6c3e146ce4b5698792d2d7238338,843570,CC-BY,2022-08-01..2024-08-31,2025-03-27T01:05:10.621818,0,"copied from local mirror (STJ-Moral-Damages-Jurimetrics, CKAN download of 2026-09-07/08; sha256 verified against mirror CHECKSUMS)"
2026-09-12T19:01:10+00:00,stj_integras_decisoes,textos20240424.zip,https://dadosabertos.web.stj.jus.br/dataset/a2cd85cc-1391-4ebc-aeed-a45dd75a7987/resource/43b1358d-b955-4c99-830d-82561d7e1139/download/textos20240424.zip,data/raw/stj_integras/texts/textos20240424.zip,6558ad0d43d248c7feee23f936ab6d91b41ab67038c146f84c8cea414c3b40dd,6526678,CC-BY,2022-08-01..2024-08-31,2025-03-27T01:05:22.101082,0,"copied from local mirror (STJ-Moral-Damages-Jurimetrics, CKAN download of 2026-09-07/08; sha256 verified against mirror CHECKSUMS)"
2026-09-12T19:01:10+00:00,stj_integras_decisoes,metadados20240425.json,https://dadosabertos.web.stj.jus.br/dataset/a2cd85cc-1391-4ebc-aeed-a45dd75a7987/resource/0de1196c-904c-452f-adca-89ac3e34b829/download/metadados20240425.json,data/raw/stj_integras/metadata/metadados20240425.json,b7195310f087ce8b05ddb1c9b82a58efb121c1242572aacc4420b0b3f9042cba,2103476,CC-BY,2022-08-01..2024-08-31,2025-03-27T01:19:48.803319,0,"copied from local mirror (STJ-Moral-Damages-Jurimetrics, CKAN download of 2026-09-07/08; sha256 verified against mirror CHECKSUMS)"
2026-09-12T19:01:10+00:00,stj_integras_decisoes,textos20240425.zip,https://dadosabertos.web.stj.jus.br/dataset/a2cd85cc-1391-4ebc-aeed-a45dd75a7987/resource/764a115c-2c22-41a5-8824-180115471b7b/download/textos20240425.zip,data/raw/stj_integras/texts/textos20240425.zip,c3b497d8d6a49e6f429914a574e9cb66cd01e85da0f7791ac01c83dfc5d2b9ab,15126561,CC-BY,2022-08-01..2024-08-31,2025-03-27T01:20:00.758071,0,"copied from local mirror (STJ-Moral-Damages-Jurimetrics, CKAN download of 2026-09-07/08; sha256 verified against mirror CHECKSUMS)"
2026-09-12T19:01:10+00:00,stj_integras_decisoes,metadados20240426.json,https://dadosabertos.web.stj.jus.br/dataset/a2cd85cc-1391-4ebc-aeed-a45dd75a7987/resource/c6f9bdb0-8b74-428c-a986-78b0fb698810/download/metadados20240426.json,data/raw/stj_integras/metadata/metadados20240426.json,4c610fd4f85c54bd41c2af44b8b81805d2c60bc494ab43d6b378045a26406134,1378037,CC-BY,2022-08-01..2024-08-31,2025-03-27T01:30:51.528766,0,"copied from local mirror (STJ-Moral-Damages-Jurimetrics, CKAN download of 2026-09-07/08; sha256 verified against mirror CHECKSUMS)"
2026-09-12T19:01:10+00:00,stj_integras_decisoes,textos20240426.zip,https://dadosabertos.web.stj.jus.br/dataset/a2cd85cc-1391-4ebc-aeed-a45dd75a7987/resource/76df7863-78b9-456f-9f7a-b251602549a7/download/textos20240426.zip,data/raw/stj_integras/texts/textos20240426.zip,f1dfd24b94c1be8a70a8586032f43b445e39761ad0d3eae7f6942dfc87cc0208,9412832,CC-BY,2022-08-01..2024-08-31,2025-03-27T01:31:03.534236,0,"copied from local mirror (STJ-Moral-Damages-Jurimetrics, CKAN download of 2026-09-07/08; sha256 verified against mirror CHECKSUMS)"
2026-09-12T19:01:10+00:00,stj_integras_decisoes,metadados20240429.json,https://dadosabertos.web.stj.jus.br/dataset/a2cd85cc-1391-4ebc-aeed-a45dd75a7987/resource/cc3ff5f2-0c2e-44c6-8717-71a0e9dfa6e9/download/metadados20240429.json,data/raw/stj_integras/metadata/metadados20240429.json,7f6b563abbd542d4259deb7e01dccea20222f34c814e79f8e30f4064317c0280,1220189,CC-BY,2022-08-01..2024-08-31,2025-03-27T01:39:10.535249,0,"copied from local mirror (STJ-Moral-Damages-Jurimetrics, CKAN download of 2026-09-07/08; sha256 verified against mirror CHECKSUMS)"
2026-09-12T19:01:10+00:00,stj_integras_decisoes,textos20240429.zip,https://dadosabertos.web.stj.jus.br/dataset/a2cd85cc-1391-4ebc-aeed-a45dd75a7987/resource/16afad55-9e59-43d5-927c-2389348ad98a/download/textos20240429.zip,data/raw/stj_integras/texts/textos20240429.zip,42944cdcbb94a93614972fac392e6182ddaa82a5b9e2a356da7d2848eaefd601,7650126,CC-BY,2022-08-01..2024-08-31,2025-03-27T01:39:22.212439,0,"copied from local mirror (STJ-Moral-Damages-Jurimetrics, CKAN download of 2026-09-07/08; sha256 verified against mirror CHECKSUMS)"
2026-09-12T19:01:10+00:00,stj_integras_decisoes,metadados20240430.json,https://dadosabertos.web.stj.jus.br/dataset/a2cd85cc-1391-4ebc-aeed-a45dd75a7987/resource/80317bd8-d505-480c-82ff-a156ee920d9a/download/metadados20240430.json,data/raw/stj_integras/metadata/metadados20240430.json,cc4e45bc54a40e17899f6e7422165d53c89e7410258b69f1f03c09d00a2a58c1,1675465,CC-BY,2022-08-01..2024-08-31,2025-03-27T01:50:28.174960,0,"copied from local mirror (STJ-Moral-Damages-Jurimetrics, CKAN download of 2026-09-07/08; sha256 verified against mirror CHECKSUMS)"
2026-09-12T19:01:10+00:00,stj_integras_decisoes,textos20240430.zip,https://dadosabertos.web.stj.jus.br/dataset/a2cd85cc-1391-4ebc-aeed-a45dd75a7987/resource/64fddfe0-c24e-4ed5-97e1-e048dcb55141/download/textos20240430.zip,data/raw/stj_integras/texts/textos20240430.zip,c323e7763274d8d6c96b85308696fafacf1339a0dd73297db494b8f48253bee1,10716044,CC-BY,2022-08-01..2024-08-31,2025-03-27T01:50:40.912031,0,"copied from local mirror (STJ-Moral-Damages-Jurimetrics, CKAN download of 2026-09-07/08; sha256 verified against mirror CHECKSUMS)"
2026-09-12T19:01:10+00:00,stj_integras_decisoes,metadados20240502.json,https://dadosabertos.web.stj.jus.br/dataset/a2cd85cc-1391-4ebc-aeed-a45dd75a7987/resource/b63878e1-b55a-42ef-b22c-badbcc6f3128/download/metadados20240502.json,data/raw/stj_integras/metadata/metadados20240502.json,7b4ec3d807beaa97638e2f5d3a385b83f07438f5c4a66babbad1179d70fe30da,5075456,CC-BY,2022-08-01..2024-08-31,2025-03-27T02:43:11.698944,0,"copied from local mirror (STJ-Moral-Damages-Jurimetrics, CKAN download of 2026-09-07/08; sha256 verified against mirror CHECKSUMS)"
2026-09-12T19:01:10+00:00,stj_integras_decisoes,textos20240502.zip,https://dadosabertos.web.stj.jus.br/dataset/a2cd85cc-1391-4ebc-aeed-a45dd75a7987/resource/ed7e6679-5c04-4869-9808-e844e8b294d5/download/textos20240502.zip,data/raw/stj_integras/texts/textos20240502.zip,5917d292086a71e9daeac4f501c0e2f7cf5bae8767d8feedfd6035e12c3cd923,34296665,CC-BY,2022-08-01..2024-08-31,2025-03-27T02:43:24.636905,0,"copied from local mirror (STJ-Moral-Damages-Jurimetrics, CKAN download of 2026-09-07/08; sha256 verified against mirror CHECKSUMS)"
2026-09-12T19:01:10+00:00,stj_integras_decisoes,metadados20240503.json,https://dadosabertos.web.stj.jus.br/dataset/a2cd85cc-1391-4ebc-aeed-a45dd75a7987/resource/61496e73-dd3d-4c1b-be30-fe0ed767f7e6/download/metadados20240503.json,data/raw/stj_integras/metadata/metadados20240503.json,983f30c571f499e6331aab1d1ee09f5b772367f0216d06212186a35fa0ac436a,1660339,CC-BY,2022-08-01..2024-08-31,2025-03-27T04:40:24.748341,0,"copied from local mirror (STJ-Moral-Damages-Jurimetrics, CKAN download of 2026-09-07/08; sha256 verified against mirror CHECKSUMS)"
2026-09-12T19:01:10+00:00,stj_integras_decisoes,textos20240503.zip,https://dadosabertos.web.stj.jus.br/dataset/a2cd85cc-1391-4ebc-aeed-a45dd75a7987/resource/5169204e-18f9-476d-b217-7d5b32e48b30/download/textos20240503.zip,data/raw/stj_integras/texts/textos20240503.zip,2dd21b5d50b478d54a6e23c36bb82969fbdb100fbe2f0341b1c517653d2d7a03,11302767,CC-BY,2022-08-01..2024-08-31,2025-03-27T04:40:35.983658,0,"copied from local mirror (STJ-Moral-Damages-Jurimetrics, CKAN download of 2026-09-07/08; sha256 verified against mirror CHECKSUMS)"
2026-09-12T19:01:10+00:00,stj_integras_decisoes,metadados20240506.json,https://dadosabertos.web.stj.jus.br/dataset/a2cd85cc-1391-4ebc-aeed-a45dd75a7987/resource/1b30df64-c1bb-4bac-a548-7702d8b5f1e4/download/metadados20240506.json,data/raw/stj_integras/metadata/metadados20240506.json,333d2d21ce65b91e6b191dc9a0de3a128d6f932c944156fd520de6a6fbff1b75,1200653,CC-BY,2022-08-01..2024-08-31,2025-03-27T17:07:59.822095,0,"copied from local mirror (STJ-Moral-Damages-Jurimetrics, CKAN download of 2026-09-07/08; sha256 verified against mirror CHECKSUMS)"
2026-09-12T19:01:10+00:00,stj_integras_decisoes,textos20240506.zip,https://dadosabertos.web.stj.jus.br/dataset/a2cd85cc-1391-4ebc-aeed-a45dd75a7987/resource/8f948476-2b19-4928-8209-265e96a8101f/download/textos20240506.zip,data/raw/stj_integras/texts/textos20240506.zip,a45f270e21404547fa158444937aba8cad066a3eb397437ed847e87307538d22,8265542,CC-BY,2022-08-01..2024-08-31,2025-03-27T17:08:12.433521,0,"copied from local mirror (STJ-Moral-Damages-Jurimetrics, CKAN download of 2026-09-07/08; sha256 verified against mirror CHECKSUMS)"
2026-09-12T19:01:10+00:00,stj_integras_decisoes,metadados20240507.json,https://dadosabertos.web.stj.jus.br/dataset/a2cd85cc-1391-4ebc-aeed-a45dd75a7987/resource/550c5d04-455a-486a-93b4-0196c45eaf80/download/metadados20240507.json,data/raw/stj_integras/metadata/metadados20240507.json,7116fc873e15b73266d04f6460e7ecbb32d5f234ba20a86a3cb3de0154528c04,771585,CC-BY,2022-08-01..2024-08-31,2025-03-27T17:18:38.245916,0,"copied from local mirror (STJ-Moral-Damages-Jurimetrics, CKAN download of 2026-09-07/08; sha256 verified against mirror CHECKSUMS)"
2026-09-12T19:01:10+00:00,stj_integras_decisoes,textos20240507.zip,https://dadosabertos.web.stj.jus.br/dataset/a2cd85cc-1391-4ebc-aeed-a45dd75a7987/resource/6d32804d-aecc-419d-9b23-c8a8f0fa8aec/download/textos20240507.zip,data/raw/stj_integras/texts/textos20240507.zip,a8c9be9526a008552fbe940f720a32fc9da9fa371486528073ea5ce2e4cbbaef,5912634,CC-BY,2022-08-01..2024-08-31,2025-03-27T17:18:50.078213,0,"copied from local mirror (STJ-Moral-Damages-Jurimetrics, CKAN download of 2026-09-07/08; sha256 verified against mirror CHECKSUMS)"
2026-09-12T19:01:10+00:00,stj_integras_decisoes,metadados20240508.json,https://dadosabertos.web.stj.jus.br/dataset/a2cd85cc-1391-4ebc-aeed-a45dd75a7987/resource/c0b6cf6a-5df9-47ab-96a9-5f74baaf7f65/download/metadados20240508.json,data/raw/stj_integras/metadata/metadados20240508.json,86bdd3e75e407baaaee4106875f5a9ece1eb280c53a38a8a6cbc3b08bf685107,1028139,CC-BY,2022-08-01..2024-08-31,2025-03-27T17:29:37.043383,0,"copied from local mirror (STJ-Moral-Damages-Jurimetrics, CKAN download of 2026-09-07/08; sha256 verified against mirror CHECKSUMS)"
2026-09-12T19:01:10+00:00,stj_integras_decisoes,textos20240508.zip,https://dadosabertos.web.stj.jus.br/dataset/a2cd85cc-1391-4ebc-aeed-a45dd75a7987/resource/d04ef5a8-85e4-44cf-9fcd-30f0e9e0eed5/download/textos20240508.zip,data/raw/stj_integras/texts/textos20240508.zip,9091cc3c3c6f41afcace40f8255760636ec03a35c9dbd0d411641eb0cf7e9c92,6837558,CC-BY,2022-08-01..2024-08-31,2025-03-27T17:29:48.621157,0,"copied from local mirror (STJ-Moral-Damages-Jurimetrics, CKAN download of 2026-09-07/08; sha256 verified against mirror CHECKSUMS)"
2026-09-12T19:01:10+00:00,stj_integras_decisoes,metadados20240509.json,https://dadosabertos.web.stj.jus.br/dataset/a2cd85cc-1391-4ebc-aeed-a45dd75a7987/resource/066ed190-53f7-441e-9795-cf3635cf2887/download/metadados20240509.json,data/raw/stj_integras/metadata/metadados20240509.json,599f78c0606022bce8cb06f2aa90798a51354a2fd6d410484db469d0a2097d6b,1396352,CC-BY,2022-08-01..2024-08-31,2025-03-27T17:41:40.445053,0,"copied from local mirror (STJ-Moral-Damages-Jurimetrics, CKAN download of 2026-09-07/08; sha256 verified against mirror CHECKSUMS)"
2026-09-12T19:01:10+00:00,stj_integras_decisoes,textos20240509.zip,https://dadosabertos.web.stj.jus.br/dataset/a2cd85cc-1391-4ebc-aeed-a45dd75a7987/resource/49565085-c581-4d72-ae50-2bc1ef98562f/download/textos20240509.zip,data/raw/stj_integras/texts/textos20240509.zip,244c45ecf6c123d701ebf76f2d0bbce639ce700b2674e55dad33c17c0f258113,7361276,CC-BY,2022-08-01..2024-08-31,2025-03-27T17:41:52.161408,0,"copied from local mirror (STJ-Moral-Damages-Jurimetrics, CKAN download of 2026-09-07/08; sha256 verified against mirror CHECKSUMS)"
2026-09-12T19:01:10+00:00,stj_integras_decisoes,metadados20240510.json,https://dadosabertos.web.stj.jus.br/dataset/a2cd85cc-1391-4ebc-aeed-a45dd75a7987/resource/8319d9a4-5cf4-4ec8-9a00-763ce2c2df6c/download/metadados20240510.json,data/raw/stj_integras/metadata/metadados20240510.json,0fff89a72cfa41c66323b7999ddf2135e8a0a7d98e56d7f69f28e7b6789db94c,819828,CC-BY,2022-08-01..2024-08-31,2025-03-27T17:56:05.926493,0,"copied from local mirror (STJ-Moral-Damages-Jurimetrics, CKAN download of 2026-09-07/08; sha256 verified against mirror CHECKSUMS)"
2026-09-12T19:01:10+00:00,stj_integras_decisoes,textos20240510.zip,https://dadosabertos.web.stj.jus.br/dataset/a2cd85cc-1391-4ebc-aeed-a45dd75a7987/resource/ba0162c8-4c7f-4304-afb5-147f9b48a51e/download/textos20240510.zip,data/raw/stj_integras/texts/textos20240510.zip,2954a7097a893070face8fcea6fdf522f074e9d8487ceae78416ed295555ef5c,5365923,CC-BY,2022-08-01..2024-08-31,2025-03-27T17:56:17.507092,0,"copied from local mirror (STJ-Moral-Damages-Jurimetrics, CKAN download of 2026-09-07/08; sha256 verified against mirror CHECKSUMS)"
2026-09-12T19:01:10+00:00,stj_integras_decisoes,metadados20240513.json,https://dadosabertos.web.stj.jus.br/dataset/a2cd85cc-1391-4ebc-aeed-a45dd75a7987/resource/4dcce7bd-cfd7-4363-befb-db9e9d1f0732/download/metadados20240513.json,data/raw/stj_integras/metadata/metadados20240513.json,5e3537737cc778119f733679ffc88055a5a111f3ac2ec31e9e5025e7dc3db72f,887892,CC-BY,2022-08-01..2024-08-31,2025-03-27T18:05:43.217457,0,"copied from local mirror (STJ-Moral-Damages-Jurimetrics, CKAN download of 2026-09-07/08; sha256 verified against mirror CHECKSUMS)"
2026-09-12T19:01:10+00:00,stj_integras_decisoes,textos20240513.zip,https://dadosabertos.web.stj.jus.br/dataset/a2cd85cc-1391-4ebc-aeed-a45dd75a7987/resource/97853ae4-3f54-452f-b4f4-9a79b2e3ce64/download/textos20240513.zip,data/raw/stj_integras/texts/textos20240513.zip,e5be0560aebece526ed6cfc7df4e113f856448167c3eaeb01939fef67f4085f5,6463571,CC-BY,2022-08-01..2024-08-31,2025-03-27T18:05:55.633393,0,"copied from local mirror (STJ-Moral-Damages-Jurimetrics, CKAN download of 2026-09-07/08; sha256 verified against mirror CHECKSUMS)"
2026-09-12T19:01:10+00:00,stj_integras_decisoes,metadados20240514.json,https://dadosabertos.web.stj.jus.br/dataset/a2cd85cc-1391-4ebc-aeed-a45dd75a7987/resource/5e97c448-b2a3-49e7-92a2-af38901baf60/download/metadados20240514.json,data/raw/stj_integras/metadata/metadados20240514.json,af9ecc53c587c1a5367edb4403c89860f597cba0e21f65bd88acaa3f0021a561,1901080,CC-BY,2022-08-01..2024-08-31,2025-03-27T18:46:10.657019,0,"copied from local mirror (STJ-Moral-Damages-Jurimetrics, CKAN download of 2026-09-07/08; sha256 verified against mirror CHECKSUMS)"
2026-09-12T19:01:10+00:00,stj_integras_decisoes,textos20240514.zip,https://dadosabertos.web.stj.jus.br/dataset/a2cd85cc-1391-4ebc-aeed-a45dd75a7987/resource/ed492b93-116b-4956-a711-70d85dc5447b/download/textos20240514.zip,data/raw/stj_integras/texts/textos20240514.zip,481207de69d28dbe9cb8174bb1bb129b9a728d3166c7c8ea54b2abd61bca9b1e,9904338,CC-BY,2022-08-01..2024-08-31,2025-03-27T18:46:22.014632,0,"copied from local mirror (STJ-Moral-Damages-Jurimetrics, CKAN download of 2026-09-07/08; sha256 verified against mirror CHECKSUMS)"
2026-09-12T19:01:10+00:00,stj_integras_decisoes,metadados20240515.json,https://dadosabertos.web.stj.jus.br/dataset/a2cd85cc-1391-4ebc-aeed-a45dd75a7987/resource/d632bf0f-97b0-4b8d-869d-5ba3296c73cb/download/metadados20240515.json,data/raw/stj_integras/metadata/metadados20240515.json,febcc0642c6bf1ae15a700bcddbb0a70c46b010a4e68738928db89440faf4fbb,1997684,CC-BY,2022-08-01..2024-08-31,2025-03-27T19:08:00.586417,0,"copied from local mirror (STJ-Moral-Damages-Jurimetrics, CKAN download of 2026-09-07/08; sha256 verified against mirror CHECKSUMS)"
2026-09-12T19:01:10+00:00,stj_integras_decisoes,textos20240515.zip,https://dadosabertos.web.stj.jus.br/dataset/a2cd85cc-1391-4ebc-aeed-a45dd75a7987/resource/323300e1-f109-4b00-816b-5806f0f912d5/download/textos20240515.zip,data/raw/stj_integras/texts/textos20240515.zip,c111c2cf0f997af16859c84e37f9ebd8d51e1926bad7416a77d46436f4cf8db6,15715050,CC-BY,2022-08-01..2024-08-31,2025-03-27T19:08:13.285263,0,"copied from local mirror (STJ-Moral-Damages-Jurimetrics, CKAN download of 2026-09-07/08; sha256 verified against mirror CHECKSUMS)"
2026-09-12T19:01:10+00:00,stj_integras_decisoes,metadados20240516.json,https://dadosabertos.web.stj.jus.br/dataset/a2cd85cc-1391-4ebc-aeed-a45dd75a7987/resource/ca933cfb-aba5-4c9f-b51d-cd4f2270a405/download/metadados20240516.json,data/raw/stj_integras/metadata/metadados20240516.json,509d28f8ebca184cb2a910a8ba7971a669607a39eedd4064bc3bf92a96f26cf7,1874682,CC-BY,2022-08-01..2024-08-31,2025-03-27T19:17:22.092494,0,"copied from local mirror (STJ-Moral-Damages-Jurimetrics, CKAN download of 2026-09-07/08; sha256 verified against mirror CHECKSUMS)"
2026-09-12T19:01:10+00:00,stj_integras_decisoes,textos20240516.zip,https://dadosabertos.web.stj.jus.br/dataset/a2cd85cc-1391-4ebc-aeed-a45dd75a7987/resource/952a4213-760d-4add-88dc-86a0f0a8a95a/download/textos20240516.zip,data/raw/stj_integras/texts/textos20240516.zip,81340392b9e9e94dee29cfbee8a1f254eeb8ec9fc1a0ffbef49a0aa9665a0699,13277079,CC-BY,2022-08-01..2024-08-31,2025-03-27T19:17:35.112334,0,"copied from local mirror (STJ-Moral-Damages-Jurimetrics, CKAN download of 2026-09-07/08; sha256 verified against mirror CHECKSUMS)"
2026-09-12T19:01:10+00:00,stj_integras_decisoes,metadados20240517.json,https://dadosabertos.web.stj.jus.br/dataset/a2cd85cc-1391-4ebc-aeed-a45dd75a7987/resource/2a6285a6-ae4e-4fe4-bb24-ce4bc5763929/download/metadados20240517.json,data/raw/stj_integras/metadata/metadados20240517.json,28b8207607f9e0bbd00fcb627791ad4472766c4ca75416f81b77f3d896de7b36,1164560,CC-BY,2022-08-01..2024-08-31,2025-03-27T19:31:00.469851,0,"copied from local mirror (STJ-Moral-Damages-Jurimetrics, CKAN download of 2026-09-07/08; sha256 verified against mirror CHECKSUMS)"
2026-09-12T19:01:10+00:00,stj_integras_decisoes,textos20240517.zip,https://dadosabertos.web.stj.jus.br/dataset/a2cd85cc-1391-4ebc-aeed-a45dd75a7987/resource/41cda74b-1dfd-443e-9f46-55d30a186aad/download/textos20240517.zip,data/raw/stj_integras/texts/textos20240517.zip,d48353aa7f7dbb9e971011a8e1513b82a9cbee7f715e057818547ca80afe1a3e,8003175,CC-BY,2022-08-01..2024-08-31,2025-03-27T19:31:13.768620,0,"copied from local mirror (STJ-Moral-Damages-Jurimetrics, CKAN download of 2026-09-07/08; sha256 verified against mirror CHECKSUMS)"
2026-09-12T19:01:10+00:00,stj_integras_decisoes,metadados20240520.json,https://dadosabertos.web.stj.jus.br/dataset/a2cd85cc-1391-4ebc-aeed-a45dd75a7987/resource/9d7bded1-0f2a-4c3b-a25d-6b5e555058f7/download/metadados20240520.json,data/raw/stj_integras/metadata/metadados20240520.json,866521914048ba71143790ae7d6c28b1f66019d6cfc953fbb97a7822b9cd752f,1306055,CC-BY,2022-08-01..2024-08-31,2025-03-27T20:01:57.730051,0,"copied from local mirror (STJ-Moral-Damages-Jurimetrics, CKAN download of 2026-09-07/08; sha256 verified against mirror CHECKSUMS)"
2026-09-12T19:01:10+00:00,stj_integras_decisoes,textos20240520.zip,https://dadosabertos.web.stj.jus.br/dataset/a2cd85cc-1391-4ebc-aeed-a45dd75a7987/resource/156f7f72-f213-422a-8b87-ab99075bf03a/download/textos20240520.zip,data/raw/stj_integras/texts/textos20240520.zip,d4e8e5014c83b38aa6cc5004cb752bc44f9f60f42bbe949a69189fb35fbcb302,7661241,CC-BY,2022-08-01..2024-08-31,2025-03-27T20:02:10.071151,0,"copied from local mirror (STJ-Moral-Damages-Jurimetrics, CKAN download of 2026-09-07/08; sha256 verified against mirror CHECKSUMS)"
2026-09-12T19:01:10+00:00,stj_integras_decisoes,metadados20240521.json,https://dadosabertos.web.stj.jus.br/dataset/a2cd85cc-1391-4ebc-aeed-a45dd75a7987/resource/849272c1-3336-4d24-874e-1d680b0e8d6d/download/metadados20240521.json,data/raw/stj_integras/metadata/metadados20240521.json,643bc716f434bc8becfa74cabfcacf272fd50eb9b38563d4c5974c8a4f6a77b0,1616424,CC-BY,2022-08-01..2024-08-31,2025-03-27T20:33:09.308811,0,"copied from local mirror (STJ-Moral-Damages-Jurimetrics, CKAN download of 2026-09-07/08; sha256 verified against mirror CHECKSUMS)"
2026-09-12T19:01:10+00:00,stj_integras_decisoes,textos20240521.zip,https://dadosabertos.web.stj.jus.br/dataset/a2cd85cc-1391-4ebc-aeed-a45dd75a7987/resource/34d6a1db-417c-41ed-b3e9-8863016095b4/download/textos20240521.zip,data/raw/stj_integras/texts/textos20240521.zip,35ea4077e7d1319aa50a49da350f8863681e9207a5b293f3424095676e84930e,10879163,CC-BY,2022-08-01..2024-08-31,2025-03-27T20:33:21.803889,0,"copied from local mirror (STJ-Moral-Damages-Jurimetrics, CKAN download of 2026-09-07/08; sha256 verified against mirror CHECKSUMS)"
2026-09-12T19:01:10+00:00,stj_integras_decisoes,metadados20240522.json,https://dadosabertos.web.stj.jus.br/dataset/a2cd85cc-1391-4ebc-aeed-a45dd75a7987/resource/ca911495-aa17-46ba-84f6-9e1cb3fdd0d2/download/metadados20240522.json,data/raw/stj_integras/metadata/metadados20240522.json,e1f03c3017b36103724daa0375a95da3cc546cfe5ac4e382f43d61484f4cc888,2017473,CC-BY,2022-08-01..2024-08-31,2025-03-27T21:19:45.908790,0,"copied from local mirror (STJ-Moral-Damages-Jurimetrics, CKAN download of 2026-09-07/08; sha256 verified against mirror CHECKSUMS)"
2026-09-12T19:01:10+00:00,stj_integras_decisoes,textos20240522.zip,https://dadosabertos.web.stj.jus.br/dataset/a2cd85cc-1391-4ebc-aeed-a45dd75a7987/resource/c9853180-ac3b-4d33-b474-86d51411918e/download/textos20240522.zip,data/raw/stj_integras/texts/textos20240522.zip,074e70c855863fc8efeafca243b3d2aca1fc69ad9878079ca199b426e19fff8c,12929245,CC-BY,2022-08-01..2024-08-31,2025-03-27T21:19:58.086143,0,"copied from local mirror (STJ-Moral-Damages-Jurimetrics, CKAN download of 2026-09-07/08; sha256 verified against mirror CHECKSUMS)"
2026-09-12T19:01:10+00:00,stj_integras_decisoes,metadados20240523.json,https://dadosabertos.web.stj.jus.br/dataset/a2cd85cc-1391-4ebc-aeed-a45dd75a7987/resource/1ba0ba1e-7509-40a3-93ca-eaf1c464ab91/download/metadados20240523.json,data/raw/stj_integras/metadata/metadados20240523.json,e0ed811d812c6ca2467f25f833e67425e51d0363774c73cad99d7dbb35efbbb4,1240076,CC-BY,2022-08-01..2024-08-31,2025-03-27T22:44:01.604198,0,"copied from local mirror (STJ-Moral-Damages-Jurimetrics, CKAN download of 2026-09-07/08; sha256 verified against mirror CHECKSUMS)"
2026-09-12T19:01:10+00:00,stj_integras_decisoes,textos20240523.zip,https://dadosabertos.web.stj.jus.br/dataset/a2cd85cc-1391-4ebc-aeed-a45dd75a7987/resource/4ce50128-a047-4ca9-a307-d53afd0980e9/download/textos20240523.zip,data/raw/stj_integras/texts/textos20240523.zip,8a986b99c0f5ef3055eee2694544fd141cc16b66917f24cfc8271b63cf358dd8,9818626,CC-BY,2022-08-01..2024-08-31,2025-03-27T22:44:13.433329,0,"copied from local mirror (STJ-Moral-Damages-Jurimetrics, CKAN download of 2026-09-07/08; sha256 verified against mirror CHECKSUMS)"
2026-09-12T19:01:10+00:00,stj_integras_decisoes,metadados20240524.json,https://dadosabertos.web.stj.jus.br/dataset/a2cd85cc-1391-4ebc-aeed-a45dd75a7987/resource/14422cc7-6891-48a4-8359-acc49046d196/download/metadados20240524.json,data/raw/stj_integras/metadata/metadados20240524.json,cfa10f620e11bab6d5689cbde9021c10342a8efa6e393b62ae21194832afa60f,1910198,CC-BY,2022-08-01..2024-08-31,2025-03-27T23:30:32.162103,0,"copied from local mirror (STJ-Moral-Damages-Jurimetrics, CKAN download of 2026-09-07/08; sha256 verified against mirror CHECKSUMS)"
2026-09-12T19:01:10+00:00,stj_integras_decisoes,textos20240524.zip,https://dadosabertos.web.stj.jus.br/dataset/a2cd85cc-1391-4ebc-aeed-a45dd75a7987/resource/60aefda7-4425-44d4-b141-94c9dc0d3656/download/textos20240524.zip,data/raw/stj_integras/texts/textos20240524.zip,408274da011e6013dafa2b276615ae2226d8df7edab8aa96dd4809d5b987d551,12155387,CC-BY,2022-08-01..2024-08-31,2025-03-27T23:30:43.822012,0,"copied from local mirror (STJ-Moral-Damages-Jurimetrics, CKAN download of 2026-09-07/08; sha256 verified against mirror CHECKSUMS)"
2026-09-12T19:01:10+00:00,stj_integras_decisoes,metadados20240527.json,https://dadosabertos.web.stj.jus.br/dataset/a2cd85cc-1391-4ebc-aeed-a45dd75a7987/resource/0421c6e2-2646-4eb9-a3e8-27d72bcf301b/download/metadados20240527.json,data/raw/stj_integras/metadata/metadados20240527.json,53b8fc059c31bc3c7665b8def57899176271a29c85ce9f96a7e201339d8d8538,1701317,CC-BY,2022-08-01..2024-08-31,2025-03-27T23:35:49.699861,0,"copied from local mirror (STJ-Moral-Damages-Jurimetrics, CKAN download of 2026-09-07/08; sha256 verified against mirror CHECKSUMS)"
2026-09-12T19:01:10+00:00,stj_integras_decisoes,textos20240527.zip,https://dadosabertos.web.stj.jus.br/dataset/a2cd85cc-1391-4ebc-aeed-a45dd75a7987/resource/532ad0ad-095c-4e1f-ab5b-22e7eda26af4/download/textos20240527.zip,data/raw/stj_integras/texts/textos20240527.zip,067e68bbb5b2ff9ba92b8f4fb2adee5e2c6ce1e78dc7fdfbfb20cc2c520f62f0,11435689,CC-BY,2022-08-01..2024-08-31,2025-03-27T23:36:00.732011,0,"copied from local mirror (STJ-Moral-Damages-Jurimetrics, CKAN download of 2026-09-07/08; sha256 verified against mirror CHECKSUMS)"
2026-09-12T19:01:10+00:00,stj_integras_decisoes,metadados20240528.json,https://dadosabertos.web.stj.jus.br/dataset/a2cd85cc-1391-4ebc-aeed-a45dd75a7987/resource/7d3e9601-bcbf-46a2-a07d-40fa9fd0d679/download/metadados20240528.json,data/raw/stj_integras/metadata/metadados20240528.json,8b3552a9e0f547d63fc3bca0e2ec76cdeafcc6571ac7628159b24cd5c85dd574,1275635,CC-BY,2022-08-01..2024-08-31,2025-03-27T23:44:05.828666,0,"copied from local mirror (STJ-Moral-Damages-Jurimetrics, CKAN download of 2026-09-07/08; sha256 verified against mirror CHECKSUMS)"
2026-09-12T19:01:10+00:00,stj_integras_decisoes,textos20240528.zip,https://dadosabertos.web.stj.jus.br/dataset/a2cd85cc-1391-4ebc-aeed-a45dd75a7987/resource/600d6158-c9d7-4531-b570-6a2dfeb14b3d/download/textos20240528.zip,data/raw/stj_integras/texts/textos20240528.zip,edda0e983f177784d3ca909d9ad6bec4bd625f5586acfd7ff4dfc6b4dacfac36,7826657,CC-BY,2022-08-01..2024-08-31,2025-03-27T23:44:16.680607,0,"copied from local mirror (STJ-Moral-Damages-Jurimetrics, CKAN download of 2026-09-07/08; sha256 verified against mirror CHECKSUMS)"
2026-09-12T19:01:10+00:00,stj_integras_decisoes,metadados20240529.json,https://dadosabertos.web.stj.jus.br/dataset/a2cd85cc-1391-4ebc-aeed-a45dd75a7987/resource/55faa89b-9b4e-4316-9e50-c6f4cc6418c2/download/metadados20240529.json,data/raw/stj_integras/metadata/metadados20240529.json,c80e05202c3018dc9510b3dab431215f1ce52081a6b09f9f8b4724648ab476bc,3181413,CC-BY,2022-08-01..2024-08-31,2025-03-28T00:32:51.561549,0,"copied from local mirror (STJ-Moral-Damages-Jurimetrics, CKAN download of 2026-09-07/08; sha256 verified against mirror CHECKSUMS)"
2026-09-12T19:01:10+00:00,stj_integras_decisoes,textos20240529.zip,https://dadosabertos.web.stj.jus.br/dataset/a2cd85cc-1391-4ebc-aeed-a45dd75a7987/resource/7e1a5664-808f-4999-a252-6409c7ae3e5a/download/textos20240529.zip,data/raw/stj_integras/texts/textos20240529.zip,5dd037417eccba5963d453db43ff21145f40d5d0b14e11f434f05683c7bf92ca,21821087,CC-BY,2022-08-01..2024-08-31,2025-03-28T00:33:03.976452,0,"copied from local mirror (STJ-Moral-Damages-Jurimetrics, CKAN download of 2026-09-07/08; sha256 verified against mirror CHECKSUMS)"
2026-09-12T19:01:10+00:00,stj_integras_decisoes,metadados20240603.json,https://dadosabertos.web.stj.jus.br/dataset/a2cd85cc-1391-4ebc-aeed-a45dd75a7987/resource/447de261-c6e2-479d-9a88-3217f677b7b1/download/metadados20240603.json,data/raw/stj_integras/metadata/metadados20240603.json,620bb0d043d7cae72338ddc39f2e56114f4305ba196b4a9615c69820b2e357e6,1225325,CC-BY,2022-08-01..2024-08-31,2025-03-28T00:39:09.395861,0,"copied from local mirror (STJ-Moral-Damages-Jurimetrics, CKAN download of 2026-09-07/08; sha256 verified against mirror CHECKSUMS)"
2026-09-12T19:01:10+00:00,stj_integras_decisoes,textos20240603.zip,https://dadosabertos.web.stj.jus.br/dataset/a2cd85cc-1391-4ebc-aeed-a45dd75a7987/resource/502c5758-c16b-45c9-b06d-fcad0609a9b9/download/textos20240603.zip,data/raw/stj_integras/texts/textos20240603.zip,3a3b7c60d17a471227fa0b0e7e2ac678a547cf2b065491814e6a1f039b0ad931,9681030,CC-BY,2022-08-01..2024-08-31,2025-03-28T00:39:21.041620,0,"copied from local mirror (STJ-Moral-Damages-Jurimetrics, CKAN download of 2026-09-07/08; sha256 verified against mirror CHECKSUMS)"
2026-09-12T19:01:10+00:00,stj_integras_decisoes,metadados20240604.json,https://dadosabertos.web.stj.jus.br/dataset/a2cd85cc-1391-4ebc-aeed-a45dd75a7987/resource/3593e5c8-dbc2-4071-8476-8be387a3a424/download/metadados20240604.json,data/raw/stj_integras/metadata/metadados20240604.json,f4d7e45901ca8bfc451ba61f677e040807af016db97ad027213d18a3fc3c1903,2309437,CC-BY,2022-08-01..2024-08-31,2025-03-28T00:48:42.914427,0,"copied from local mirror (STJ-Moral-Damages-Jurimetrics, CKAN download of 2026-09-07/08; sha256 verified against mirror CHECKSUMS)"
2026-09-12T19:01:10+00:00,stj_integras_decisoes,textos20240604.zip,https://dadosabertos.web.stj.jus.br/dataset/a2cd85cc-1391-4ebc-aeed-a45dd75a7987/resource/8e4d3016-4526-4813-bc47-340e1c3c4dc9/download/textos20240604.zip,data/raw/stj_integras/texts/textos20240604.zip,d9b02d8349a3647a730c7461c28a058a1785ad8af1c91d16abe36a2fe9763aa7,16094422,CC-BY,2022-08-01..2024-08-31,2025-03-28T00:48:55.566344,0,"copied from local mirror (STJ-Moral-Damages-Jurimetrics, CKAN download of 2026-09-07/08; sha256 verified against mirror CHECKSUMS)"
2026-09-12T19:01:10+00:00,stj_integras_decisoes,metadados20240605.json,https://dadosabertos.web.stj.jus.br/dataset/a2cd85cc-1391-4ebc-aeed-a45dd75a7987/resource/6d908b09-367b-4561-8d3c-d2d039b8e635/download/metadados20240605.json,data/raw/stj_integras/metadata/metadados20240605.json,b367826c12309184aa2dd95a6d88abde25bad9ae245dcb87ff433a8f92ee62ec,1404392,CC-BY,2022-08-01..2024-08-31,2025-03-28T00:54:31.495399,0,"copied from local mirror (STJ-Moral-Damages-Jurimetrics, CKAN download of 2026-09-07/08; sha256 verified against mirror CHECKSUMS)"
2026-09-12T19:01:10+00:00,stj_integras_decisoes,textos20240605.zip,https://dadosabertos.web.stj.jus.br/dataset/a2cd85cc-1391-4ebc-aeed-a45dd75a7987/resource/8079de0c-0c9a-40f7-ac7f-90fc6d172568/download/textos20240605.zip,data/raw/stj_integras/texts/textos20240605.zip,f290430c3e30f1676f9021be21183e4fc1ba5b6ace647b6ca119d258365ccd90,8318882,CC-BY,2022-08-01..2024-08-31,2025-03-28T00:54:43.066246,0,"copied from local mirror (STJ-Moral-Damages-Jurimetrics, CKAN download of 2026-09-07/08; sha256 verified against mirror CHECKSUMS)"
2026-09-12T19:01:10+00:00,stj_integras_decisoes,metadados20240606.json,https://dadosabertos.web.stj.jus.br/dataset/a2cd85cc-1391-4ebc-aeed-a45dd75a7987/resource/2f274098-e20e-4b98-a8e4-c91a4a3b5f79/download/metadados20240606.json,data/raw/stj_integras/metadata/metadados20240606.json,09d45be8b9a0b8cc478ddd6c5f0e6cab571558ef05ced4faeade2f8079dadcc2,1414941,CC-BY,2022-08-01..2024-08-31,2025-03-28T01:00:40.354988,0,"copied from local mirror (STJ-Moral-Damages-Jurimetrics, CKAN download of 2026-09-07/08; sha256 verified against mirror CHECKSUMS)"
2026-09-12T19:01:10+00:00,stj_integras_decisoes,textos20240606.zip,https://dadosabertos.web.stj.jus.br/dataset/a2cd85cc-1391-4ebc-aeed-a45dd75a7987/resource/bce0f626-765e-44b0-b91f-4bc4135fc2b2/download/textos20240606.zip,data/raw/stj_integras/texts/textos20240606.zip,f3f91089fa77b88997ded1edfd559b60acf460d24462bba8f0439dd73fdf033a,10399158,CC-BY,2022-08-01..2024-08-31,2025-03-28T01:00:52.704172,0,"copied from local mirror (STJ-Moral-Damages-Jurimetrics, CKAN download of 2026-09-07/08; sha256 verified against mirror CHECKSUMS)"
2026-09-12T19:01:10+00:00,stj_integras_decisoes,metadados20240607.json,https://dadosabertos.web.stj.jus.br/dataset/a2cd85cc-1391-4ebc-aeed-a45dd75a7987/resource/0c8c57d7-824d-4594-908e-7c8180d3978e/download/metadados20240607.json,data/raw/stj_integras/metadata/metadados20240607.json,b0bd7758cc6598af50238bef31af6981c4ffea204a8a445c55091877c0987a7d,833992,CC-BY,2022-08-01..2024-08-31,2025-03-28T01:04:50.793119,0,"copied from local mirror (STJ-Moral-Damages-Jurimetrics, CKAN download of 2026-09-07/08; sha256 verified against mirror CHECKSUMS)"
2026-09-12T19:01:11+00:00,stj_integras_decisoes,textos20240607.zip,https://dadosabertos.web.stj.jus.br/dataset/a2cd85cc-1391-4ebc-aeed-a45dd75a7987/resource/01a003d9-332a-4f57-9a2a-2d16713881a7/download/textos20240607.zip,data/raw/stj_integras/texts/textos20240607.zip,b4ce705afdb6187c89f80f5dc77ae0f16bf25eff7fabe843059beb5539d7bca6,6200998,CC-BY,2022-08-01..2024-08-31,2025-03-28T01:05:03.696483,0,"copied from local mirror (STJ-Moral-Damages-Jurimetrics, CKAN download of 2026-09-07/08; sha256 verified against mirror CHECKSUMS)"
2026-09-12T19:01:11+00:00,stj_integras_decisoes,metadados20240610.json,https://dadosabertos.web.stj.jus.br/dataset/a2cd85cc-1391-4ebc-aeed-a45dd75a7987/resource/2edf005c-f844-4738-80bd-b683a8799009/download/metadados20240610.json,data/raw/stj_integras/metadata/metadados20240610.json,6e8758c5ca1a4863d182b238066036ba73970851c046c034c1613fb1607e56c8,1428256,CC-BY,2022-08-01..2024-08-31,2025-03-28T01:09:31.958248,0,"copied from local mirror (STJ-Moral-Damages-Jurimetrics, CKAN download of 2026-09-07/08; sha256 verified against mirror CHECKSUMS)"
2026-09-12T19:01:11+00:00,stj_integras_decisoes,textos20240610.zip,https://dadosabertos.web.stj.jus.br/dataset/a2cd85cc-1391-4ebc-aeed-a45dd75a7987/resource/551bf5ce-bd93-4a8e-9fa6-19170aceebbc/download/textos20240610.zip,data/raw/stj_integras/texts/textos20240610.zip,03aeb94d96bed3fd689144cde2955a07480267229f90f33f690009fc94ce64c9,7496025,CC-BY,2022-08-01..2024-08-31,2025-03-28T01:09:43.730898,0,"copied from local mirror (STJ-Moral-Damages-Jurimetrics, CKAN download of 2026-09-07/08; sha256 verified against mirror CHECKSUMS)"
2026-09-12T19:01:11+00:00,stj_integras_decisoes,metadados20240611.json,https://dadosabertos.web.stj.jus.br/dataset/a2cd85cc-1391-4ebc-aeed-a45dd75a7987/resource/7bd482ab-e467-40ee-a394-fedd540efa20/download/metadados20240611.json,data/raw/stj_integras/metadata/metadados20240611.json,f5595986e744b928e6b4796fa7825a882d917fd9ad5d64f3befdfbfd0b170d8f,1290891,CC-BY,2022-08-01..2024-08-31,2025-03-28T01:13:49.170210,0,"copied from local mirror (STJ-Moral-Damages-Jurimetrics, CKAN download of 2026-09-07/08; sha256 verified against mirror CHECKSUMS)"
2026-09-12T19:01:11+00:00,stj_integras_decisoes,textos20240611.zip,https://dadosabertos.web.stj.jus.br/dataset/a2cd85cc-1391-4ebc-aeed-a45dd75a7987/resource/19a21d20-e27c-4f99-aff4-438d9190165f/download/textos20240611.zip,data/raw/stj_integras/texts/textos20240611.zip,42dc28698d6eb3d682577fb481d41a33228134c7c2f62049e12b211d343a0e10,8309378,CC-BY,2022-08-01..2024-08-31,2025-03-28T01:14:02.161098,0,"copied from local mirror (STJ-Moral-Damages-Jurimetrics, CKAN download of 2026-09-07/08; sha256 verified against mirror CHECKSUMS)"
2026-09-12T19:01:11+00:00,stj_integras_decisoes,metadados20240612.json,https://dadosabertos.web.stj.jus.br/dataset/a2cd85cc-1391-4ebc-aeed-a45dd75a7987/resource/7846754f-906d-4906-9439-891a7cfb1202/download/metadados20240612.json,data/raw/stj_integras/metadata/metadados20240612.json,0887c6d05b046bbc78dc4b7d27f3a6060323c692dcfb4629fa4d0f48b2267e51,1534178,CC-BY,2022-08-01..2024-08-31,2025-03-28T01:19:12.716012,0,"copied from local mirror (STJ-Moral-Damages-Jurimetrics, CKAN download of 2026-09-07/08; sha256 verified against mirror CHECKSUMS)"
2026-09-12T19:01:11+00:00,stj_integras_decisoes,textos20240612.zip,https://dadosabertos.web.stj.jus.br/dataset/a2cd85cc-1391-4ebc-aeed-a45dd75a7987/resource/509f4f8d-526d-48d5-89fd-861531a9b653/download/textos20240612.zip,data/raw/stj_integras/texts/textos20240612.zip,2d5f645d837a0cb5cd72725d94fc6e5391d1999f0e0d849f171a3b2f2bbd5338,9473070,CC-BY,2022-08-01..2024-08-31,2025-03-28T01:19:25.977668,0,"copied from local mirror (STJ-Moral-Damages-Jurimetrics, CKAN download of 2026-09-07/08; sha256 verified against mirror CHECKSUMS)"
2026-09-12T19:01:11+00:00,stj_integras_decisoes,metadados20240613.json,https://dadosabertos.web.stj.jus.br/dataset/a2cd85cc-1391-4ebc-aeed-a45dd75a7987/resource/c6dbe8b8-2c09-4398-9d53-61798e56097f/download/metadados20240613.json,data/raw/stj_integras/metadata/metadados20240613.json,6b96daffc40a7188f62fc40c3ba148b74b1401cde85fc37cc87009530bf7a1c4,1351429,CC-BY,2022-08-01..2024-08-31,2025-03-28T01:23:43.109128,0,"copied from local mirror (STJ-Moral-Damages-Jurimetrics, CKAN download of 2026-09-07/08; sha256 verified against mirror CHECKSUMS)"
2026-09-12T19:01:11+00:00,stj_integras_decisoes,textos20240613.zip,https://dadosabertos.web.stj.jus.br/dataset/a2cd85cc-1391-4ebc-aeed-a45dd75a7987/resource/1305d365-2276-4286-aa6c-437d2291c68a/download/textos20240613.zip,data/raw/stj_integras/texts/textos20240613.zip,5ae8fd684cbf51dd38ba4662934a78b75c18fff22724e01a699066beb21e4717,9837158,CC-BY,2022-08-01..2024-08-31,2025-03-28T01:23:55.984272,0,"copied from local mirror (STJ-Moral-Damages-Jurimetrics, CKAN download of 2026-09-07/08; sha256 verified against mirror CHECKSUMS)"
2026-09-12T19:01:11+00:00,stj_integras_decisoes,metadados20240614.json,https://dadosabertos.web.stj.jus.br/dataset/a2cd85cc-1391-4ebc-aeed-a45dd75a7987/resource/c176d52d-2f98-4841-8a7d-1bdd4264e093/download/metadados20240614.json,data/raw/stj_integras/metadata/metadados20240614.json,83c3dda3f5b3e190bd6d050e128ad77085030716a4f0842a21ff46ed60fa6cc0,1635175,CC-BY,2022-08-01..2024-08-31,2025-03-28T01:29:19.627097,0,"copied from local mirror (STJ-Moral-Damages-Jurimetrics, CKAN download of 2026-09-07/08; sha256 verified against mirror CHECKSUMS)"
2026-09-12T19:01:11+00:00,stj_integras_decisoes,textos20240614.zip,https://dadosabertos.web.stj.jus.br/dataset/a2cd85cc-1391-4ebc-aeed-a45dd75a7987/resource/aae5adbc-7699-4777-a3d5-cf5f4b99164e/download/textos20240614.zip,data/raw/stj_integras/texts/textos20240614.zip,d94ac59dcfd82f219fc87f44079acd5c975ab61b3b39b5647c416ec8d666ae87,9261537,CC-BY,2022-08-01..2024-08-31,2025-03-28T01:29:32.049841,0,"copied from local mirror (STJ-Moral-Damages-Jurimetrics, CKAN download of 2026-09-07/08; sha256 verified against mirror CHECKSUMS)"
2026-09-12T19:01:11+00:00,stj_integras_decisoes,metadados20240617.json,https://dadosabertos.web.stj.jus.br/dataset/a2cd85cc-1391-4ebc-aeed-a45dd75a7987/resource/789095b2-e4fa-4d00-bc25-2142be7280b2/download/metadados20240617.json,data/raw/stj_integras/metadata/metadados20240617.json,0d0772180189b1215f624e250efa11b246417738b1608eb7f99d3b986148bc4a,1773043,CC-BY,2022-08-01..2024-08-31,2025-03-28T01:35:40.679517,0,"copied from local mirror (STJ-Moral-Damages-Jurimetrics, CKAN download of 2026-09-07/08; sha256 verified against mirror CHECKSUMS)"
2026-09-12T19:01:11+00:00,stj_integras_decisoes,textos20240617.zip,https://dadosabertos.web.stj.jus.br/dataset/a2cd85cc-1391-4ebc-aeed-a45dd75a7987/resource/bd046b41-3d2d-48e3-b57b-d406ebcc5bfe/download/textos20240617.zip,data/raw/stj_integras/texts/textos20240617.zip,34a95e3f2d447419511eb808cf61685ef447c3b0e072f3f76d5a6905cd1a90d3,10723086,CC-BY,2022-08-01..2024-08-31,2025-03-28T01:35:53.153270,0,"copied from local mirror (STJ-Moral-Damages-Jurimetrics, CKAN download of 2026-09-07/08; sha256 verified against mirror CHECKSUMS)"
2026-09-12T19:01:11+00:00,stj_integras_decisoes,metadados20240618.json,https://dadosabertos.web.stj.jus.br/dataset/a2cd85cc-1391-4ebc-aeed-a45dd75a7987/resource/c721f329-15d8-4424-ba41-27d5b1fda939/download/metadados20240618.json,data/raw/stj_integras/metadata/metadados20240618.json,8fec4d7598ae825adb880e0f7cd056b6a28aa555cbe95f7cc3ebe1afa654885b,1459006,CC-BY,2022-08-01..2024-08-31,2025-03-28T01:41:38.239807,0,"copied from local mirror (STJ-Moral-Damages-Jurimetrics, CKAN download of 2026-09-07/08; sha256 verified against mirror CHECKSUMS)"
2026-09-12T19:01:11+00:00,stj_integras_decisoes,textos20240618.zip,https://dadosabertos.web.stj.jus.br/dataset/a2cd85cc-1391-4ebc-aeed-a45dd75a7987/resource/ff442b39-48e9-4794-a4b8-e9372cd3e90b/download/textos20240618.zip,data/raw/stj_integras/texts/textos20240618.zip,a23418585ead9df0c2838d60cb0b2dc4d7ede456e240963537efbbccd36698b5,8479687,CC-BY,2022-08-01..2024-08-31,2025-03-28T01:41:49.872806,0,"copied from local mirror (STJ-Moral-Damages-Jurimetrics, CKAN download of 2026-09-07/08; sha256 verified against mirror CHECKSUMS)"
2026-09-12T19:01:11+00:00,stj_integras_decisoes,metadados20240619.json,https://dadosabertos.web.stj.jus.br/dataset/a2cd85cc-1391-4ebc-aeed-a45dd75a7987/resource/743ab21b-ebd2-4ccb-99f6-396c29aed99f/download/metadados20240619.json,data/raw/stj_integras/metadata/metadados20240619.json,1c1dd636321e5029b623d9619d8da4dbf9e7af93e9050517c87e8a23f892fe5d,2226535,CC-BY,2022-08-01..2024-08-31,2025-03-28T01:51:54.769902,0,"copied from local mirror (STJ-Moral-Damages-Jurimetrics, CKAN download of 2026-09-07/08; sha256 verified against mirror CHECKSUMS)"
2026-09-12T19:01:11+00:00,stj_integras_decisoes,textos20240619.zip,https://dadosabertos.web.stj.jus.br/dataset/a2cd85cc-1391-4ebc-aeed-a45dd75a7987/resource/ff7cfbc4-f37d-4094-acf8-9c903cdc47a5/download/textos20240619.zip,data/raw/stj_integras/texts/textos20240619.zip,17bd9684ab35cd63f96d1ea3eaec9559e43543e64a85c4c251bbc0f0797a583b,14135459,CC-BY,2022-08-01..2024-08-31,2025-03-28T01:52:06.663809,0,"copied from local mirror (STJ-Moral-Damages-Jurimetrics, CKAN download of 2026-09-07/08; sha256 verified against mirror CHECKSUMS)"
2026-09-12T19:01:11+00:00,stj_integras_decisoes,metadados20240620.json,https://dadosabertos.web.stj.jus.br/dataset/a2cd85cc-1391-4ebc-aeed-a45dd75a7987/resource/b30855e2-1f57-44c8-9d77-7597d3d72ec6/download/metadados20240620.json,data/raw/stj_integras/metadata/metadados20240620.json,de740ed837329e34bb501b7f996839fbda9f1984f73f02aa1891d4928766f265,1485132,CC-BY,2022-08-01..2024-08-31,2025-03-28T02:00:38.078340,0,"copied from local mirror (STJ-Moral-Damages-Jurimetrics, CKAN download of 2026-09-07/08; sha256 verified against mirror CHECKSUMS)"
2026-09-12T19:01:11+00:00,stj_integras_decisoes,textos20240620.zip,https://dadosabertos.web.stj.jus.br/dataset/a2cd85cc-1391-4ebc-aeed-a45dd75a7987/resource/d15144ec-5563-4ea9-a81e-8409f3de797a/download/textos20240620.zip,data/raw/stj_integras/texts/textos20240620.zip,3d21013b92f05ec739bd987531be0dfc1d7ab11a114ab680e3968a1132a7cbb1,11917861,CC-BY,2022-08-01..2024-08-31,2025-03-28T02:00:50.822948,0,"copied from local mirror (STJ-Moral-Damages-Jurimetrics, CKAN download of 2026-09-07/08; sha256 verified against mirror CHECKSUMS)"
2026-09-12T19:01:11+00:00,stj_integras_decisoes,metadados20240621.json,https://dadosabertos.web.stj.jus.br/dataset/a2cd85cc-1391-4ebc-aeed-a45dd75a7987/resource/dafbe3e7-4f4b-4d3b-a831-433775e2ebf3/download/metadados20240621.json,data/raw/stj_integras/metadata/metadados20240621.json,77cc64ee7cc5c01fb0b86883d086837c657b5ad72c947ac43785435acf7f20ec,1787081,CC-BY,2022-08-01..2024-08-31,2025-03-28T02:12:10.205654,0,"copied from local mirror (STJ-Moral-Damages-Jurimetrics, CKAN download of 2026-09-07/08; sha256 verified against mirror CHECKSUMS)"
2026-09-12T19:01:11+00:00,stj_integras_decisoes,textos20240621.zip,https://dadosabertos.web.stj.jus.br/dataset/a2cd85cc-1391-4ebc-aeed-a45dd75a7987/resource/839a6e6e-6f94-4c4a-bd56-a0a82f2e3108/download/textos20240621.zip,data/raw/stj_integras/texts/textos20240621.zip,a65cd2e07e0658efa81b7fe525ddbe1d21f02ef8ba20c66e3aa14a898f948035,11717772,CC-BY,2022-08-01..2024-08-31,2025-03-28T02:12:22.643022,0,"copied from local mirror (STJ-Moral-Damages-Jurimetrics, CKAN download of 2026-09-07/08; sha256 verified against mirror CHECKSUMS)"
2026-09-12T19:01:11+00:00,stj_integras_decisoes,metadados20240624.json,https://dadosabertos.web.stj.jus.br/dataset/a2cd85cc-1391-4ebc-aeed-a45dd75a7987/resource/3a730605-3752-402e-90b7-f0ef1704ae24/download/metadados20240624.json,data/raw/stj_integras/metadata/metadados20240624.json,50a49aac2e8a23daa691222686769c90e7dd552c2d72025ebd154251cf269885,877819,CC-BY,2022-08-01..2024-08-31,2025-03-28T02:20:03.544619,0,"copied from local mirror (STJ-Moral-Damages-Jurimetrics, CKAN download of 2026-09-07/08; sha256 verified against mirror CHECKSUMS)"
2026-09-12T19:01:11+00:00,stj_integras_decisoes,textos20240624.zip,https://dadosabertos.web.stj.jus.br/dataset/a2cd85cc-1391-4ebc-aeed-a45dd75a7987/resource/1fd05d63-c2bc-4e55-967b-36cbb9bb68d7/download/textos20240624.zip,data/raw/stj_integras/texts/textos20240624.zip,d1ad15c3c291ce6d95b1764f27313d02c5cb8fc7236f5eb90dc16e769d8aadc0,7239028,CC-BY,2022-08-01..2024-08-31,2025-03-28T02:20:15.602810,0,"copied from local mirror (STJ-Moral-Damages-Jurimetrics, CKAN download of 2026-09-07/08; sha256 verified against mirror CHECKSUMS)"
2026-09-12T19:01:11+00:00,stj_integras_decisoes,metadados20240625.json,https://dadosabertos.web.stj.jus.br/dataset/a2cd85cc-1391-4ebc-aeed-a45dd75a7987/resource/d1edc890-61b8-4a15-a7ad-24d70cbd9c48/download/metadados20240625.json,data/raw/stj_integras/metadata/metadados20240625.json,039a4112cd0295871862a36f5218586e6d1f82a141c7257c2e84711f87d597f2,2314043,CC-BY,2022-08-01..2024-08-31,2025-03-28T03:00:37.822500,0,"copied from local mirror (STJ-Moral-Damages-Jurimetrics, CKAN download of 2026-09-07/08; sha256 verified against mirror CHECKSUMS)"
2026-09-12T19:01:11+00:00,stj_integras_decisoes,textos20240625.zip,https://dadosabertos.web.stj.jus.br/dataset/a2cd85cc-1391-4ebc-aeed-a45dd75a7987/resource/25f5cbee-f8ff-4556-bd95-452a6e130abe/download/textos20240625.zip,data/raw/stj_integras/texts/textos20240625.zip,785844c7ca9101ecba99502659a8b91ccd44d92706bc57f939b30c79f709ca39,12527475,CC-BY,2022-08-01..2024-08-31,2025-03-28T03:00:50.038636,0,"copied from local mirror (STJ-Moral-Damages-Jurimetrics, CKAN download of 2026-09-07/08; sha256 verified against mirror CHECKSUMS)"
2026-09-12T19:01:11+00:00,stj_integras_decisoes,metadados20240626.json,https://dadosabertos.web.stj.jus.br/dataset/a2cd85cc-1391-4ebc-aeed-a45dd75a7987/resource/fd0c2962-3ce3-4bd5-9be3-af8e7679aee9/download/metadados20240626.json,data/raw/stj_integras/metadata/metadados20240626.json,42bb19b21a12dafde93b2984e9d42ea87fe03e1e9b81a03dbc3a86a033a945c9,3471313,CC-BY,2022-08-01..2024-08-31,2025-03-28T17:32:30.701453,0,"copied from local mirror (STJ-Moral-Damages-Jurimetrics, CKAN download of 2026-09-07/08; sha256 verified against mirror CHECKSUMS)"
2026-09-12T19:01:11+00:00,stj_integras_decisoes,textos20240626.zip,https://dadosabertos.web.stj.jus.br/dataset/a2cd85cc-1391-4ebc-aeed-a45dd75a7987/resource/c0aa82d5-1897-4805-94eb-3fba1371ce76/download/textos20240626.zip,data/raw/stj_integras/texts/textos20240626.zip,2890d9ed43f98c8260f93bdb7ed506b90e1b19e4fe96f87e227ad1dfb0218e8b,22457608,CC-BY,2022-08-01..2024-08-31,2025-03-28T17:32:43.488094,0,"copied from local mirror (STJ-Moral-Damages-Jurimetrics, CKAN download of 2026-09-07/08; sha256 verified against mirror CHECKSUMS)"
2026-09-12T19:01:11+00:00,stj_integras_decisoes,metadados20240627.json,https://dadosabertos.web.stj.jus.br/dataset/a2cd85cc-1391-4ebc-aeed-a45dd75a7987/resource/320deba8-8543-4b59-bdc0-41da37549bf1/download/metadados20240627.json,data/raw/stj_integras/metadata/metadados20240627.json,a40a2ee79b6d5160ed6ec9db787e0522c6ce6028c58712ed32f974502b5b78f6,1598905,CC-BY,2022-08-01..2024-08-31,2025-04-01T20:32:49.060873,0,"copied from local mirror (STJ-Moral-Damages-Jurimetrics, CKAN download of 2026-09-07/08; sha256 verified against mirror CHECKSUMS)"
2026-09-12T19:01:11+00:00,stj_integras_decisoes,textos20240627.zip,https://dadosabertos.web.stj.jus.br/dataset/a2cd85cc-1391-4ebc-aeed-a45dd75a7987/resource/0b3c771d-fd45-4d5f-b0ef-253285a28b3a/download/textos20240627.zip,data/raw/stj_integras/texts/textos20240627.zip,613ba6ac74c47fa6b7b5bc657d294675ad83ea46dc87a05ebd990614fda335a9,12193925,CC-BY,2022-08-01..2024-08-31,2025-04-01T20:33:06.574057,0,"copied from local mirror (STJ-Moral-Damages-Jurimetrics, CKAN download of 2026-09-07/08; sha256 verified against mirror CHECKSUMS)"
2026-09-12T19:01:11+00:00,stj_integras_decisoes,metadados20240628.json,https://dadosabertos.web.stj.jus.br/dataset/a2cd85cc-1391-4ebc-aeed-a45dd75a7987/resource/7e2cbc91-20b9-414f-bd96-79ccb8e8ecbf/download/metadados20240628.json,data/raw/stj_integras/metadata/metadados20240628.json,d2ea5492b3384c8543dfd9a9d08997e9aeb81da222855d20da49d60b1bcf85ba,1969202,CC-BY,2022-08-01..2024-08-31,2025-04-01T20:58:05.553993,0,"copied from local mirror (STJ-Moral-Damages-Jurimetrics, CKAN download of 2026-09-07/08; sha256 verified against mirror CHECKSUMS)"
2026-09-12T19:01:11+00:00,stj_integras_decisoes,textos20240628.zip,https://dadosabertos.web.stj.jus.br/dataset/a2cd85cc-1391-4ebc-aeed-a45dd75a7987/resource/059ea669-0c22-4724-a2df-3caf151217e8/download/textos20240628.zip,data/raw/stj_integras/texts/textos20240628.zip,32b9fe8bcec035971f1afd76a40d0661b55f314ca2b8573fbf1812b9579057b1,14764737,CC-BY,2022-08-01..2024-08-31,2025-04-01T20:58:19.032440,0,"copied from local mirror (STJ-Moral-Damages-Jurimetrics, CKAN download of 2026-09-07/08; sha256 verified against mirror CHECKSUMS)"
2026-09-12T19:01:11+00:00,stj_integras_decisoes,metadados20240701.json,https://dadosabertos.web.stj.jus.br/dataset/a2cd85cc-1391-4ebc-aeed-a45dd75a7987/resource/1dc4512a-5d77-48a0-8058-77d2afe24098/download/metadados20240701.json,data/raw/stj_integras/metadata/metadados20240701.json,7475a15e361093e6500fc684cf0e98651d46c6386bdceb16f9f65e3e810ca7bb,3058953,CC-BY,2022-08-01..2024-08-31,2025-04-01T21:07:42.531009,0,"copied from local mirror (STJ-Moral-Damages-Jurimetrics, CKAN download of 2026-09-07/08; sha256 verified against mirror CHECKSUMS)"
2026-09-12T19:01:11+00:00,stj_integras_decisoes,textos20240701.zip,https://dadosabertos.web.stj.jus.br/dataset/a2cd85cc-1391-4ebc-aeed-a45dd75a7987/resource/cfc7178a-a73d-496d-b805-579102f32940/download/textos20240701.zip,data/raw/stj_integras/texts/textos20240701.zip,e6599298c91a1850be06cc610804c50a09abfe33390e1fa872ca27707e4dde6c,17130813,CC-BY,2022-08-01..2024-08-31,2025-04-01T21:07:55.511627,0,"copied from local mirror (STJ-Moral-Damages-Jurimetrics, CKAN download of 2026-09-07/08; sha256 verified against mirror CHECKSUMS)"
2026-09-12T19:01:11+00:00,stj_integras_decisoes,metadados20240702.json,https://dadosabertos.web.stj.jus.br/dataset/a2cd85cc-1391-4ebc-aeed-a45dd75a7987/resource/091b3269-9475-48e6-961d-50421d75ebc6/download/metadados20240702.json,data/raw/stj_integras/metadata/metadados20240702.json,f331efae8bf8a38084b38b892de2a18bf7936e235193bda0a82d4e697fafd8e2,2223432,CC-BY,2022-08-01..2024-08-31,2025-04-01T21:17:41.678797,0,"copied from local mirror (STJ-Moral-Damages-Jurimetrics, CKAN download of 2026-09-07/08; sha256 verified against mirror CHECKSUMS)"
2026-09-12T19:01:11+00:00,stj_integras_decisoes,textos20240702.zip,https://dadosabertos.web.stj.jus.br/dataset/a2cd85cc-1391-4ebc-aeed-a45dd75a7987/resource/88ab392f-5a54-4998-9405-7d7464dba937/download/textos20240702.zip,data/raw/stj_integras/texts/textos20240702.zip,9000422b1e4a755ed05de7ae7cd615ecac360510e5ee3e1b059b9f385f092d32,14484663,CC-BY,2022-08-01..2024-08-31,2025-04-01T21:17:54.285297,0,"copied from local mirror (STJ-Moral-Damages-Jurimetrics, CKAN download of 2026-09-07/08; sha256 verified against mirror CHECKSUMS)"
2026-09-12T19:01:11+00:00,stj_integras_decisoes,metadados20240703.json,https://dadosabertos.web.stj.jus.br/dataset/a2cd85cc-1391-4ebc-aeed-a45dd75a7987/resource/d0e08a9c-eca4-4303-a0e8-1efdc269e58e/download/metadados20240703.json,data/raw/stj_integras/metadata/metadados20240703.json,c964a9543f1fecafda85e622ae1a4ecd3776933a74c3675dabf7fd174e200e78,1427216,CC-BY,2022-08-01..2024-08-31,2025-04-01T21:26:26.688194,0,"copied from local mirror (STJ-Moral-Damages-Jurimetrics, CKAN download of 2026-09-07/08; sha256 verified against mirror CHECKSUMS)"
2026-09-12T19:01:11+00:00,stj_integras_decisoes,textos20240703.zip,https://dadosabertos.web.stj.jus.br/dataset/a2cd85cc-1391-4ebc-aeed-a45dd75a7987/resource/9835ecb5-d352-42fb-bc19-7b6088df9c41/download/textos20240703.zip,data/raw/stj_integras/texts/textos20240703.zip,7f99bb54a9d80aa9148d7f7435a8d5b8b119db921a36ca35167090c46db738a3,8182070,CC-BY,2022-08-01..2024-08-31,2025-04-01T21:26:39.117890,0,"copied from local mirror (STJ-Moral-Damages-Jurimetrics, CKAN download of 2026-09-07/08; sha256 verified against mirror CHECKSUMS)"
2026-09-12T19:01:11+00:00,stj_integras_decisoes,metadados20240704.json,https://dadosabertos.web.stj.jus.br/dataset/a2cd85cc-1391-4ebc-aeed-a45dd75a7987/resource/599b775b-6d2d-498f-8a7c-e776d65f73a0/download/metadados20240704.json,data/raw/stj_integras/metadata/metadados20240704.json,26c9323aa0cd9147bb6205f57b1d78f1def844057ca9334908c13da72b0288cf,97838,CC-BY,2022-08-01..2024-08-31,2025-04-01T21:27:25.525600,0,"copied from local mirror (STJ-Moral-Damages-Jurimetrics, CKAN download of 2026-09-07/08; sha256 verified against mirror CHECKSUMS)"
2026-09-12T19:01:11+00:00,stj_integras_decisoes,textos20240704.zip,https://dadosabertos.web.stj.jus.br/dataset/a2cd85cc-1391-4ebc-aeed-a45dd75a7987/resource/35a9412c-ce1c-4f6f-b379-7a29ede0961e/download/textos20240704.zip,data/raw/stj_integras/texts/textos20240704.zip,90e59f65c782489ad3ad2152665e063c2a93b7840c96708858447b79dec9cf3f,615689,CC-BY,2022-08-01..2024-08-31,2025-04-01T21:27:36.939225,0,"copied from local mirror (STJ-Moral-Damages-Jurimetrics, CKAN download of 2026-09-07/08; sha256 verified against mirror CHECKSUMS)"
2026-09-12T19:01:11+00:00,stj_integras_decisoes,metadados20240705.json,https://dadosabertos.web.stj.jus.br/dataset/a2cd85cc-1391-4ebc-aeed-a45dd75a7987/resource/d01a7a46-ff43-4d6f-a695-80db3ceb1582/download/metadados20240705.json,data/raw/stj_integras/metadata/metadados20240705.json,cfc49a3805e6d1435efcac9083b41f741372ca5b543a6f598cd583cb15ff8558,137694,CC-BY,2022-08-01..2024-08-31,2025-04-01T21:28:24.380047,0,"copied from local mirror (STJ-Moral-Damages-Jurimetrics, CKAN download of 2026-09-07/08; sha256 verified against mirror CHECKSUMS)"
2026-09-12T19:01:11+00:00,stj_integras_decisoes,textos20240705.zip,https://dadosabertos.web.stj.jus.br/dataset/a2cd85cc-1391-4ebc-aeed-a45dd75a7987/resource/0065db67-78e2-4e3b-80e0-416d341f09cd/download/textos20240705.zip,data/raw/stj_integras/texts/textos20240705.zip,052906872ee9a7d21a946ab3306b094f93b302bdcd9fab3396cca2657ced0332,1071088,CC-BY,2022-08-01..2024-08-31,2025-04-01T21:28:35.696494,0,"copied from local mirror (STJ-Moral-Damages-Jurimetrics, CKAN download of 2026-09-07/08; sha256 verified against mirror CHECKSUMS)"
2026-09-12T19:01:11+00:00,stj_integras_decisoes,metadados20240708.json,https://dadosabertos.web.stj.jus.br/dataset/a2cd85cc-1391-4ebc-aeed-a45dd75a7987/resource/42e4936a-2aea-4374-90fb-9cb210dff494/download/metadados20240708.json,data/raw/stj_integras/metadata/metadados20240708.json,dd950d41d5570b127a6b5e983d52572120357f4b88a0b9edb5a848af28818445,157613,CC-BY,2022-08-01..2024-08-31,2025-04-01T21:29:21.464894,0,"copied from local mirror (STJ-Moral-Damages-Jurimetrics, CKAN download of 2026-09-07/08; sha256 verified against mirror CHECKSUMS)"
2026-09-12T19:01:11+00:00,stj_integras_decisoes,textos20240708.zip,https://dadosabertos.web.stj.jus.br/dataset/a2cd85cc-1391-4ebc-aeed-a45dd75a7987/resource/c86fcfd3-6ff9-412e-85f9-c89fff12f5fa/download/textos20240708.zip,data/raw/stj_integras/texts/textos20240708.zip,665904034e584c938fd143208d1ac87f573f0f3bbe363e1f8c222358256f42a4,1144801,CC-BY,2022-08-01..2024-08-31,2025-04-01T21:29:35.426761,0,"copied from local mirror (STJ-Moral-Damages-Jurimetrics, CKAN download of 2026-09-07/08; sha256 verified against mirror CHECKSUMS)"
2026-09-12T19:01:11+00:00,stj_integras_decisoes,metadados20240709.json,https://dadosabertos.web.stj.jus.br/dataset/a2cd85cc-1391-4ebc-aeed-a45dd75a7987/resource/49a6b3e2-a377-4de1-b866-dbf30406af35/download/metadados20240709.json,data/raw/stj_integras/metadata/metadados20240709.json,6a4f3437d1bb0f002c0ee22d8c635b1c502374208af71340fde5e93392bf2337,198859,CC-BY,2022-08-01..2024-08-31,2025-04-01T21:30:25.943121,0,"copied from local mirror (STJ-Moral-Damages-Jurimetrics, CKAN download of 2026-09-07/08; sha256 verified against mirror CHECKSUMS)"
2026-09-12T19:01:11+00:00,stj_integras_decisoes,textos20240709.zip,https://dadosabertos.web.stj.jus.br/dataset/a2cd85cc-1391-4ebc-aeed-a45dd75a7987/resource/f44ae7a1-46bb-49a1-9e69-73f3b748e4f6/download/textos20240709.zip,data/raw/stj_integras/texts/textos20240709.zip,4439d334b45e791556ecd2f20caace5ff8172c08e670af98abb0a8cb75387a99,1460232,CC-BY,2022-08-01..2024-08-31,2025-04-01T21:30:38.490688,0,"copied from local mirror (STJ-Moral-Damages-Jurimetrics, CKAN download of 2026-09-07/08; sha256 verified against mirror CHECKSUMS)"
2026-09-12T19:01:11+00:00,stj_integras_decisoes,metadados20240710.json,https://dadosabertos.web.stj.jus.br/dataset/a2cd85cc-1391-4ebc-aeed-a45dd75a7987/resource/63bc1655-393b-46eb-84f4-1a9370c33ef8/download/metadados20240710.json,data/raw/stj_integras/metadata/metadados20240710.json,c8165f27e22c5b6e5b5ffe9c15851b575549bd68aff46544137e34200e865f93,153828,CC-BY,2022-08-01..2024-08-31,2025-04-01T21:31:17.277370,0,"copied from local mirror (STJ-Moral-Damages-Jurimetrics, CKAN download of 2026-09-07/08; sha256 verified against mirror CHECKSUMS)"
2026-09-12T19:01:11+00:00,stj_integras_decisoes,textos20240710.zip,https://dadosabertos.web.stj.jus.br/dataset/a2cd85cc-1391-4ebc-aeed-a45dd75a7987/resource/be0d1b16-715c-4e7a-b6ea-1564008bdb3e/download/textos20240710.zip,data/raw/stj_integras/texts/textos20240710.zip,6a74588a06b175b6e9131f5fbe0c53e2de2e1fa3dd8229de071695f6725094df,988937,CC-BY,2022-08-01..2024-08-31,2025-04-01T21:31:33.024117,0,"copied from local mirror (STJ-Moral-Damages-Jurimetrics, CKAN download of 2026-09-07/08; sha256 verified against mirror CHECKSUMS)"
2026-09-12T19:01:11+00:00,stj_integras_decisoes,metadados20240711.json,https://dadosabertos.web.stj.jus.br/dataset/a2cd85cc-1391-4ebc-aeed-a45dd75a7987/resource/c978d3f9-bda4-45ab-8b1c-7d8febd402b0/download/metadados20240711.json,data/raw/stj_integras/metadata/metadados20240711.json,c393cfad686f9ab502aa51c8beaa1da73416bd792bc01137891f1d911790a5e5,113802,CC-BY,2022-08-01..2024-08-31,2025-04-01T21:32:08.404873,0,"copied from local mirror (STJ-Moral-Damages-Jurimetrics, CKAN download of 2026-09-07/08; sha256 verified against mirror CHECKSUMS)"
2026-09-12T19:01:11+00:00,stj_integras_decisoes,textos20240711.zip,https://dadosabertos.web.stj.jus.br/dataset/a2cd85cc-1391-4ebc-aeed-a45dd75a7987/resource/c965773a-03a0-47b6-8348-e7a11d180fe8/download/textos20240711.zip,data/raw/stj_integras/texts/textos20240711.zip,ae753f755aa48cc43dcc6deb6288ee8bab4865646dacba0637dee1bf85489651,772032,CC-BY,2022-08-01..2024-08-31,2025-04-01T21:32:20.591167,0,"copied from local mirror (STJ-Moral-Damages-Jurimetrics, CKAN download of 2026-09-07/08; sha256 verified against mirror CHECKSUMS)"
2026-09-12T19:01:11+00:00,stj_integras_decisoes,metadados20240712.json,https://dadosabertos.web.stj.jus.br/dataset/a2cd85cc-1391-4ebc-aeed-a45dd75a7987/resource/d93938da-8eca-4f5a-98e0-fd1b929047ec/download/metadados20240712.json,data/raw/stj_integras/metadata/metadados20240712.json,7578fe7a95c621337203e7810825ff1019d53af54a0c03c63364d87ea3ffbe54,160805,CC-BY,2022-08-01..2024-08-31,2025-04-01T21:33:05.776600,0,"copied from local mirror (STJ-Moral-Damages-Jurimetrics, CKAN download of 2026-09-07/08; sha256 verified against mirror CHECKSUMS)"
2026-09-12T19:01:11+00:00,stj_integras_decisoes,textos20240712.zip,https://dadosabertos.web.stj.jus.br/dataset/a2cd85cc-1391-4ebc-aeed-a45dd75a7987/resource/29d67c96-1c97-46ea-ad32-c5fc92f46a52/download/textos20240712.zip,data/raw/stj_integras/texts/textos20240712.zip,e967e7bbf4e7adfff4d3f85f61085c357f8dac3ea763ad11ba774e8e956a9d05,1417535,CC-BY,2022-08-01..2024-08-31,2025-04-01T21:33:18.571452,0,"copied from local mirror (STJ-Moral-Damages-Jurimetrics, CKAN download of 2026-09-07/08; sha256 verified against mirror CHECKSUMS)"
2026-09-12T19:01:11+00:00,stj_integras_decisoes,metadados20240715.json,https://dadosabertos.web.stj.jus.br/dataset/a2cd85cc-1391-4ebc-aeed-a45dd75a7987/resource/8b075694-65e5-4f21-8d2e-c3c1952dcfd6/download/metadados20240715.json,data/raw/stj_integras/metadata/metadados20240715.json,383f9ebf18f39a87a987c876e86736c3004a9a60d821009d7c9a676d877e0f1f,193674,CC-BY,2022-08-01..2024-08-31,2025-04-01T21:34:10.112483,0,"copied from local mirror (STJ-Moral-Damages-Jurimetrics, CKAN download of 2026-09-07/08; sha256 verified against mirror CHECKSUMS)"
2026-09-12T19:01:11+00:00,stj_integras_decisoes,textos20240715.zip,https://dadosabertos.web.stj.jus.br/dataset/a2cd85cc-1391-4ebc-aeed-a45dd75a7987/resource/fb264366-d6dd-47ac-bc9a-c5d221b0a91d/download/textos20240715.zip,data/raw/stj_integras/texts/textos20240715.zip,6feb6554f72bf7f623598ea5d2e49df03669a37d0b333b8dd2d907e5a3930b66,1433590,CC-BY,2022-08-01..2024-08-31,2025-04-01T21:34:22.812745,0,"copied from local mirror (STJ-Moral-Damages-Jurimetrics, CKAN download of 2026-09-07/08; sha256 verified against mirror CHECKSUMS)"
2026-09-12T19:01:11+00:00,stj_integras_decisoes,metadados20240716.json,https://dadosabertos.web.stj.jus.br/dataset/a2cd85cc-1391-4ebc-aeed-a45dd75a7987/resource/d00128f1-9ebf-4ea3-9fde-f3f25dec4093/download/metadados20240716.json,data/raw/stj_integras/metadata/metadados20240716.json,d01be427d669dd6698234d5f6440c5d0c4f2b6631559a4f5d8cc10eb734c19f9,233817,CC-BY,2022-08-01..2024-08-31,2025-04-01T21:35:15.850429,0,"copied from local mirror (STJ-Moral-Damages-Jurimetrics, CKAN download of 2026-09-07/08; sha256 verified against mirror CHECKSUMS)"
2026-09-12T19:01:11+00:00,stj_integras_decisoes,textos20240716.zip,https://dadosabertos.web.stj.jus.br/dataset/a2cd85cc-1391-4ebc-aeed-a45dd75a7987/resource/bbc20e89-43b5-418d-aa08-7a359ad43f22/download/textos20240716.zip,data/raw/stj_integras/texts/textos20240716.zip,2c0268490bdbc4cd68b29834fe92643e3191c65d326d0a55dca4a880699d5b84,1735765,CC-BY,2022-08-01..2024-08-31,2025-04-01T21:35:28.555586,0,"copied from local mirror (STJ-Moral-Damages-Jurimetrics, CKAN download of 2026-09-07/08; sha256 verified against mirror CHECKSUMS)"
2026-09-12T19:01:11+00:00,stj_integras_decisoes,metadados20240717.json,https://dadosabertos.web.stj.jus.br/dataset/a2cd85cc-1391-4ebc-aeed-a45dd75a7987/resource/0c81c835-3ff8-48b8-8fbc-dfac02e845a2/download/metadados20240717.json,data/raw/stj_integras/metadata/metadados20240717.json,2dcd4891226b5891bf8c6018a5a9d692915ac156ca7d15a16f7ffa3cdc17e572,131106,CC-BY,2022-08-01..2024-08-31,2025-04-01T21:36:11.897914,0,"copied from local mirror (STJ-Moral-Damages-Jurimetrics, CKAN download of 2026-09-07/08; sha256 verified against mirror CHECKSUMS)"
2026-09-12T19:01:11+00:00,stj_integras_decisoes,textos20240717.zip,https://dadosabertos.web.stj.jus.br/dataset/a2cd85cc-1391-4ebc-aeed-a45dd75a7987/resource/99bc7264-cbc8-4c88-a700-eeae32583919/download/textos20240717.zip,data/raw/stj_integras/texts/textos20240717.zip,e780e32926871e23dca61a3c81dbb3f9b06abd6492dd730ce97dccaf13af15fe,819664,CC-BY,2022-08-01..2024-08-31,2025-04-01T21:36:23.472690,0,"copied from local mirror (STJ-Moral-Damages-Jurimetrics, CKAN download of 2026-09-07/08; sha256 verified against mirror CHECKSUMS)"
2026-09-12T19:01:11+00:00,stj_integras_decisoes,metadados20240718.json,https://dadosabertos.web.stj.jus.br/dataset/a2cd85cc-1391-4ebc-aeed-a45dd75a7987/resource/95ea1597-8ad9-4e85-9d26-594d60b1d55d/download/metadados20240718.json,data/raw/stj_integras/metadata/metadados20240718.json,9b11dd66b6f7ffb1b17da41174df0f06f41045af5023f393672d2f89d509f193,89064,CC-BY,2022-08-01..2024-08-31,2025-04-01T21:44:52.456378,0,"copied from local mirror (STJ-Moral-Damages-Jurimetrics, CKAN download of 2026-09-07/08; sha256 verified against mirror CHECKSUMS)"
2026-09-12T19:01:11+00:00,stj_integras_decisoes,textos20240718.zip,https://dadosabertos.web.stj.jus.br/dataset/a2cd85cc-1391-4ebc-aeed-a45dd75a7987/resource/3bc6e293-98b4-4c96-a90b-9254e5d55779/download/textos20240718.zip,data/raw/stj_integras/texts/textos20240718.zip,ec14f262014f0ed81c51bbd1461d5a33242a1747749095fc496c87e73f772049,584362,CC-BY,2022-08-01..2024-08-31,2025-04-01T21:45:05.020469,0,"copied from local mirror (STJ-Moral-Damages-Jurimetrics, CKAN download of 2026-09-07/08; sha256 verified against mirror CHECKSUMS)"
2026-09-12T19:01:11+00:00,stj_integras_decisoes,metadados20240719.json,https://dadosabertos.web.stj.jus.br/dataset/a2cd85cc-1391-4ebc-aeed-a45dd75a7987/resource/700ffd7c-a83e-4892-94e6-52d175cb804c/download/metadados20240719.json,data/raw/stj_integras/metadata/metadados20240719.json,808aa569f2c8f95e6d517ed7089c06f3fbf07784572aa8d7a6b48820d06c9cca,44885,CC-BY,2022-08-01..2024-08-31,2025-04-01T21:45:28.999381,0,"copied from local mirror (STJ-Moral-Damages-Jurimetrics, CKAN download of 2026-09-07/08; sha256 verified against mirror CHECKSUMS)"
2026-09-12T19:01:11+00:00,stj_integras_decisoes,textos20240719.zip,https://dadosabertos.web.stj.jus.br/dataset/a2cd85cc-1391-4ebc-aeed-a45dd75a7987/resource/5cd5783c-8e8b-4b7a-961b-472634efe8dd/download/textos20240719.zip,data/raw/stj_integras/texts/textos20240719.zip,7d2af753ae0880e558d76da5e7978bf0e5a10fcc805956310e8c41f6b4ce7f44,263768,CC-BY,2022-08-01..2024-08-31,2025-04-01T21:45:40.726989,0,"copied from local mirror (STJ-Moral-Damages-Jurimetrics, CKAN download of 2026-09-07/08; sha256 verified against mirror CHECKSUMS)"
2026-09-12T19:01:11+00:00,stj_integras_decisoes,metadados20240722.json,https://dadosabertos.web.stj.jus.br/dataset/a2cd85cc-1391-4ebc-aeed-a45dd75a7987/resource/c3865ce2-2db6-4d35-9aa8-04ebc9fc9a24/download/metadados20240722.json,data/raw/stj_integras/metadata/metadados20240722.json,de4bab5d8419890e4e43c55477c1928a33f77da74e78993eb04da57be6e475f8,887322,CC-BY,2022-08-01..2024-08-31,2025-04-01T21:49:34.276863,0,"copied from local mirror (STJ-Moral-Damages-Jurimetrics, CKAN download of 2026-09-07/08; sha256 verified against mirror CHECKSUMS)"
2026-09-12T19:01:11+00:00,stj_integras_decisoes,textos20240722.zip,https://dadosabertos.web.stj.jus.br/dataset/a2cd85cc-1391-4ebc-aeed-a45dd75a7987/resource/7753efa8-4cfc-4398-bac2-3c4238379112/download/textos20240722.zip,data/raw/stj_integras/texts/textos20240722.zip,258c3e3b1dd0cea1cf44e63dd40e4c8d6bf1878a78f108afcc341ac393152281,2473034,CC-BY,2022-08-01..2024-08-31,2025-04-01T21:49:46.753403,0,"copied from local mirror (STJ-Moral-Damages-Jurimetrics, CKAN download of 2026-09-07/08; sha256 verified against mirror CHECKSUMS)"
2026-09-12T19:01:11+00:00,stj_integras_decisoes,metadados20240723.json,https://dadosabertos.web.stj.jus.br/dataset/a2cd85cc-1391-4ebc-aeed-a45dd75a7987/resource/7166176d-1efc-43e1-9d3b-97208ff82b57/download/metadados20240723.json,data/raw/stj_integras/metadata/metadados20240723.json,4d58346f5c662834379f68b63cd277260990ed41a6609930969324dd847df6f6,3519275,CC-BY,2022-08-01..2024-08-31,2025-04-01T22:02:33.653596,0,"copied from local mirror (STJ-Moral-Damages-Jurimetrics, CKAN download of 2026-09-07/08; sha256 verified against mirror CHECKSUMS)"
2026-09-12T19:01:11+00:00,stj_integras_decisoes,textos20240723.zip,https://dadosabertos.web.stj.jus.br/dataset/a2cd85cc-1391-4ebc-aeed-a45dd75a7987/resource/e17f0362-fcae-4d85-b2b3-0c5f28efd0d5/download/textos20240723.zip,data/raw/stj_integras/texts/textos20240723.zip,4206d099320df2e9c7c680b9c541a9c778ef280192f71d386789136cbc2478d9,15448604,CC-BY,2022-08-01..2024-08-31,2025-04-01T22:02:46.547850,0,"copied from local mirror (STJ-Moral-Damages-Jurimetrics, CKAN download of 2026-09-07/08; sha256 verified against mirror CHECKSUMS)"
2026-09-12T19:01:11+00:00,stj_integras_decisoes,metadados20240724.json,https://dadosabertos.web.stj.jus.br/dataset/a2cd85cc-1391-4ebc-aeed-a45dd75a7987/resource/c853cd14-7c86-4c8c-996b-f23f7dbe7388/download/metadados20240724.json,data/raw/stj_integras/metadata/metadados20240724.json,e3c1ba11296f80f084502c3ed6782375e0d96b15893bde1bcac7f4dbdedbb990,1035770,CC-BY,2022-08-01..2024-08-31,2025-04-01T22:07:14.503368,0,"copied from local mirror (STJ-Moral-Damages-Jurimetrics, CKAN download of 2026-09-07/08; sha256 verified against mirror CHECKSUMS)"
2026-09-12T19:01:11+00:00,stj_integras_decisoes,textos20240724.zip,https://dadosabertos.web.stj.jus.br/dataset/a2cd85cc-1391-4ebc-aeed-a45dd75a7987/resource/a7c42f77-9b0c-43b4-84d7-93064a62f134/download/textos20240724.zip,data/raw/stj_integras/texts/textos20240724.zip,c2a4b31d0d2a3a95e27231713329efa34b3f024a307fe6f5b22b188333f97c49,4544796,CC-BY,2022-08-01..2024-08-31,2025-04-01T22:07:27.310399,0,"copied from local mirror (STJ-Moral-Damages-Jurimetrics, CKAN download of 2026-09-07/08; sha256 verified against mirror CHECKSUMS)"
2026-09-12T19:01:11+00:00,stj_integras_decisoes,metadados20240725.json,https://dadosabertos.web.stj.jus.br/dataset/a2cd85cc-1391-4ebc-aeed-a45dd75a7987/resource/d9562cff-77ea-4a0c-b93e-8407964e2df9/download/metadados20240725.json,data/raw/stj_integras/metadata/metadados20240725.json,76bb279de36f94955b3a83df57b6ec80329bbb0680d73b3bd80b902811ecdf7f,159915,CC-BY,2022-08-01..2024-08-31,2025-04-01T22:08:12.074939,0,"copied from local mirror (STJ-Moral-Damages-Jurimetrics, CKAN download of 2026-09-07/08; sha256 verified against mirror CHECKSUMS)"
2026-09-12T19:01:11+00:00,stj_integras_decisoes,textos20240725.zip,https://dadosabertos.web.stj.jus.br/dataset/a2cd85cc-1391-4ebc-aeed-a45dd75a7987/resource/6172facb-9880-4515-85e9-cc4a750828e5/download/textos20240725.zip,data/raw/stj_integras/texts/textos20240725.zip,87f6d98ff081bdf08707f3f465c47d4b212226ce81cbd3bc31f72ca30a5ee529,993112,CC-BY,2022-08-01..2024-08-31,2025-04-01T22:08:23.759813,0,"copied from local mirror (STJ-Moral-Damages-Jurimetrics, CKAN download of 2026-09-07/08; sha256 verified against mirror CHECKSUMS)"
2026-09-12T19:01:11+00:00,stj_integras_decisoes,metadados20240726.json,https://dadosabertos.web.stj.jus.br/dataset/a2cd85cc-1391-4ebc-aeed-a45dd75a7987/resource/92495b5e-042b-40e2-ad5f-f8e9f79d315c/download/metadados20240726.json,data/raw/stj_integras/metadata/metadados20240726.json,5c99eeb42a947b5fcf6bc724e631c4c05c4f6fe03f11a72bc8a349114587b797,1011237,CC-BY,2022-08-01..2024-08-31,2025-04-01T22:11:44.288089,0,"copied from local mirror (STJ-Moral-Damages-Jurimetrics, CKAN download of 2026-09-07/08; sha256 verified against mirror CHECKSUMS)"
2026-09-12T19:01:11+00:00,stj_integras_decisoes,textos20240726.zip,https://dadosabertos.web.stj.jus.br/dataset/a2cd85cc-1391-4ebc-aeed-a45dd75a7987/resource/7e58b47f-cb57-4678-b57e-385d3d017d87/download/textos20240726.zip,data/raw/stj_integras/texts/textos20240726.zip,b45942f0ffda7e75f6ca5da4ff032c3b2e4ad1bc422de87ad84402cdba3fbfc2,3608611,CC-BY,2022-08-01..2024-08-31,2025-04-01T22:11:57.808987,0,"copied from local mirror (STJ-Moral-Damages-Jurimetrics, CKAN download of 2026-09-07/08; sha256 verified against mirror CHECKSUMS)"
2026-09-12T19:01:11+00:00,stj_integras_decisoes,metadados20240729.json,https://dadosabertos.web.stj.jus.br/dataset/a2cd85cc-1391-4ebc-aeed-a45dd75a7987/resource/7f20865f-3e04-4319-9a34-7c6000c62cce/download/metadados20240729.json,data/raw/stj_integras/metadata/metadados20240729.json,b903e88066f823dd3d463f46fe7595567019e8fc13477f1db8045703112931bf,204211,CC-BY,2022-08-01..2024-08-31,2025-04-01T22:12:48.620763,0,"copied from local mirror (STJ-Moral-Damages-Jurimetrics, CKAN download of 2026-09-07/08; sha256 verified against mirror CHECKSUMS)"
2026-09-12T19:01:11+00:00,stj_integras_decisoes,textos20240729.zip,https://dadosabertos.web.stj.jus.br/dataset/a2cd85cc-1391-4ebc-aeed-a45dd75a7987/resource/2bb1d3dd-8d34-4619-9483-c9d802386b0e/download/textos20240729.zip,data/raw/stj_integras/texts/textos20240729.zip,147b9bf396be66686142040a7eb51f6ef12bcf1a31d16951fc667d489f8d3764,1307052,CC-BY,2022-08-01..2024-08-31,2025-04-01T22:13:01.950297,0,"copied from local mirror (STJ-Moral-Damages-Jurimetrics, CKAN download of 2026-09-07/08; sha256 verified against mirror CHECKSUMS)"
2026-09-12T19:01:11+00:00,stj_integras_decisoes,metadados20240730.json,https://dadosabertos.web.stj.jus.br/dataset/a2cd85cc-1391-4ebc-aeed-a45dd75a7987/resource/2700537f-db0a-4ed1-bc36-b8e3fffe5705/download/metadados20240730.json,data/raw/stj_integras/metadata/metadados20240730.json,2425e76ef1dc6a6f4d6f40ad8049aee7aaa6b25a470ea6160a336fa28cd34ffe,759317,CC-BY,2022-08-01..2024-08-31,2025-04-01T22:15:27.619443,0,"copied from local mirror (STJ-Moral-Damages-Jurimetrics, CKAN download of 2026-09-07/08; sha256 verified against mirror CHECKSUMS)"
2026-09-12T19:01:11+00:00,stj_integras_decisoes,textos20240730.zip,https://dadosabertos.web.stj.jus.br/dataset/a2cd85cc-1391-4ebc-aeed-a45dd75a7987/resource/8514bac4-9f86-4b4b-968d-2c185c099321/download/textos20240730.zip,data/raw/stj_integras/texts/textos20240730.zip,6f297de3ceae0cf15b3551a91285ad829966a3434ba74ebac1204736901558a2,5193837,CC-BY,2022-08-01..2024-08-31,2025-04-01T22:15:40.958446,0,"copied from local mirror (STJ-Moral-Damages-Jurimetrics, CKAN download of 2026-09-07/08; sha256 verified against mirror CHECKSUMS)"
2026-09-12T19:01:11+00:00,stj_integras_decisoes,metadados20240731.json,https://dadosabertos.web.stj.jus.br/dataset/a2cd85cc-1391-4ebc-aeed-a45dd75a7987/resource/47e0d277-dc36-4835-85e5-697a7ff475b1/download/metadados20240731.json,data/raw/stj_integras/metadata/metadados20240731.json,9603257841995cc46b5580212dd94354d1b365bdca7ffb675edbee5c1e40e264,501496,CC-BY,2022-08-01..2024-08-31,2025-04-01T22:17:27.589011,0,"copied from local mirror (STJ-Moral-Damages-Jurimetrics, CKAN download of 2026-09-07/08; sha256 verified against mirror CHECKSUMS)"
2026-09-12T19:01:11+00:00,stj_integras_decisoes,textos20240731.zip,https://dadosabertos.web.stj.jus.br/dataset/a2cd85cc-1391-4ebc-aeed-a45dd75a7987/resource/930a339a-5bd6-468e-9e10-a28a5ec78585/download/textos20240731.zip,data/raw/stj_integras/texts/textos20240731.zip,fdc859c7351218dd728f695a8f31c0412be0ee43770d45f1c30302df6d84e9c9,2024616,CC-BY,2022-08-01..2024-08-31,2025-04-01T22:17:41.043976,0,"copied from local mirror (STJ-Moral-Damages-Jurimetrics, CKAN download of 2026-09-07/08; sha256 verified against mirror CHECKSUMS)"
2026-09-12T19:01:11+00:00,stj_integras_decisoes,metadados20240801.json,https://dadosabertos.web.stj.jus.br/dataset/a2cd85cc-1391-4ebc-aeed-a45dd75a7987/resource/2a52c2bc-0959-45fa-bf83-c1b16923ec07/download/metadados20240801.json,data/raw/stj_integras/metadata/metadados20240801.json,5e60f0692d32b3eee24e2080fb512ab115aab4f1d48a45c8bf649f90c8d5c5a3,349975,CC-BY,2022-08-01..2024-08-31,2025-04-01T22:18:57.926842,0,"copied from local mirror (STJ-Moral-Damages-Jurimetrics, CKAN download of 2026-09-07/08; sha256 verified against mirror CHECKSUMS)"
2026-09-12T19:01:11+00:00,stj_integras_decisoes,textos20240801.zip,https://dadosabertos.web.stj.jus.br/dataset/a2cd85cc-1391-4ebc-aeed-a45dd75a7987/resource/4a8ced58-7849-483b-8068-59d2dd2330e2/download/textos20240801.zip,data/raw/stj_integras/texts/textos20240801.zip,fdb89e96feeb9852b3dbd88409e11c0688382392d653578cee1557c46886a7c5,2244181,CC-BY,2022-08-01..2024-08-31,2025-04-01T22:19:11.311281,0,"copied from local mirror (STJ-Moral-Damages-Jurimetrics, CKAN download of 2026-09-07/08; sha256 verified against mirror CHECKSUMS)"
2026-09-12T19:01:11+00:00,stj_integras_decisoes,metadados20240802.json,https://dadosabertos.web.stj.jus.br/dataset/a2cd85cc-1391-4ebc-aeed-a45dd75a7987/resource/e4f78d94-3a5f-4c56-8186-ed54588cc971/download/metadados20240802.json,data/raw/stj_integras/metadata/metadados20240802.json,f2edc338b8a65ae540b72c4481e4466cc625ac4c59bceaf196954fe0bb0c6157,3196687,CC-BY,2022-08-01..2024-08-31,2025-04-01T22:31:55.584388,0,"copied from local mirror (STJ-Moral-Damages-Jurimetrics, CKAN download of 2026-09-07/08; sha256 verified against mirror CHECKSUMS)"
2026-09-12T19:01:11+00:00,stj_integras_decisoes,textos20240802.zip,https://dadosabertos.web.stj.jus.br/dataset/a2cd85cc-1391-4ebc-aeed-a45dd75a7987/resource/dd105155-a60a-471b-afac-458b350745a9/download/textos20240802.zip,data/raw/stj_integras/texts/textos20240802.zip,293f51922198a9c041556a41b32d5919c1b8d0e503eecb7c0c2211b62cd94f1d,21156230,CC-BY,2022-08-01..2024-08-31,2025-04-01T22:32:08.719351,0,"copied from local mirror (STJ-Moral-Damages-Jurimetrics, CKAN download of 2026-09-07/08; sha256 verified against mirror CHECKSUMS)"
2026-09-12T19:01:11+00:00,stj_integras_decisoes,metadados20240805.json,https://dadosabertos.web.stj.jus.br/dataset/a2cd85cc-1391-4ebc-aeed-a45dd75a7987/resource/f35d3255-be44-4f5b-bea5-29aec47cf787/download/metadados20240805.json,data/raw/stj_integras/metadata/metadados20240805.json,2d3f611ad533219018071ee0ad393afcf2b75ea8f45f7ace9f2b6b4c4b858e36,2525810,CC-BY,2022-08-01..2024-08-31,2025-04-01T22:42:36.672799,0,"copied from local mirror (STJ-Moral-Damages-Jurimetrics, CKAN download of 2026-09-07/08; sha256 verified against mirror CHECKSUMS)"
2026-09-12T19:01:11+00:00,stj_integras_decisoes,textos20240805.zip,https://dadosabertos.web.stj.jus.br/dataset/a2cd85cc-1391-4ebc-aeed-a45dd75a7987/resource/3c4677e8-1d9a-4a58-8651-d8b5eeeb7212/download/textos20240805.zip,data/raw/stj_integras/texts/textos20240805.zip,046f31434058b8d3386cfd11809ad55fd36a4735c0b928b8c8d4c250d74d8190,16411113,CC-BY,2022-08-01..2024-08-31,2025-04-01T22:42:49.756398,0,"copied from local mirror (STJ-Moral-Damages-Jurimetrics, CKAN download of 2026-09-07/08; sha256 verified against mirror CHECKSUMS)"
2026-09-12T19:01:11+00:00,stj_integras_decisoes,metadados20240806.json,https://dadosabertos.web.stj.jus.br/dataset/a2cd85cc-1391-4ebc-aeed-a45dd75a7987/resource/58e68e52-6e4b-42a2-99b3-e67629562538/download/metadados20240806.json,data/raw/stj_integras/metadata/metadados20240806.json,8b9a298a0f8eb7ded5b5cec4c0473c9a8c9a733dcec088cc7facfc38440c4761,1655761,CC-BY,2022-08-01..2024-08-31,2025-04-01T22:47:41.230938,0,"copied from local mirror (STJ-Moral-Damages-Jurimetrics, CKAN download of 2026-09-07/08; sha256 verified against mirror CHECKSUMS)"
2026-09-12T19:01:11+00:00,stj_integras_decisoes,textos20240806.zip,https://dadosabertos.web.stj.jus.br/dataset/a2cd85cc-1391-4ebc-aeed-a45dd75a7987/resource/df18bb5c-324b-4713-96f9-3853658ef6aa/download/textos20240806.zip,data/raw/stj_integras/texts/textos20240806.zip,78232f019fd80e0f6ca3108d43082ee8f4730d55a386b617ec0f8a19f430df4d,11171080,CC-BY,2022-08-01..2024-08-31,2025-04-01T22:47:54.349338,0,"copied from local mirror (STJ-Moral-Damages-Jurimetrics, CKAN download of 2026-09-07/08; sha256 verified against mirror CHECKSUMS)"
2026-09-12T19:01:11+00:00,stj_integras_decisoes,metadados20240807.json,https://dadosabertos.web.stj.jus.br/dataset/a2cd85cc-1391-4ebc-aeed-a45dd75a7987/resource/8b3f4e9f-c711-4802-821b-18ee3a2a526b/download/metadados20240807.json,data/raw/stj_integras/metadata/metadados20240807.json,396d17056f18c5b6dc4a9ff2dc3e568a8cf53646a43f1ee3a0a09dd485f5f961,1452511,CC-BY,2022-08-01..2024-08-31,2025-04-01T22:52:22.251645,0,"copied from local mirror (STJ-Moral-Damages-Jurimetrics, CKAN download of 2026-09-07/08; sha256 verified against mirror CHECKSUMS)"
2026-09-12T19:01:11+00:00,stj_integras_decisoes,textos20240807.zip,https://dadosabertos.web.stj.jus.br/dataset/a2cd85cc-1391-4ebc-aeed-a45dd75a7987/resource/f7eec802-26bd-486e-8a35-e9d632d03382/download/textos20240807.zip,data/raw/stj_integras/texts/textos20240807.zip,bd2c505ab83b60891461371cd873aca13e066d2cd9fb2cfbb4085e64348a9d37,8621805,CC-BY,2022-08-01..2024-08-31,2025-04-01T22:52:35.026544,0,"copied from local mirror (STJ-Moral-Damages-Jurimetrics, CKAN download of 2026-09-07/08; sha256 verified against mirror CHECKSUMS)"
2026-09-12T19:01:11+00:00,stj_integras_decisoes,metadados20240808.json,https://dadosabertos.web.stj.jus.br/dataset/a2cd85cc-1391-4ebc-aeed-a45dd75a7987/resource/16622fe5-f477-466c-975f-bc95a1b076e9/download/metadados20240808.json,data/raw/stj_integras/metadata/metadados20240808.json,e862ae9d5b60010b632b4c13a9b49d0031addbcb91726b1c05ec584b9ebf2eb6,1744227,CC-BY,2022-08-01..2024-08-31,2025-04-01T23:00:21.131383,0,"copied from local mirror (STJ-Moral-Damages-Jurimetrics, CKAN download of 2026-09-07/08; sha256 verified against mirror CHECKSUMS)"
2026-09-12T19:01:11+00:00,stj_integras_decisoes,textos20240808.zip,https://dadosabertos.web.stj.jus.br/dataset/a2cd85cc-1391-4ebc-aeed-a45dd75a7987/resource/4c3942c6-4853-4b98-8799-078c297b1f19/download/textos20240808.zip,data/raw/stj_integras/texts/textos20240808.zip,331e98cfc2b69206af7d0899ade278e3133dc6eb98beb9c83623517fb791ef4f,10598046,CC-BY,2022-08-01..2024-08-31,2025-04-01T23:00:35.054118,0,"copied from local mirror (STJ-Moral-Damages-Jurimetrics, CKAN download of 2026-09-07/08; sha256 verified against mirror CHECKSUMS)"
2026-09-12T19:01:11+00:00,stj_integras_decisoes,metadados20240809.json,https://dadosabertos.web.stj.jus.br/dataset/a2cd85cc-1391-4ebc-aeed-a45dd75a7987/resource/d254b16c-8f03-4ae1-9586-8ae17c52c033/download/metadados20240809.json,data/raw/stj_integras/metadata/metadados20240809.json,c55de14415de1ea1f72eff44423675eaeab1d0c835f4996a83e9463d2e9efb19,1345760,CC-BY,2022-08-01..2024-08-31,2025-04-01T23:06:18.964768,0,"copied from local mirror (STJ-Moral-Damages-Jurimetrics, CKAN download of 2026-09-07/08; sha256 verified against mirror CHECKSUMS)"
2026-09-12T19:01:11+00:00,stj_integras_decisoes,textos20240809.zip,https://dadosabertos.web.stj.jus.br/dataset/a2cd85cc-1391-4ebc-aeed-a45dd75a7987/resource/faf3ebf7-dfae-4c0a-8388-8904b1ed273e/download/textos20240809.zip,data/raw/stj_integras/texts/textos20240809.zip,b63a975576aa3b8e0c197cacc39b2f17f2b6b65863dcab8dafe96cb62efbe0b4,8118398,CC-BY,2022-08-01..2024-08-31,2025-04-01T23:06:31.987368,0,"copied from local mirror (STJ-Moral-Damages-Jurimetrics, CKAN download of 2026-09-07/08; sha256 verified against mirror CHECKSUMS)"
2026-09-12T19:01:11+00:00,stj_integras_decisoes,metadados20240812.json,https://dadosabertos.web.stj.jus.br/dataset/a2cd85cc-1391-4ebc-aeed-a45dd75a7987/resource/ece7012f-09d5-447f-abce-a71d22c06b09/download/metadados20240812.json,data/raw/stj_integras/metadata/metadados20240812.json,0c909c0632fcabacbba70002b067c4b088da4d61b21d909111a7dc31bec6cfef,1011084,CC-BY,2022-08-01..2024-08-31,2025-04-01T23:11:19.584196,0,"copied from local mirror (STJ-Moral-Damages-Jurimetrics, CKAN download of 2026-09-07/08; sha256 verified against mirror CHECKSUMS)"
2026-09-12T19:01:11+00:00,stj_integras_decisoes,textos20240812.zip,https://dadosabertos.web.stj.jus.br/dataset/a2cd85cc-1391-4ebc-aeed-a45dd75a7987/resource/8ffc4359-a775-4faa-863f-c925cf1fdcf9/download/textos20240812.zip,data/raw/stj_integras/texts/textos20240812.zip,587c23b905271f929c4f2e99dde8e4c31cd3e91602018e9cf3e19f7ea6ee1852,6869009,CC-BY,2022-08-01..2024-08-31,2025-04-01T23:11:32.835365,0,"copied from local mirror (STJ-Moral-Damages-Jurimetrics, CKAN download of 2026-09-07/08; sha256 verified against mirror CHECKSUMS)"
2026-09-12T19:01:11+00:00,stj_integras_decisoes,metadados20240813.json,https://dadosabertos.web.stj.jus.br/dataset/a2cd85cc-1391-4ebc-aeed-a45dd75a7987/resource/1d0c2885-260d-4b79-bb64-733f1ff81b11/download/metadados20240813.json,data/raw/stj_integras/metadata/metadados20240813.json,62afe0cca386f637167e524929152a5786f57150b630774a4882804d9f58cce5,1436909,CC-BY,2022-08-01..2024-08-31,2025-04-01T23:16:06.217774,0,"copied from local mirror (STJ-Moral-Damages-Jurimetrics, CKAN download of 2026-09-07/08; sha256 verified against mirror CHECKSUMS)"
2026-09-12T19:01:11+00:00,stj_integras_decisoes,textos20240813.zip,https://dadosabertos.web.stj.jus.br/dataset/a2cd85cc-1391-4ebc-aeed-a45dd75a7987/resource/fb3f7a8c-dfc7-477f-9e72-3a3f0924b2cc/download/textos20240813.zip,data/raw/stj_integras/texts/textos20240813.zip,0c43743bb653beae1c81727c09a737bf295cfd600af2e55f6011dd68a707928d,9543000,CC-BY,2022-08-01..2024-08-31,2025-04-01T23:16:19.579428,0,"copied from local mirror (STJ-Moral-Damages-Jurimetrics, CKAN download of 2026-09-07/08; sha256 verified against mirror CHECKSUMS)"
2026-09-12T19:01:11+00:00,stj_integras_decisoes,metadados20240814.json,https://dadosabertos.web.stj.jus.br/dataset/a2cd85cc-1391-4ebc-aeed-a45dd75a7987/resource/28808464-d6da-4cf7-8d53-0e996d932ef2/download/metadados20240814.json,data/raw/stj_integras/metadata/metadados20240814.json,9fbbae029c9c676015212eb5adad56cc2da84ad93859ec33a20da4603b76de24,1896759,CC-BY,2022-08-01..2024-08-31,2025-04-01T23:23:32.779196,0,"copied from local mirror (STJ-Moral-Damages-Jurimetrics, CKAN download of 2026-09-07/08; sha256 verified against mirror CHECKSUMS)"
2026-09-12T19:01:12+00:00,stj_integras_decisoes,textos20240814.zip,https://dadosabertos.web.stj.jus.br/dataset/a2cd85cc-1391-4ebc-aeed-a45dd75a7987/resource/39e24e8d-0b63-4dc9-be87-7eabfb0d48dd/download/textos20240814.zip,data/raw/stj_integras/texts/textos20240814.zip,7328cede4ac5f8ea8fce2e6d331b3e2126d9eadd5944e3d4e6f264ffa0ce2051,12027205,CC-BY,2022-08-01..2024-08-31,2025-04-01T23:23:46.500982,0,"copied from local mirror (STJ-Moral-Damages-Jurimetrics, CKAN download of 2026-09-07/08; sha256 verified against mirror CHECKSUMS)"
2026-09-12T19:01:12+00:00,stj_integras_decisoes,metadados20240815.json,https://dadosabertos.web.stj.jus.br/dataset/a2cd85cc-1391-4ebc-aeed-a45dd75a7987/resource/c02fd42f-66af-463d-bec5-8b5b544b1fad/download/metadados20240815.json,data/raw/stj_integras/metadata/metadados20240815.json,89f718295b1bb123b9e610985342946e4cbcc190ba2b3500a31402efd701b641,3714058,CC-BY,2022-08-01..2024-08-31,2025-04-01T23:39:11.551112,0,"copied from local mirror (STJ-Moral-Damages-Jurimetrics, CKAN download of 2026-09-07/08; sha256 verified against mirror CHECKSUMS)"
2026-09-12T19:01:12+00:00,stj_integras_decisoes,textos20240815.zip,https://dadosabertos.web.stj.jus.br/dataset/a2cd85cc-1391-4ebc-aeed-a45dd75a7987/resource/e917dd0f-935f-42a7-9ece-974467185d8b/download/textos20240815.zip,data/raw/stj_integras/texts/textos20240815.zip,849f04483f879cc10d541e6020e485f7b8d19c366e486c79c77f36ba56564f33,26522555,CC-BY,2022-08-01..2024-08-31,2025-04-01T23:39:25.035397,0,"copied from local mirror (STJ-Moral-Damages-Jurimetrics, CKAN download of 2026-09-07/08; sha256 verified against mirror CHECKSUMS)"
2026-09-12T19:01:12+00:00,stj_integras_decisoes,metadados20240816.json,https://dadosabertos.web.stj.jus.br/dataset/a2cd85cc-1391-4ebc-aeed-a45dd75a7987/resource/944f0967-6b1d-4aa4-a0ad-7fb4316daa85/download/metadados20240816.json,data/raw/stj_integras/metadata/metadados20240816.json,ff8abbb06b82579848ddf880e54e4cf1e81dc01f29faf66d4c72c45f0750b6b0,1089994,CC-BY,2022-08-01..2024-08-31,2025-04-01T23:43:19.142811,0,"copied from local mirror (STJ-Moral-Damages-Jurimetrics, CKAN download of 2026-09-07/08; sha256 verified against mirror CHECKSUMS)"
2026-09-12T19:01:12+00:00,stj_integras_decisoes,textos20240816.zip,https://dadosabertos.web.stj.jus.br/dataset/a2cd85cc-1391-4ebc-aeed-a45dd75a7987/resource/6b80eea7-2270-4629-a263-be13cdddee47/download/textos20240816.zip,data/raw/stj_integras/texts/textos20240816.zip,328178be4d5943539719c01f6870255069ec9c87f36d01665b6663333bfd4ad5,8155740,CC-BY,2022-08-01..2024-08-31,2025-04-01T23:43:32.729710,0,"copied from local mirror (STJ-Moral-Damages-Jurimetrics, CKAN download of 2026-09-07/08; sha256 verified against mirror CHECKSUMS)"
2026-09-12T19:01:12+00:00,stj_integras_decisoes,metadados20240819.json,https://dadosabertos.web.stj.jus.br/dataset/a2cd85cc-1391-4ebc-aeed-a45dd75a7987/resource/961834cd-36a4-4d30-870f-0dfa2f7d8656/download/metadados20240819.json,data/raw/stj_integras/metadata/metadados20240819.json,09bc1a9fa6b4c2189d9af0a55fc08f92259c5aead5bcb27010efaf672d678ae9,1326481,CC-BY,2022-08-01..2024-08-31,2025-04-01T23:48:06.826930,0,"copied from local mirror (STJ-Moral-Damages-Jurimetrics, CKAN download of 2026-09-07/08; sha256 verified against mirror CHECKSUMS)"
2026-09-12T19:01:12+00:00,stj_integras_decisoes,textos20240819.zip,https://dadosabertos.web.stj.jus.br/dataset/a2cd85cc-1391-4ebc-aeed-a45dd75a7987/resource/759cf84a-8213-454f-b26d-aea0b04a0ff6/download/textos20240819.zip,data/raw/stj_integras/texts/textos20240819.zip,1636ba63edab66f5a84cc487eba09d1efd20fa1b51593648daa729ab29d642d0,7888920,CC-BY,2022-08-01..2024-08-31,2025-04-01T23:48:20.420788,0,"copied from local mirror (STJ-Moral-Damages-Jurimetrics, CKAN download of 2026-09-07/08; sha256 verified against mirror CHECKSUMS)"
2026-09-12T19:01:12+00:00,stj_integras_decisoes,metadados20240820.json,https://dadosabertos.web.stj.jus.br/dataset/a2cd85cc-1391-4ebc-aeed-a45dd75a7987/resource/944017ca-fd12-491b-ade3-d6cc78e6b5c0/download/metadados20240820.json,data/raw/stj_integras/metadata/metadados20240820.json,1a350cf8ca8046fd28a1694c0e339b83f13a7f99069c460ea2ed5a0c4b081890,2043376,CC-BY,2022-08-01..2024-08-31,2025-04-01T23:54:50.644971,0,"copied from local mirror (STJ-Moral-Damages-Jurimetrics, CKAN download of 2026-09-07/08; sha256 verified against mirror CHECKSUMS)"
2026-09-12T19:01:12+00:00,stj_integras_decisoes,textos20240820.zip,https://dadosabertos.web.stj.jus.br/dataset/a2cd85cc-1391-4ebc-aeed-a45dd75a7987/resource/2646f77a-e5e6-483b-b8e9-9302943d46b3/download/textos20240820.zip,data/raw/stj_integras/texts/textos20240820.zip,988ae5b9555e8bab6b84dfd938e9ff48f945fc09b83fa45271c1337e145fa359,14351371,CC-BY,2022-08-01..2024-08-31,2025-04-01T23:55:04.318503,0,"copied from local mirror (STJ-Moral-Damages-Jurimetrics, CKAN download of 2026-09-07/08; sha256 verified against mirror CHECKSUMS)"
2026-09-12T19:01:12+00:00,stj_integras_decisoes,metadados20240821.json,https://dadosabertos.web.stj.jus.br/dataset/a2cd85cc-1391-4ebc-aeed-a45dd75a7987/resource/a7262c5a-7bad-49fb-abb6-3916dbf0068c/download/metadados20240821.json,data/raw/stj_integras/metadata/metadados20240821.json,fe20e940f3a4a57bcf7d43c7ca32f902b6ae9cbf335ef46ebcf72df18163beca,1251847,CC-BY,2022-08-01..2024-08-31,2025-04-01T23:59:05.046958,0,"copied from local mirror (STJ-Moral-Damages-Jurimetrics, CKAN download of 2026-09-07/08; sha256 verified against mirror CHECKSUMS)"
2026-09-12T19:01:12+00:00,stj_integras_decisoes,textos20240821.zip,https://dadosabertos.web.stj.jus.br/dataset/a2cd85cc-1391-4ebc-aeed-a45dd75a7987/resource/f25e8216-5afb-494a-94b6-942f3e765d2a/download/textos20240821.zip,data/raw/stj_integras/texts/textos20240821.zip,a3663257c846b85ba751914eecffa5c8499c4bc2a15d17b97641bfce0d2b3e11,8890923,CC-BY,2022-08-01..2024-08-31,2025-04-01T23:59:20.739918,0,"copied from local mirror (STJ-Moral-Damages-Jurimetrics, CKAN download of 2026-09-07/08; sha256 verified against mirror CHECKSUMS)"
2026-09-12T19:01:12+00:00,stj_integras_decisoes,metadados20240822.json,https://dadosabertos.web.stj.jus.br/dataset/a2cd85cc-1391-4ebc-aeed-a45dd75a7987/resource/99f32ebb-ccb1-4421-bb4e-4f76129309a4/download/metadados20240822.json,data/raw/stj_integras/metadata/metadados20240822.json,c1ddc65c12f018c8122e2ccfbeeeb707a67451224ac55922a0c3aeda975886b6,3850795,CC-BY,2022-08-01..2024-08-31,2025-04-02T00:12:09.228401,0,"copied from local mirror (STJ-Moral-Damages-Jurimetrics, CKAN download of 2026-09-07/08; sha256 verified against mirror CHECKSUMS)"
2026-09-12T19:01:12+00:00,stj_integras_decisoes,textos20240822.zip,https://dadosabertos.web.stj.jus.br/dataset/a2cd85cc-1391-4ebc-aeed-a45dd75a7987/resource/e72941fd-3d33-4ddc-85b4-68713f9a5ea5/download/textos20240822.zip,data/raw/stj_integras/texts/textos20240822.zip,604c841b11c6be65b6aad244c2673cbb008a019df325865e9a75b5aca548eaa5,30105226,CC-BY,2022-08-01..2024-08-31,2025-04-02T00:12:23.524718,0,"copied from local mirror (STJ-Moral-Damages-Jurimetrics, CKAN download of 2026-09-07/08; sha256 verified against mirror CHECKSUMS)"
2026-09-12T19:01:12+00:00,stj_integras_decisoes,metadados20240823.json,https://dadosabertos.web.stj.jus.br/dataset/a2cd85cc-1391-4ebc-aeed-a45dd75a7987/resource/a37deb44-296f-4fa4-b56e-7b4e9e734c68/download/metadados20240823.json,data/raw/stj_integras/metadata/metadados20240823.json,0800a42db324f03b8936ea9479d582ffc194681750ac49bfb7780938f53fef1d,1932177,CC-BY,2022-08-01..2024-08-31,2025-04-02T00:18:35.913971,0,"copied from local mirror (STJ-Moral-Damages-Jurimetrics, CKAN download of 2026-09-07/08; sha256 verified against mirror CHECKSUMS)"
2026-09-12T19:01:12+00:00,stj_integras_decisoes,textos20240823.zip,https://dadosabertos.web.stj.jus.br/dataset/a2cd85cc-1391-4ebc-aeed-a45dd75a7987/resource/618ff792-cfaa-4098-b511-7f46631e5f4e/download/textos20240823.zip,data/raw/stj_integras/texts/textos20240823.zip,65696b5cf6925cdbfa55c2cb39b74deb6de26c229018d91671497a33d6f1a159,14372344,CC-BY,2022-08-01..2024-08-31,2025-04-02T00:18:49.710558,0,"copied from local mirror (STJ-Moral-Damages-Jurimetrics, CKAN download of 2026-09-07/08; sha256 verified against mirror CHECKSUMS)"
2026-09-12T19:01:12+00:00,stj_integras_decisoes,metadados20240826.json,https://dadosabertos.web.stj.jus.br/dataset/a2cd85cc-1391-4ebc-aeed-a45dd75a7987/resource/e0e372c0-6c48-4fef-aea9-57125a941235/download/metadados20240826.json,data/raw/stj_integras/metadata/metadados20240826.json,ea476dd1695d29f058542ba14067427668c1ccd96a3731a37f2d76521d6c5ae2,652839,CC-BY,2022-08-01..2024-08-31,2025-04-02T00:21:10.791998,0,"copied from local mirror (STJ-Moral-Damages-Jurimetrics, CKAN download of 2026-09-07/08; sha256 verified against mirror CHECKSUMS)"
2026-09-12T19:01:12+00:00,stj_integras_decisoes,textos20240826.zip,https://dadosabertos.web.stj.jus.br/dataset/a2cd85cc-1391-4ebc-aeed-a45dd75a7987/resource/2be4e4e3-1a7c-415c-bcad-7304afa012a9/download/textos20240826.zip,data/raw/stj_integras/texts/textos20240826.zip,08e59a65a715d0483f2f1e94db09e98c6fa78601bbbca063b18fb8ee5d662aa9,5220146,CC-BY,2022-08-01..2024-08-31,2025-04-02T00:21:24.255586,0,"copied from local mirror (STJ-Moral-Damages-Jurimetrics, CKAN download of 2026-09-07/08; sha256 verified against mirror CHECKSUMS)"
2026-09-12T19:01:12+00:00,stj_integras_decisoes,metadados20240827.json,https://dadosabertos.web.stj.jus.br/dataset/a2cd85cc-1391-4ebc-aeed-a45dd75a7987/resource/11cb44ba-841e-47ac-beef-ab322dc856df/download/metadados20240827.json,data/raw/stj_integras/metadata/metadados20240827.json,d33347e5387ae0206b2249e18863c957dc0a2f8548cf47ba809780bbf0045465,1616093,CC-BY,2022-08-01..2024-08-31,2025-04-02T00:26:59.056430,0,"copied from local mirror (STJ-Moral-Damages-Jurimetrics, CKAN download of 2026-09-07/08; sha256 verified against mirror CHECKSUMS)"
2026-09-12T19:01:12+00:00,stj_integras_decisoes,textos20240827.zip,https://dadosabertos.web.stj.jus.br/dataset/a2cd85cc-1391-4ebc-aeed-a45dd75a7987/resource/447cb7db-c266-4f12-bd3b-0baa3c855198/download/textos20240827.zip,data/raw/stj_integras/texts/textos20240827.zip,8220d120089afd0cbe20a6d7c4c90e1b82ee3d006abb449a92889499f6659b06,12082878,CC-BY,2022-08-01..2024-08-31,2025-04-02T00:27:13.209813,0,"copied from local mirror (STJ-Moral-Damages-Jurimetrics, CKAN download of 2026-09-07/08; sha256 verified against mirror CHECKSUMS)"
2026-09-12T19:01:12+00:00,stj_integras_decisoes,metadados20240828.json,https://dadosabertos.web.stj.jus.br/dataset/a2cd85cc-1391-4ebc-aeed-a45dd75a7987/resource/c04202f5-4708-4482-bb0b-0f02a0c3cfe2/download/metadados20240828.json,data/raw/stj_integras/metadata/metadados20240828.json,b6b2900dafdb1ca18d8fd65d890504eb85cf69d5008bd6108a2192bc898bfcef,1476285,CC-BY,2022-08-01..2024-08-31,2025-04-02T00:32:26.653840,0,"copied from local mirror (STJ-Moral-Damages-Jurimetrics, CKAN download of 2026-09-07/08; sha256 verified against mirror CHECKSUMS)"
2026-09-12T19:01:12+00:00,stj_integras_decisoes,textos20240828.zip,https://dadosabertos.web.stj.jus.br/dataset/a2cd85cc-1391-4ebc-aeed-a45dd75a7987/resource/fdd4c88d-46f5-4daa-92a5-18f43e73dc57/download/textos20240828.zip,data/raw/stj_integras/texts/textos20240828.zip,5f7c0466d0ce3d8730b5eae445aca1a7cbec88bafa30b58889decf84b5cc77fe,11039945,CC-BY,2022-08-01..2024-08-31,2025-04-02T00:32:40.572897,0,"copied from local mirror (STJ-Moral-Damages-Jurimetrics, CKAN download of 2026-09-07/08; sha256 verified against mirror CHECKSUMS)"
2026-09-12T19:01:12+00:00,stj_integras_decisoes,metadados20240829.json,https://dadosabertos.web.stj.jus.br/dataset/a2cd85cc-1391-4ebc-aeed-a45dd75a7987/resource/00f9b7ff-4a33-4646-8006-d6f05387dd05/download/metadados20240829.json,data/raw/stj_integras/metadata/metadados20240829.json,d721b5f5ade66b98b228d179fdc944be5cb541296572570961198bbe86436e11,1432875,CC-BY,2022-08-01..2024-08-31,2025-04-02T00:37:40.088890,0,"copied from local mirror (STJ-Moral-Damages-Jurimetrics, CKAN download of 2026-09-07/08; sha256 verified against mirror CHECKSUMS)"
2026-09-12T19:01:12+00:00,stj_integras_decisoes,textos20240829.zip,https://dadosabertos.web.stj.jus.br/dataset/a2cd85cc-1391-4ebc-aeed-a45dd75a7987/resource/ac794f08-ce0f-4fcb-9d02-f92c39b86da4/download/textos20240829.zip,data/raw/stj_integras/texts/textos20240829.zip,ad87d2942db6da917c9fb50ed0bc8c5ba68bd654dbd521572c76fd2a3bce8629,10920615,CC-BY,2022-08-01..2024-08-31,2025-04-02T00:37:53.495636,0,"copied from local mirror (STJ-Moral-Damages-Jurimetrics, CKAN download of 2026-09-07/08; sha256 verified against mirror CHECKSUMS)"
2026-09-12T19:01:12+00:00,stj_integras_decisoes,metadados20240830.json,https://dadosabertos.web.stj.jus.br/dataset/a2cd85cc-1391-4ebc-aeed-a45dd75a7987/resource/5c1cb19b-6c0a-4b36-9c2d-bb6ae22222bf/download/metadados20240830.json,data/raw/stj_integras/metadata/metadados20240830.json,9c51e5c6a14fb5cfc3091fd66181acd3483f6eff1d2bd662a4090c608b6f4d67,2947419,CC-BY,2022-08-01..2024-08-31,2025-04-02T00:49:51.587820,0,"copied from local mirror (STJ-Moral-Damages-Jurimetrics, CKAN download of 2026-09-07/08; sha256 verified against mirror CHECKSUMS)"
2026-09-12T19:01:12+00:00,stj_integras_decisoes,textos20240830.zip,https://dadosabertos.web.stj.jus.br/dataset/a2cd85cc-1391-4ebc-aeed-a45dd75a7987/resource/df97fea0-15d3-4cf0-8907-063aacc23679/download/textos20240830.zip,data/raw/stj_integras/texts/textos20240830.zip,0c05ac9971c79e904a40c91941030529ca67176cf04a59735e436cd26832d32c,16391101,CC-BY,2022-08-01..2024-08-31,2025-04-02T00:50:05.799933,0,"copied from local mirror (STJ-Moral-Damages-Jurimetrics, CKAN download of 2026-09-07/08; sha256 verified against mirror CHECKSUMS)"
